63.0,[0.01165669042772303,0.0031088613165290244,0.019025492292712443,8.847678145684768e-6,0.0,2.287376136835379e-5,0.5606881984345162,5.956708689675466e-6,-1.0480806100781426]
64.0,[0.01165674727114189,0.0031102824020005446,0.019026913378183963,8.856204658513889e-6,0.0,2.2873761368368565e-5,0.5606881984345164,5.956708689679313e-6,-1.0480806100781426]
65.0,[0.002026411038968945,-2.0795520564812855,-6.087157089496031,0.0012230543688929174,0.0,2.3444865993403797e-6,0.34558101266822316,6.105433852448906e-7,-1.5612575642367388]
66.0,[0.011854022356298325,-0.0004950114392462031,0.0033381297726009507,-2.5539748094161038e-5,0.0,1.4234812413707706e-5,0.5653426101080117,3.706982399403049e-6,-1.0369734283181773]
67.0,[0.010553264928603312,-0.05587139639828819,-0.054710369568056194,0.0003339238219268736,0.0,1.5035812252146842e-6,0.5139370681092408,3.915576107329907e-7,-1.1596078173612485]
68.0,[0.011934162102988921,-0.0038691420437923316,-0.006991740519879386,-7.477751751139294e-5,0.0,5.387316736384912e-6,0.5731572839249973,1.4029470667669043e-6,-1.0183266895349121]
69.0,[0.011704401003953535,0.0027317999714189982,0.01610374056326691,1.857074494182598e-5,0.0,1.0956478242441375e-6,0.5599026696612635,2.8532495423024414e-7,-1.0499468793966376]
70.0,[0.011975506216307014,-0.006120141430680329,-0.013307044355315156,-9.927703104040118e-5,0.0,2.139141389224214e-6,0.5768922636789622,5.570680701104723e-7,-1.0094149349164003]
71.0,[0.0119247639910706,-0.003463185294094728,-0.005850608886248665,-7.518679012719076e-5,0.0,8.63018763137804e-7,0.5734775825651464,2.2474446956713647e-7,-1.0175609326727089]
72.0,[0.011992653980996693,-0.007186429229477652,-0.01623732259758981,-0.00010954011031572007,0.0,1.137446891565967e-6,0.5784315373244171,2.962101280119705e-7,-1.00574231004278]
73.0,[0.011980432645941619,-0.006440359356929547,-0.014226486655388726,-0.00010342091627535409,0.0,7.61237740929442e-7,0.5775660854085951,1.9823899503370883e-7,-1.0078068966815452]
74.0,[0.011999295187100262,-0.007609912699990672,-0.01738698074404965,-0.00011347651707183103,0.0,8.316783249028936e-7,0.5790201617661869,2.1658289711012852e-7,-1.00433791110007]
75.0,[0.011996263538094354,-0.007422803112907179,-0.01688675865807454,-0.00011198153515579178,0.0,7.211159154098973e-7,0.5788067381309343,1.8779060297132744e-7,-1.0048470394290268]
76.0,[0.012001682610692416,-0.007772390138901148,-0.01781188530003419,-0.000114951603791269,0.0,7.387403050116322e-7,0.5792352933422088,1.923802877634459e-7,-1.0038246354336964]
77.0,[0.012000981541859801,-0.007724546928026634,-0.017692514120426495,-0.00011458212156867374,0.0,7.061854411892878e-7,0.5791848363339311,1.8390245864304372e-7,-1.003944999812422]
78.0,[0.012002630001006764,-0.007827812472290436,-0.017961099274543812,-0.00011544898370630106,0.0,7.104450264990684e-7,0.5793115783972779,1.8501172565079905e-7,-1.0036426309825748]
79.0,[0.012002449996847037,-0.00781881226430414,-0.017925572137755807,-0.0001153949824583833,0.0,7.008218748218327e-7,0.579300443966008,1.8250569656818561e-7,-1.0036691911174793]
80.0,[0.01200286684858535,-0.00785197092530628,-0.018027890291705262,-0.00011564793567231389,0.0,7.017959864219253e-7,0.5793380498760157,1.8275937146404305e-7,-1.0035794745086435]
81.0,[0.012002857374682208,-0.007849128754363239,-0.01802078486434766,-0.00011563940915948477,0.0,6.989435914877158e-7,0.5793358951798218,1.8201656028325933e-7,-1.0035846139794224]
82.0,[0.012002961587616785,-0.007858602657506706,-0.018034995719062863,-0.00011570762126211774,0.0,6.991458497685293e-7,0.5793470897288512,1.820692317105545e-7,-1.0035579070561158]
83.0,[0.01200302790493879,-0.007854339401092146,-0.018034995719062863,-0.00011567919955268734,0.0,6.98297841747709e-7,0.5793467956785743,1.818483962884659e-7,-1.003558608273202]
84.0,[0.01200308474835765,-0.007855286791406494,-0.018034995719062863,-0.00011569341040740254,0.0,6.98331807490801e-7,0.5793501390119848,1.8185724153406276e-7,-1.0035506320470529]
85.0,[0.012003008957132503,-0.007856707876878014,-0.018034995719062863,-0.00011572183211683294,0.0,6.98078898593265e-7,0.5793501558537835,1.8179137984199608e-7,-1.0035505917770087]
86.0,[0.01200299948322936,-0.00785907635266388,-0.018047785488306545,-0.0001157474116553203,0.0,6.980811350071208e-7,0.5793511576519212,1.8179196224143773e-7,-1.0035482017736788]
87.0,[0.01200305632664822,-0.007858128962349534,-0.018039258975477424,-0.0001157332008006051,0.0,6.980054622753772e-7,0.5793511941298541,1.817722558008795e-7,-1.003548114720727]
88.0,[0.01200305632664822,-0.00785907635266388,-0.018039258975477424,-0.00011572183211683294,0.0,6.980037575775345e-7,0.5793514952957253,1.817718118691496e-7,-1.0035473962243975]
89.0,[0.01200308474835765,-0.007858602657506706,-0.018049206573778065,-0.00011573035862966206,0.0,6.979810412994327e-7,0.5793515156701683,1.8176589617172728e-7,-1.0035473476086847]
90.0,[0.011888820002544282,-0.001875359127249491,-0.0011098677532572765,-5.8383875511935905e-5,0.0,6.979651660384571e-7,0.5710579980076248,1.8176176198918153e-7,-1.0233333111693688]
91.0,[0.012000943646247226,-0.007713178244254473,-0.017639933957980247,-0.00011387157883291364,0.0,1.3211493122645442e-6,0.5790465513609488,3.440493000688917e-7,-1.004275127877919]
92.0,[0.012071675807116359,-0.01298730012422311,-0.03128661774098873,-0.00015645866824343102,0.0,7.122887341629557e-7,0.5852352449275764,1.8549185785493641e-7,-0.9895104557759015]
93.0,[0.012003567917417968,-0.007901235221652312,-0.01816573558244272,-0.00011654606169031466,0.0,2.521709117261855e-7,0.5794902214448419,6.566950826202748e-8,-1.0032162760426317]
94.0,[0.012024685247524758,-0.009338900023673583,-0.021957191620458616,-0.000127965904539451,0.0,6.93682331911131e-7,0.5811204249541293,1.8064644060185703e-7,-0.9993272339245529]
95.0,[0.012003918451834275,-0.007917814552153382,-0.018196999462816166,-0.00011635279406618791,0.0,5.644463617228126e-7,0.5794486752319845,1.4699124003198247e-7,-1.003315504963109]
96.0,[0.012103223904584107,-0.015838944970406978,-0.03835936013274477,-0.0001776129465724807,0.0,6.925115364193773e-7,0.5882938925459086,1.803415459425462e-7,-0.9822133893945956]
97.0,[0.01209973750822731,-0.015535780069816001,-0.03763886979868403,-0.00017611228031455536,0.0,2.0014242011701036e-8,0.5881131158566346,5.212042190547145e-9,-0.9826444307471155]
98.0,[0.012037588703606161,-0.01029150098474929,-0.024442670110147446,-0.0001362877810606733,0.0,4.3132986631969166e-8,0.582356614253845,1.1232548602075304e-8,-0.9963778071133222]
99.0,[0.012035466549302024,-0.010122391813638386,-0.023993607101147063,-0.0001345227929050452,0.0,4.799630196382925e-7,0.5820754151803996,1.2499036969747202e-7,-0.9970488237706964]
100.0,[0.01201474712312726,-0.008642568142628685,-0.020123991362197557,-0.00012247483027749695,0.0,4.951964573340565e-7,0.5803378032302515,1.289574107640772e-7,-1.0011942748637066]
101.0,[0.0120133828810746,-0.008553039757922912,-0.019888091173925204,-0.00012159375728515441,0.0,6.263377924114938e-7,0.5801988671894376,1.6310880010715986e-7,-1.0015257833972677]
102.0,[0.012006902731324468,-0.00811392434722317,-0.01873559085652232,-0.0001179273567686323,0.0,6.350030024170665e-7,0.5796736548353453,1.6536536521277772e-7,-1.0027787931081769]
103.0,[0.01210044805096307,-0.015576991548490087,-0.03771560841414612,-0.00017571153421158667,0.0,6.745388013176958e-7,0.5880215594138041,1.7566114617648329e-7,-0.9828630920194962]
104.0,[0.01210044805096307,-0.015592149793519637,-0.037772451833006926,-0.00017651871075941014,0.0,4.0985255223602e-8,0.5881726911588376,1.0673243547813022e-8,-0.9825023085872211]
105.0,[0.012036717104516962,-0.010218551930544587,-0.02425082357149222,-0.00013571366253017914,0.0,3.8309840334134896e-8,0.582276580568931,9.976520920347629e-9,-0.9965687428962079]
106.0,[0.012124066491499736,-0.017931256479641885,-0.04345679371908773,-0.00019296919617772798,0.0,4.860928124879933e-7,0.5905253822673742,1.2658666991874827e-7,-0.9768896187666973]
107.0,[0.01210852929034445,-0.016381325925370522,-0.03969660156144528,-0.00018245884803036458,0.0,-0.0,0.5890418979866516,0.0,-0.9804286148032739]
108.0,[0.012131626666208224,-0.01877348646909619,-0.0455159465673205,-0.0001995346110561513,0.0,-0.0,0.5915022616122023,0.0,-0.9745588901537461]
109.0,[0.012127912896175985,-0.018370371890341627,-0.04452544999367092,-0.00019687149688252245,0.0,-0.0,0.5911290868790708,0.0,-0.9754491784456454]
110.0,[0.012134506732763839,-0.019091809614716716,-0.046273385123640765,-0.00020198740457999517,0.0,-0.0,0.5918662050167244,0.0,-0.9736906251743861]
111.0,[0.012133568816352636,-0.018996596888124863,-0.04604316927725449,-0.00020137349565629845,0.0,-0.0,0.5917760412188419,0.0,-0.9739057302350488]
112.0,[0.012135539388206476,-0.019212601879795933,-0.046567549816245446,-0.0002028826884270529,0.0,-0.0,0.5919976643045071,0.0,-0.9733770008735332]
113.0,[0.012135378331853037,-0.01918560125583705,-0.046495074457197916,-0.00020272921119612872,0.0,-0.0,0.5919772630412732,0.0,-0.9734256724586771]
114.0,[0.012051041646069885,-0.011328419683801862,-0.02709583668547566,-0.0001447375552743324,0.0,-0.0,0.5835937512652424,0.0,-0.9934263362672074]
115.0,[0.012134667789117277,-0.019070967027801086,-0.046210857362893876,-0.0002012086497416021,0.0,3.903069234073656e-7,0.5917250346364019,1.0164242797066813e-7,-0.974027556762771]
116.0,[0.012112489381858419,-0.01678254572349639,-0.04069846681886702,-0.00018546302271715828,0.0,-0.0,0.58947994802428,0.0,-0.9793835525706462]
117.0,[0.012049667930114083,-0.011218996102494806,-0.026835778044187464,-0.00014369163636729354,0.0,-0.0,0.5834326725494361,0.0,-0.9938106240606311]
118.0,[0.012040468770161775,-0.010498505768434066,-0.02496278739272384,-0.00013755254713032627,0.0,3.998805287813216e-7,0.582520451509408,1.0413555437013583e-7,-0.9959870656420299]
119.0,[0.012018745110253803,-0.00892204828536099,-0.020865797978331102,-0.00012477983091230271,0.0,4.626277052215562e-7,0.5806746122596471,1.2047596490144693e-7,-1.0003907331190225]
120.0,[0.012107572426126959,-0.01626148105060565,-0.039405279039783636,-0.0001807791250030277,0.0,6.013548821841548e-7,0.5887574757730248,1.5660283390212365e-7,-0.9811073797110988]
121.0,[0.012103564965097272,-0.015891525132853225,-0.03850431085083983,-0.0001787526571206399,0.0,-0.0,0.5884996245874281,0.0,-0.9817223241985645]
122.0,[0.012039275058365698,-0.010418451286871761,-0.02474962457199581,-0.00013732517345488304,0.0,1.419665737530915e-8,0.5825082700540449,3.697046191486758e-9,-0.9960159893698708]
123.0,[0.012036840265257826,-0.010227078443373708,-0.024267876597150462,-0.00013533565379475476,0.0,4.688886056558137e-7,0.5821964259953851,1.2210640772286815e-7,-0.9967601225855119]
124.0,[0.012015249239993864,-0.008684727011617117,-0.020229151687090052,-0.00012282441730349092,0.0,4.861900930157011e-7,0.5803870938032676,1.266120033895055e-7,-1.0010766784229523]
125.0,[0.012013809206716056,-0.008580514077038968,-0.019970514131273376,-0.00012183818398625589,0.0,6.227414221070392e-7,0.5802367042063883,1.6217224534037484e-7,-1.0014355138009812]
126.0,[0.012007063787677907,-0.008128135201938372,-0.018766854736895766,-0.00011806946531578431,0.0,6.321976954518836e-7,0.5796896125748177,1.6463481652392803e-7,-1.0027407214992545]
127.0,[0.012006429036167294,-0.008082186771692552,-0.01864179921540199,-0.00011762892881961305,0.0,6.733781276247325e-7,0.5796273781988678,1.753588874022741e-7,-1.0028892096463182]
128.0,[0.01200439214699145,-0.007945762566426613,-0.018279422420164337,-0.00011649206044239689,0.0,6.775004730495493e-7,0.5794615318862366,1.764324148566535e-7,-1.0032848730358614]
129.0,[0.012004060560381427,-0.007932025406868584,-0.01823536877054721,-0.00011633574104052967,0.0,6.899532126224893e-7,0.579437684816567,1.7967531578710661e-7,-1.0033417697780518]
130.0,[0.012003501600095962,-0.007885129586308418,-0.018111734334524954,-0.00011598046967264962,0.0,6.915822111786938e-7,0.5793872643884215,1.800995341611182e-7,-1.003462059095556]
131.0,[0.012003397387161385,-0.007883708500836898,-0.01809752347980975,-0.00011591794191190273,0.0,6.95368548443479e-7,0.5793785411510504,1.8108555949048933e-7,-1.003482871599833]
132.0,[0.012003226856904803,-0.007866181780021481,-0.018059154172078706,-0.00011582130809983936,0.0,6.959749143064373e-7,0.5793631668759647,1.8124346726730137e-7,-1.0035195504440964]
133.0,[0.012003151065679655,-0.007865708084864307,-0.018070522855850868,-0.00011580141290323807,0.0,6.971275577778259e-7,0.5793600718990815,1.8154363483797551e-7,-1.003526934586319]
134.0,[0.012003132117873367,-0.007863813304235615,-0.018049206573778065,-0.00011578435987757983,0.0,6.973452902038088e-7,0.5793553704038741,1.816003359905752e-7,-1.0035381510883614]
135.0,[0.012003113170067081,-0.007858128962349534,-0.018047785488306545,-0.00011575309599720639,0.0,6.976972894167418e-7,0.5793542959779105,1.8169200245227652e-7,-1.0035407144874458]
136.0,[0.012003132117873367,-0.007855286791406494,-0.018037837890005903,-0.00011573035862966206,0.0,6.977735381776115e-7,0.5793528542424637,1.8171185890041968e-7,-1.0035441540835288]
137.0,[0.012003103696163937,-0.007860971133292574,-0.018052048744721105,-0.00011575025382626335,0.0,6.978813456109376e-7,0.5793524872306015,1.8173993375284832e-7,-1.0035450297074744]
138.0,[0.012003075274454506,-0.00786191852360692,-0.018050627659249585,-0.0001157474116553203,0.0,6.979075632223465e-7,0.5793520439389511,1.817467612558194e-7,-1.0035460872840605]
139.0,[0.01200302790493879,-0.0078604974381354,-0.018054890915664146,-0.0001157474116553203,0.0,6.979406720975003e-7,0.5793519201155126,1.8175538335872405e-7,-1.0035463827032314]
140.0,[0.011888876845963143,-0.0018734643466207972,-0.0011041834113711957,-5.8372506828163744e-5,0.0,6.979355068414678e-7,0.5710581726276147,1.8175403823996555e-7,-1.0233328945653715]
141.0,[0.011886176783567255,-0.0017621459846850482,-0.0007474909580196254,-5.651088486047228e-5,0.0,1.3210983603419484e-6,0.5707564367259919,3.440360313390491e-7,-1.0240529727745482]
142.0,[0.011968675532140574,-0.005752080293556597,-0.012323653209023178,-9.668497114034834e-5,0.0,1.3350101648087783e-6,0.5765592148617331,3.476588970856194e-7,-1.0102092070477815]
143.0,[0.011969300809748043,-0.0057904496012876425,-0.012438761132216314,-9.7435304269311e-5,0.0,8.994756894292531e-7,0.5766954254810697,2.3423846078886803e-7,-1.0098840918793373]
144.0,[0.011991905542648357,-0.007148059921746607,-0.016133583358168835,-0.00010946052952931494,0.0,8.953093202791247e-7,0.5784326820484138,2.3315346882268874e-7,-1.0057394925806844]
145.0,[0.011992805563446987,-0.007204903340607415,-0.016284218418149976,-0.00011007443845301167,0.0,7.64532337842984e-7,0.5785278504520915,1.9909696297994374e-7,-1.0055124012544165]
146.0,[0.011999456243453702,-0.0076198602982913135,-0.017409718111593975,-0.00011366410035407169,0.0,7.591803976764605e-7,0.579050663236243,1.9770322856157828e-7,-1.004265117415105]
147.0,[0.011999882569095158,-0.007656808520550839,-0.01751629952195799,-0.00011397673915780614,0.0,7.19826315947296e-7,0.579095549040078,1.8745476977794168e-7,-1.0041580186566412]
148.0,[0.012001891036561574,-0.007784706212987657,-0.017850254607765237,-0.00011506244845804757,0.0,7.169892462930428e-7,0.5792534883167726,1.867159495554799e-7,-1.0037812196547162]
149.0,[0.012002080514624442,-0.007796074896759818,-0.01787441306078108,-0.00011520171483425655,0.0,7.051151247634374e-7,0.5792718844851106,1.8362373040714518e-7,-1.0037373274123524]
150.0,[0.012002734213941341,-0.007831602033547823,-0.017972467958315974,-0.00011548877409950363,0.0,7.038918295063485e-7,0.5793197575866647,1.8330516393394493e-7,-1.003623115433182]
151.0,[0.012002762635650772,-0.007839654851219771,-0.017988099898502696,-0.0001155711970568518,0.0,7.002952908465897e-7,0.5793267684426495,1.8236856532463273e-7,-1.0036063882494255]
152.0,[0.012002904744197924,-0.007852444620463453,-0.01802646920623374,-0.00011566783086891518,0.0,6.998159345296495e-7,0.5793413251881356,1.8224373295042958e-7,-1.0035716598425672]
153.0,[0.012002904744197924,-0.0078533920107778,-0.01802646920623374,-0.00011568488389457342,0.0,6.98723562952984e-7,0.5793438815054015,1.8195926118567292e-7,-1.0035655608098146]
154.0,[0.01200302790493879,-0.007859550047821054,-0.018030732462648302,-0.00011571046343306078,0.0,6.985457060907531e-7,0.5793483211724002,1.8191294429446699e-7,-1.003554968969312]
155.0,[0.012003018431035645,-0.00785907635266388,-0.018036416804534383,-0.00011572467428777598,0.0,6.982129542863091e-7,0.5793492260449052,1.8182629017872633e-7,-1.00355281008321]
156.0,[0.012003065800551363,-0.0078604974381354,-0.018050627659249585,-0.00011574456948437727,0.0,6.9814924565073e-7,0.5793505840382026,1.8180969938821098e-7,-1.0035495702764474]
157.0,[0.012003018431035645,-0.0078604974381354,-0.018040680060948944,-0.00011575025382626335,0.0,6.980475907215635e-7,0.5793508976421503,1.817832267504072e-7,-1.0035488220707238]
158.0,[0.012003075274454506,-0.007860023742978227,-0.018047785488306545,-0.0001157474116553203,0.0,6.980253210830055e-7,0.5793513141777562,1.81777427365366e-7,-1.003547828327825]
159.0,[0.011888791580834852,-0.0018748854320923174,-0.0011084466677857563,-5.8389559853821986e-5,0.0,6.97979980180196e-7,0.571057815340775,1.8176561983859272e-7,-1.0233337469655723]
160.0,[0.012001009963569231,-0.007710336073311433,-0.017639933957980247,-0.00011385168363631236,0.0,1.3211625278943396e-6,0.5790464853195474,3.4405274163915095e-7,-1.004275285438554]
161.0,[0.012071675807116359,-0.012988247514537456,-0.03128377557004569,-0.0001564501417306019,0.0,7.122931239444008e-7,0.5852351875786751,1.8549300102718773e-7,-0.9895105925955622]
162.0,[0.012003558443514823,-0.007899814136180792,-0.01816005124055664,-0.00011652332432277034,0.0,2.52175121411692e-7,0.5794901998249746,6.567060453429479e-8,-1.003216327622961]
163.0,[0.011914456384450507,-0.002983805795035247,-0.004447997525858227,-7.043752248137025e-5,0.0,6.936868322006454e-7,0.5728022719024898,1.806476125522514e-7,-1.0191719704922144]
164.0,[0.011887190491203606,-0.0018057259391450011,-0.0008967049325292464,-5.713047812605509e-5,0.0,1.1907086800379687e-6,0.5708512714466064,3.100803854265543e-7,-1.0238266776590534]
165.0,[0.012075673794242903,-0.0133079917456295,-0.032079583434097,-0.0001582435515956604,0.0,1.3297489072811874e-6,0.5854581903442908,3.4628877793780923e-7,-0.9889787922318017]
166.0,[0.012072414771561549,-0.013068775691256935,-0.03150120164718828,-0.00015756995708215982,0.0,2.265888087610076e-7,0.5854210029176758,5.9007502281512394e-8,-0.9890671168209768]
167.0,[0.011917488033456417,-0.003119756305144013,-0.004843059286940843,-7.230767096189084e-5,0.0,2.448316460343877e-7,0.5730977835813307,6.375824115478846e-8,-1.018466803752985]
168.0,[0.011913186881429283,-0.002917488473030971,-0.004247624474373879,-6.929496976226801e-5,0.0,1.1747569166611238e-6,0.5726138645503135,3.05926280380501e-7,-1.0196216284145794]
169.0,[0.011977211518872839,-0.006241881086073892,-0.013676526577910408,-0.00010121823379449778,0.0,1.1981790986896688e-6,0.5772257098682402,3.120258069504346e-7,-1.0086190915211624]
170.0,[0.01197677571932824,-0.006226722841044344,-0.013642420526593924,-0.00010140013273485236,0.0,8.512348282363041e-7,0.5772704659973129,2.216757365198709e-7,-1.0085121922759923]
171.0,[0.011994567709431673,-0.007317169092857511,-0.01659117287999834,-0.00011094414276158203,0.0,8.527027608507377e-7,0.578650054581819,2.2205801063821293e-7,-1.0052208886057894]
172.0,[0.011995041404588846,-0.007346538192602262,-0.01666791149546043,-0.00011129088761663296,0.0,7.487388307625707e-7,0.5787066834195321,1.9498407051108614e-7,-1.0050857512486986]
173.0,[0.012000289946930327,-0.007677651107466469,-0.017556089915160555,-0.00011416716461098984,0.0,7.459111984614245e-7,0.5791213440723822,1.9424770793266263e-7,-1.0040964883956016]
174.0,[0.012000536268412057,-0.007698493694382098,-0.017621459846850485,-0.00011436895874794571,0.0,7.146813020046573e-7,0.5791513051251471,1.861149223970462e-7,-1.0040249987304712]
175.0,[0.012002232097074739,-0.007802706628960245,-0.017890045000967802,-0.00011522161003085783,0.0,7.128561203085145e-7,0.5792764029442252,1.8563961466367566e-7,-1.0037265504245347]
176.0,[0.012002298414396742,-0.0078107594466321935,-0.017922729966812767,-0.00011530687515914904,0.0,7.034432528481868e-7,0.5792892993925791,1.8318834709588199e-7,-1.0036957798217232]
177.0,[0.01200281000516649,-0.007838707460905424,-0.017988099898502696,-0.00011556835488590876,0.0,7.026006628947455e-7,0.579327166105412,1.8296892262883997e-7,-1.0036054403630397]
178.0,[0.012002819479069633,-0.007842023327005638,-0.017999468582274858,-0.00011560246093722525,0.0,6.99753946117732e-7,0.5793322161667316,1.8222759013482605e-7,-1.003593391342921]
179.0,[0.012003046852745076,-0.007850549839834759,-0.01802504812076222,-0.00011568772606551646,0.0,6.994121896557896e-7,0.5793437148047678,1.8213859105619522e-7,-1.0035659587558363]
180.0,[0.012002914218101068,-0.007858128962349534,-0.018027890291705262,-0.0001157189899458899,0.0,6.985487731716604e-7,0.5793455879692484,1.819137430134532e-7,-1.003561489612212]
181.0,[0.011888801054737996,-0.001874411736935144,-0.0011098677532572765,-5.836682248627766e-5,0.0,6.984043913441222e-7,0.5710555166495158,1.818761435791985e-7,-1.0233392311377236]
182.0,[0.01200092469844094,-0.0077127045490973,-0.017642776128923288,-0.0001138687366619706,0.0,1.3213286424385097e-6,0.5790446991184077,3.4409600063502855e-7,-1.0042795468634567]
183.0,[0.012071808441760368,-0.012983510562965723,-0.03127667014268809,-0.00015645582607248798,0.0,7.124257767812553e-7,0.5852344368050902,1.8552754603678522e-7,-0.9895123837742053]
184.0,[0.012003586865224253,-0.007894603489451885,-0.01815578798414208,-0.00011651763998088426,0.0,2.522302720920725e-7,0.579489641224955,6.568496669064388e-8,-1.0032176603027045]
185.0,[0.012024742090943619,-0.009337005243044889,-0.021954349449515576,-0.00012797158888133708,0.0,6.937254572558312e-7,0.5811201640804273,1.8065767116037272e-7,-0.9993278563100726]
186.0,[0.01188979581456806,-0.0019194127768666172,-0.0012448708730516955,-5.899778443563263e-5,0.0,5.64463332639862e-7,0.5711537219238758,1.4699565954163073e-7,-1.023104893575658]
187.0,[0.01200756590454451,-0.00814613561791096,-0.01879811861726921,-0.00011754650586226488,0.0,1.3158124242558081e-6,0.5795792481213067,3.4265948548328334e-7,-1.0030042637007481]
188.0,[0.012072168450079818,-0.013021879870696768,-0.03137046178380842,-0.0001567457275086781,0.0,6.721752254965367e-7,0.5852809868899794,1.750456316397231e-7,-0.989401314196487]
189.0,[0.012005529015368666,-0.00803718573176108,-0.018526691292208852,-0.00011766587704187258,0.0,2.4925883209569635e-7,0.579651235050496,6.49111541915876e-8,-1.0028321425433997]
190.0,[0.012024922095103344,-0.009352637183231611,-0.02198987658630358,-0.0001280994865737739,0.0,6.815793167533011e-7,0.5811392246143356,1.7749461373783885e-7,-0.9992823789841262]
191.0,[0.012004515307732314,-0.007959973421141815,-0.018314949556952342,-0.00011668532806652364,0.0,5.631944998257451e-7,0.579497494579778,1.4666523432962115e-7,-1.0031990355005653]
192.0,[0.012009716480558078,-0.00830624458103557,-0.019238655113440473,-0.00011947633993258931,0.0,6.888264878702895e-7,0.5798918036291445,1.793818978828879e-7,-1.0022583716370723]
193.0,[0.012003624760836829,-0.007905972173224047,-0.018172841009800322,-0.000116148157758289,0.0,6.573320284863807e-7,0.5794122881700419,1.7118021575166163e-7,-1.0034023472700528]
194.0,[0.01200510268972721,-0.0079940794724583,-0.018394530343357474,-0.00011685585832310606,0.0,6.939541691479804e-7,0.5795153467830443,1.8071723154895322e-7,-1.0031564919440836]
195.0,[0.012003255278614233,-0.007878024158950817,-0.018101786736224312,-0.00011590373105718753,0.0,6.856633018454258e-7,0.5793749521961261,1.785581515222463e-7,-1.0034914303547071]
196.0,[0.012003747921577693,-0.007899814136180792,-0.01814584038584144,-0.00011608562999754211,0.0,6.963806150575104e-7,0.5794014145237902,1.8134911850456e-7,-1.0034283026291773]
197.0,[0.012003170013485942,-0.007864286999392787,-0.018066259599436307,-0.0001158099394160672,0.0,6.942333743723719e-7,0.5793601971385378,1.8078994124280516e-7,-1.003526634767122]
198.0,[0.012003283700323664,-0.007872339817064736,-0.01807478611226543,-0.00011582699244172544,0.0,6.973760327044166e-7,0.5793668290253691,1.8160834185010848e-7,-1.0035108141023457]
199.0,[0.01209798483614577,-0.015327354200659705,-0.03711591034516459,-0.0001738783339533256,0.0,6.968423967758392e-7,0.5877576122482406,1.814693741603748e-7,-0.9834928025086247]
200.0,[0.012099472238939294,-0.015503095103971036,-0.037556446841335855,-0.0001758337475621374,0.0,6.075164821103906e-8,0.588071286038091,1.5820741721624756e-8,-0.9827442392918576]
201.0,[0.012035741292493185,-0.010150339827911617,-0.024058977032836992,-0.0001351764922219445,0.0,4.5750018636373645e-8,0.5821939987352605,1.1914067353222304e-8,-0.9967657622137421]
202.0,[0.01203540023198002,-0.010103917702508623,-0.023942448024172336,-0.00013436647350317799,0.0,4.922286512745854e-7,0.5820577139326526,1.281845446027566e-7,-0.9970910582709045]
203.0,[0.012014046054294642,-0.008602777749426119,-0.020017409951833542,-0.0001221621914737625,0.0,4.963655301385415e-7,0.5802884762112535,1.2926185680691185e-7,-1.0013119554551275]
204.0,[0.012106113445042865,-0.016119846198610805,-0.039047165500960546,-0.00017973604826693188,0.0,6.300485239528257e-7,0.5886048254333345,1.6407513644604838e-7,-0.9814715700549465]
205.0,[0.012102323883785477,-0.01577831199028878,-0.03822862026936491,-0.00017791705886338602,0.0,-0.0,0.588377654269881,0.0,-0.9820133105275697]
206.0,[0.012038725571983377,-0.01037629241788333,-0.024655832930875476,-0.00013697274425794603,0.0,2.332236301769577e-8,0.5824584967264441,6.073532035858274e-9,-0.9961347375677555]
207.0,[0.01203638551790694,-0.010196288258157436,-0.02418403255433077,-0.0001350855427517672,0.0,4.725288616892356e-7,0.5821581762013708,1.2305439106490512e-7,-0.9968513769656091]
208.0,[0.012107553478320671,-0.016265270611863038,-0.03941380555261276,-0.0001809269178920658,0.0,4.890419781845441e-7,0.5887857081779129,1.273546818188917e-7,-0.981039985147686]
209.0,[0.012015798726376184,-0.008724043709662508,-0.02034710178122623,-0.00012365148904791567,0.0,-0.0,0.5805346480122092,0.0,-1.0007244825994437]
210.0,[0.01192981358144607,-0.0037052435194103355,-0.006552625109179644,-7.791527423250955e-5,0.0,6.185042505248933e-7,0.5738874343337266,1.6106881524085767e-7,-1.0165830561267706]
211.0,[0.012005879549784973,-0.008041922683332812,-0.018535217805037973,-0.0001168587004940491,0.0,1.1104345992110802e-6,0.5794894626780731,2.8917567687788547e-7,-1.003218392766097]
212.0,[0.012080903388778097,-0.013784529073745942,-0.03328324282847461,-0.00016244143807853106,0.0,6.818303328874882e-7,0.5861045009064161,1.7755998252278339e-7,-0.9874366484912405]
213.0,[0.012099595399680158,-0.015513516397428852,-0.03758628963623778,-0.0001757769041432766,0.0,1.866050538382515e-7,0.588056027070452,4.859506610371133e-8,-0.9827806877765841]
214.0,[0.012029848524737947,-0.009724014186455557,-0.022964741219766438,-0.00013171188584237825,0.0,4.516314653114395e-8,0.5816965540493171,1.1761236075818739e-8,-0.9979525228977528]
215.0,[0.012035201280014007,-0.010098707055779716,-0.023931079340400174,-0.00013424426015262725,0.0,5.298722784492894e-7,0.582037461144187,1.379875725128358e-7,-0.9971393890818251]
216.0,[0.012012255486600527,-0.008480090703718208,-0.019690560293383896,-0.00012111343039578058,0.0,4.973754009169645e-7,0.5801386714138466,1.2952484398879286e-7,-1.001669347261038]
217.0,[0.012013155507399157,-0.008536460427421842,-0.019835511011478957,-0.00012146585959271759,0.0,6.413371978512364e-7,0.5801812284101119,1.670148952737595e-7,-1.0015678698420183]
218.0,[0.012006249032007569,-0.008063238965405615,-0.018596324480313342,-0.00011752376849472056,0.0,6.361256440614871e-7,0.5796134380893325,1.6565771980767892e-7,-1.0029224534603223]
219.0,[0.012006267979813856,-0.00806797591697735,-0.018599166651256382,-0.00011750955764000536,0.0,6.79069522729395e-7,0.5796083663170299,1.7684102154411325e-7,-1.0029345685970583]
220.0,[0.012004098455994,-0.007928235845611196,-0.018243895283376332,-0.00011633005669864359,0.0,6.788552850805577e-7,0.5794381188984925,1.7678523048972855e-7,-1.0033407302190551]
221.0,[0.012004022664768854,-0.007923972589196636,-0.018209789232059848,-0.00011628458196355494,0.0,6.917035359302728e-7,0.5794312562370202,1.8013112914850854e-7,-1.0033571071572291]
222.0,[0.01200338791325824,-0.00788134002505103,-0.018110313249053434,-0.00011593499493756097,0.0,6.920436318668895e-7,0.579380050672142,1.8021969579866913e-7,-1.0034792691263292]
223.0,[0.01200338791325824,-0.007880392634736683,-0.01809752347980975,-0.00011589804671530145,0.0,6.959069362084199e-7,0.57937638941595,1.8122576463760935e-7,-1.0034880052172825]
224.0,[0.012003160539582797,-0.007865234389707135,-0.018054890915664146,-0.00011580141290323807,0.0,6.961299118503647e-7,0.5793609389244901,1.8128383121103248e-7,-1.0035248657551135]
225.0,[0.012003122643970224,-0.007864286999392787,-0.018060575257550227,-0.00011578151770663679,0.0,6.972936114288891e-7,0.5793593575657339,1.815868779762732e-7,-1.003528638840896]
226.0,[0.012003160539582797,-0.00785907635266388,-0.018047785488306545,-0.0001157332008006051,0.0,6.973968900976942e-7,0.5793546807475182,1.816137734629412e-7,-1.0035397964298103]
227.0,[0.01200302790493879,-0.007865708084864307,-0.018052048744721105,-0.00011577299119380767,0.0,6.977486125719257e-7,0.5793540604018443,1.8170536785727234e-7,-1.0035412765229614]
228.0,[0.012003075274454506,-0.007858128962349534,-0.018039258975477424,-0.00011575025382626335,0.0,6.977905774507013e-7,0.5793526403056678,1.8171629621112016e-7,-1.0035446644816848]
229.0,[0.01200308474835765,-0.007858128962349534,-0.018043522231891984,-0.0001157332008006051,0.0,6.978972266117259e-7,0.5793524099624052,1.8174406943013696e-7,-1.0035452140529857]
230.0,[0.01200299948322936,-0.007862865913921267,-0.018052048744721105,-0.00011575309599720639,0.0,6.979131406119322e-7,0.5793519774398075,1.8174821370102403e-7,-1.0035462459340097]
231.0,[0.01200302790493879,-0.007861444828449747,-0.018047785488306545,-0.0001157332008006051,0.0,6.979455793275333e-7,0.5793518948842207,1.817566612832118e-7,-1.003546442899638]
232.0,[0.012003094222260794,-0.007860971133292574,-0.018036416804534383,-0.00011574172731343423,0.0,6.979513631303711e-7,0.5793517627606375,1.817581674818675e-7,-1.0035467581108233]
233.0,[0.012003037378841933,-0.00785765526719236,-0.018050627659249585,-0.00011572467428777598,0.0,6.979612594360458e-7,0.5793517338908868,1.817607446448036e-7,-1.0035468269893342]
234.0,[0.012003094222260794,-0.007857181572035186,-0.018034995719062863,-0.00011571330560400382,0.0,6.979633021036063e-7,0.5793516934162557,1.817612765894808e-7,-1.0035469235509693]
235.0,[0.012003065800551363,-0.007858602657506706,-0.018044943317363504,-0.00011575309599720639,0.0,6.979663299698755e-7,0.579351683500251,1.8176206509632174e-7,-1.003546947208805]
236.0,[0.012003132117873367,-0.007858128962349534,-0.018043522231891984,-0.00011573035862966206,0.0,6.979670367240093e-7,0.5793516710676456,1.8176224914687746e-7,-1.0035469768697014]
237.0,[0.012003094222260794,-0.007860023742978227,-0.018060575257550227,-0.0001157474116553203,0.0,6.979679656887517e-7,0.5793516677078644,1.8176249106477909e-7,-1.0035469848855112]
238.0,[0.012003094222260794,-0.007858128962349534,-0.018039258975477424,-0.00011573888514249119,0.0,6.979682065092584e-7,0.5793516638790894,1.8176255377845272e-7,-1.0035469940199606]
239.0,[0.012003075274454506,-0.007859550047821054,-0.018036416804534383,-0.00011573888514249119,0.0,6.979684922710332e-7,0.579351662752753,1.8176262819558153e-7,-1.0035469967071793]
240.0,[0.012003094222260794,-0.007859550047821054,-0.018033574633591343,-0.0001157332008006051,0.0,6.97968573352987e-7,0.5793516615707582,1.817626493106737e-7,-1.0035469995271102]
241.0,[0.01200305632664822,-0.0078604974381354,-0.018050627659249585,-0.0001157332008006051,0.0,6.979686614761976e-7,0.5793516611963515,1.8176267225942648e-7,-1.0035470004203688]
242.0,[0.012003018431035645,-0.007859550047821054,-0.018047785488306545,-0.00011575593816814943,0.0,6.979686885369336e-7,0.5793516608306142,1.8176267930649314e-7,-1.0035470012929237]
243.0,[0.012003113170067081,-0.00785765526719236,-0.018039258975477424,-0.00011573888514249119,0.0,6.97968715776468e-7,0.5793516607070122,1.8176268640012186e-7,-1.0035470015878123]
244.0,[0.01200302790493879,-0.007859550047821054,-0.018043522231891984,-0.00011573888514249119,0.0,6.979687247222753e-7,0.5793516605935991,1.8176268872975921e-7,-1.0035470018583865]
245.0,[0.01200308474835765,-0.007856707876878014,-0.018034995719062863,-0.00011573888514249119,0.0,6.979687331643101e-7,0.579351660553026,1.8176269092820578e-7,-1.0035470019551858]
246.0,[0.012003065800551363,-0.007857181572035186,-0.018039258975477424,-0.0001157332008006051,0.0,6.979687361045937e-7,0.5793516605177855,1.817626916939046e-7,-1.0035470020392605]
247.0,[0.01209798483614577,-0.01532640681034536,-0.03711306817422155,-0.0001738698074404965,0.0,6.979785772654248e-7,0.5877545445066683,1.8176525449620438e-7,-0.9835001216692978]
248.0,[0.0120051879548555,-0.008009711412645022,-0.01844853159127524,-0.00011763177099055609,0.0,6.09681990606869e-8,0.5796608216678616,1.587713517205388e-8,-1.0028092043667438]
249.0,[0.011925275581840348,-0.003485922661639051,-0.005923084245296195,-7.56472218199633e-5,0.0,6.834512296615993e-7,0.5735542892096515,1.7798209105770817e-7,-1.0173778684038417]
250.0,[0.012002611053200477,-0.007821180740090009,-0.01794120407794253,-0.00011496297247504116,0.0,1.134539822038494e-6,0.5792173134869008,2.9545307865585783e-7,-1.0038676715883306]
251.0,[0.012079813889916597,-0.013686000481053874,-0.03304165829831618,-0.0001617053158042836,0.0,7.020233011092963e-7,0.5859951464822835,1.8281856799721259e-7,-0.9876975441148741]
252.0,[0.012098780644009821,-0.015434883001338067,-0.03740012743946863,-0.00017518857475806723,0.0,1.9462752721466406e-7,0.5879700511130388,5.068425187881876e-8,-0.982985804711581]
253.0,[0.011920292308786884,-0.0032576015958814724,-0.00525091081726714,-7.388507583527826e-5,0.0,5.159160710915949e-8,0.5733364361405524,1.343531435134362e-8,-1.0178973779188274]
254.0,[0.011924148187366274,-0.003427658157306723,-0.00574402747588465,-7.459561857103836e-5,0.0,1.1595462444792478e-6,0.5733766095567527,3.019651678331374e-7,-1.0178019313239777]
255.0,[0.011978234700412333,-0.006306777322606648,-0.013848477919964353,-0.00010186056442762491,0.0,1.1412243445208585e-6,0.5773207831531113,2.9719383971897356e-7,-1.0083922534862717]
256.0,[0.011979816842237293,-0.006403884829827195,-0.014121326330496231,-0.00010298037977918283,0.0,8.44873723164511e-7,0.5775011675337326,2.2001919874075812e-7,-1.0079618020529961]
257.0,[0.011994956139460555,-0.007341327545873354,-0.016646595213387627,-0.00011118288512079742,0.0,8.354035610607626e-7,0.5786857257361822,2.1755301069290696e-7,-1.0051357812449517]
258.0,[0.01199595089929062,-0.007399118355048509,-0.01680007244431181,-0.00011178258318977895,0.0,7.462877431435543e-7,0.5787768275993354,1.9434576644363391e-7,-1.0049184064014938]
259.0,[0.012000413107671193,-0.0076899671815529765,-0.01758593271006248,-0.00011426095625211018,0.0,7.40649369472473e-7,0.5791342230353653,1.9287743996678982e-7,-1.0040657609904036]
260.0,[0.012000905750634653,-0.00771696780551186,-0.01766693458193913,-0.00011450254078226861,0.0,7.137831148619542e-7,0.5791727101737676,1.8588101949530057e-7,-1.0039739320794094]
261.0,[0.012002232097074739,-0.007801285543488725,-0.0178829395736102,-0.00011522729437274391,0.0,7.112541455868968e-7,0.5792809314717482,1.8522243374658773e-7,-1.0037157460795958]
262.0,[0.012002355257815603,-0.007814075312732408,-0.017928414308698848,-0.00011536087640706681,0.0,7.031236730928871e-7,0.5792958512911276,1.8310512320127268e-7,-1.0036801487496219]
263.0,[0.012002753161747629,-0.007840602241534118,-0.017999468582274858,-0.00011557972356968092,0.0,7.021105073160402e-7,0.5793287277902426,1.8284127794688547e-7,-1.0036017144541738]
264.0,[0.012002753161747629,-0.007846760278577372,-0.01800515292416094,-0.00011562519830476957,0.0,6.996427609942686e-7,0.5793342272774475,1.8219863567559078e-7,-1.0035885933676467]
265.0,[0.01200299948322936,-0.007856707876878014,-0.018033574633591343,-0.0001156905682364595,0.0,6.992618029013481e-7,0.57934424558274,1.8209942783889276e-7,-1.0035646924175354]
266.0,[0.012002980535423072,-0.00785623418172084,-0.018029311377176782,-0.00011569909474928862,0.0,6.985106819065147e-7,0.5793462068987895,1.8190382341315488e-7,-1.00356001300956]
267.0,[0.012002980535423072,-0.00785907635266388,-0.018034995719062863,-0.00011571046343306078,0.0,6.983730109477369e-7,0.5793492687315767,1.8186797160097316e-7,-1.003552708302171]
268.0,[0.012002961587616785,-0.00785623418172084,-0.018049206573778065,-0.00011572467428777598,0.0,6.981437312400924e-7,0.5793499521818395,1.8180826334377405e-7,-1.00355107770323]
269.0,[0.01200302790493879,-0.00786191852360692,-0.018047785488306545,-0.00011573888514249119,0.0,6.980953054693682e-7,0.579350890591636,1.817956524659813e-7,-1.0035488389082776]
270.0,[0.012002933165907354,-0.007864286999392787,-0.018057733086607186,-0.00011575309599720639,0.0,6.980251194390901e-7,0.5793511247181813,1.8177737485392973e-7,-1.0035482803241673]
271.0,[0.01200302790493879,-0.00786191852360692,-0.018039258975477424,-0.0001157332008006051,0.0,6.980084143186723e-7,0.5793514131020734,1.8177302456215428e-7,-1.00354759231663]
272.0,[0.012003018431035645,-0.007858128962349534,-0.018040680060948944,-0.0001157474116553203,0.0,6.979868705017884e-7,0.579351492267798,1.8176741419317408e-7,-1.0035474034421357]
273.0,[0.012003094222260794,-0.007862392218764095,-0.018043522231891984,-0.00011572751645871902,0.0,6.97981191591465e-7,0.5793515811178813,1.8176593531027734e-7,-1.0035471914691945]
274.0,[0.012003065800551363,-0.00785907635266388,-0.018049206573778065,-0.00011575309599720639,0.0,6.979745613876858e-7,0.5793516076145836,1.8176420869470985e-7,-1.0035471282532653]
275.0,[0.012003094222260794,-0.007855286791406494,-0.018040680060948944,-0.0001157189899458899,0.0,6.979726525971474e-7,0.579351635055074,1.8176371161384046e-7,-1.0035470627874135]
276.0,[0.012097880623211191,-0.015328775286131226,-0.03711306817422155,-0.0001738840182952117,0.0,6.97980443898438e-7,0.5877545276551904,1.8176574059855157e-7,-0.9835001618727757]
277.0,[0.012099472238939294,-0.015496937066927783,-0.037546499243035214,-0.00017577406197233356,0.0,6.097033671054051e-8,0.5880665815811033,1.5877691851703258e-8,-0.9827554628602023]
278.0,[0.012035779188105758,-0.010145129181182709,-0.02405471377642243,-0.00013511680663214065,0.0,4.610485759840551e-8,0.5821929227154541,1.2006473332918103e-8,-0.9967683294162945]
279.0,[0.012035277071239154,-0.010105338787980143,-0.023936763682286255,-0.00013438352652883623,0.0,4.923050985735161e-7,0.5820562654283967,1.282044527535198e-7,-0.9970945140155031]
280.0,[0.01201412184551979,-0.008598040797854384,-0.020017409951833542,-0.00012213661193527514,0.0,4.964740500669537e-7,0.5802881079800426,1.2929011720493588e-7,-1.0013128339883448]
281.0,[0.012106189236268012,-0.016117477722824937,-0.039044323330017505,-0.00017970478438655843,0.0,6.300747049192256e-7,0.5886043742559014,1.6408195440604834e-7,-0.9814726464447442]
282.0,[0.012102380727204338,-0.01577641720966009,-0.03823004135483643,-0.0001779085323505569,0.0,-0.0,0.5883775282614306,0.0,-0.9820136111477298]
283.0,[0.012038744519789663,-0.01037913458882637,-0.024654411845403956,-0.00013699548162549036,0.0,2.3331476577792072e-8,0.5824583570027874,6.0759053588000186e-9,-0.9961350709117348]
284.0,[0.012036499204744661,-0.010190603916271355,-0.02417550604150165,-0.000135071331897052,0.0,4.7253935091373514e-7,0.5821581339188977,1.230571226337852e-7,-0.9968514778432552]
285.0,[0.012015097657543567,-0.008672884632687781,-0.020189361293887487,-0.00012271641480765538,0.0,4.890383376996249e-7,0.5803709189579047,1.2735373377594401e-7,-1.0011152679998334]
286.0,[0.012013676572072047,-0.008574829735152887,-0.019949197849200573,-0.00012175007668702163,0.0,6.239232619519107e-7,0.5802247128711702,1.6248001613331008e-7,-1.001464122122802]
287.0,[0.012007092209387338,-0.008125293030995332,-0.018758328224066645,-0.00011802114840975263,0.0,6.330863618682131e-7,0.5796843893183553,1.6486624006984717e-7,-1.002753183014196]
288.0,[0.012006410088361008,-0.008078397210435165,-0.018630430531629827,-0.00011760619145206873,0.0,6.737598795709334e-7,0.5796236215388288,1.7545830197159726e-7,-1.0028981721001797]
289.0,[0.012004401620894592,-0.007945762566426613,-0.018282264591107378,-0.00011648353392956777,0.0,6.777786122730702e-7,0.57945984946766,1.7650484694611206e-7,-1.0032888869052299]
290.0,[0.012098733274494103,-0.015407882377379185,-0.03730917796929134,-0.0001744751898513641,0.0,6.900946799905853e-7,0.5878404025640271,1.7971215624754824e-7,-0.9832952860596355]
291.0,[0.01209976592993674,-0.01553009572792992,-0.037633185456797946,-0.00017605259472475152,0.0,5.454885604135961e-8,0.5881021158446342,1.4205431260770732e-8,-0.9826706859666781]
292.0,[0.01203605393129692,-0.01016881393904138,-0.024130031306413002,-0.00013530723208532436,0.0,4.349080083718233e-8,0.582219869502121,1.13257293846829e-8,-0.9967040411487975]
293.0,[0.012035457075398881,-0.010117181166909479,-0.02397939624643186,-0.00013444605428958312,0.0,4.903016747855731e-7,0.5820677989567438,1.2768272780874302e-7,-0.9970669975966522]
294.0,[0.0120142544801638,-0.008608935786469372,-0.020025936464662664,-0.00012219345535413595,0.0,4.956290170109189e-7,0.5802965518922764,1.2907005651326014e-7,-1.0012926889245042]
295.0,[0.012013420776687173,-0.008544986940250963,-0.0198667748918524,-0.00012152838735346448,0.0,6.294460407934785e-7,0.5801952874529778,1.6391823978996838e-7,-1.0015343247357678]
296.0,[0.011893225367505995,-0.002054415896661036,-0.0016569856597925536,-6.046434464224148e-5,0.0,6.352337235658547e-7,0.5713633176586547,1.6542544884527464e-7,-1.022604883312111]
297.0,[0.011889966344824643,-0.0019194127768666172,-0.0012448708730516955,-5.829861038364469e-5,0.0,1.2991776730319122e-6,0.571014849116579,3.3832751901872714e-7,-1.0234364668139018]
298.0,[0.011969963982968086,-0.005826450433232821,-0.012533973858808167,-9.735003914101979e-5,0.0,1.3160391354986444e-6,0.5766582757270434,3.427185248694387e-7,-1.0099728693508876]
299.0,[0.012071258955378045,-0.01294277277944881,-0.031188562843453838,-0.00015591012925142422,0.0,8.922950187089088e-7,0.5851468237455861,2.32368494455445e-7,-0.9897214677408943]
300.0,[0.011994472970400238,-0.0073214323492720714,-0.01660112047829898,-0.00011156373602716484,0.0,2.5636528180423713e-7,0.5787724925688151,6.676179213652008e-8,-1.0049285735734275]
301.0,[0.01191403005880905,-0.002953015609818976,-0.0043584691411524545,-7.01106728229206e-5,0.0,7.477638432370255e-7,0.5727537649866963,1.9473016750964206e-7,-1.0192877134473974]
302.0,[0.011999162552456255,-0.007586227942132002,-0.01729745235934388,-0.00011297345281491288,0.0,1.1935991540943504e-6,0.5789262998095747,3.1083311304540377e-7,-1.0045619681682842]
303.0,[0.011977628370611152,-0.006281671479276458,-0.013785950159217464,-0.00010202541034232125,0.0,7.231364196794723e-7,0.5773654425895325,1.8831677595819592e-7,-1.008285559513694]
304.0,[0.012001095228697523,-0.007730231269912715,-0.017693935205898015,-0.00011448832992755341,0.0,8.473271222573142e-7,0.5791619892241472,2.2065810475450891e-7,-1.0039995568963638]
305.0,[0.01209170363836165,-0.014762709573309014,-0.03572608875401784,-0.00016968613181234102,0.0,7.102039870390465e-7,0.5871467701508601,1.8494895495808502e-7,-0.9849501019986576]
306.0,[0.012098771170106676,-0.015434409306180895,-0.03738165332833887,-0.00017529657725390277,0.0,1.0701167613507851e-7,0.5879898051940319,2.7867623993510028e-8,-0.9829386458269798]
307.0,[0.01179817369726758,0.0010724458358405777,0.00872120153871947,-1.950297701114323e-5,0.0,5.130481972168816e-8,0.5654702268873175,1.3360630135856292e-8,-1.0366639056062634]
308.0,[0.01192189339841813,-0.00331160284379924,-0.00539301936441916,-7.284484127012547e-5,0.0,1.7459713148052882e-6,0.5730934952361133,4.546800298972105e-7,-1.018477570640742]
309.0,[0.011946553968300577,-0.004547947204021814,-0.008958522812463343,-8.561471531720598e-5,0.0,1.1542512959307125e-6,0.5749680468869678,3.005862749819564e-7,-1.0140052146594112]
310.0,[0.01197819680479976,-0.006302514066192088,-0.013838530321663711,-0.00010196288258157436,0.0,1.0215951049977166e-6,0.5773430396534229,2.6604039192648867e-7,-1.0083391131108002]
311.0,[0.012084020302912297,-0.014056430093963474,-0.03395825842744671,-0.00016430590221716557,0.0,8.448730080531577e-7,0.5863635531470626,2.2001901251384316e-7,-0.9868186820895107]
312.0,[0.011997390932568425,-0.007501436508997964,-0.01710276364974561,-0.00011320082649035611,0.0,1.6464522442222736e-7,0.579015620046776,4.2876360526621707e-8,-1.0043485081188435]
313.0,[0.012028777973682736,-0.009617432776091542,-0.022679103039990878,-0.00013022258826822508,0.0,7.307047516312393e-7,0.5814444013670683,1.902876957373019e-7,-0.9985543319902626]
314.0,[0.012002137358043303,-0.007804127714431766,-0.017904255855683004,-0.00011543193068064282,0.0,5.394374286891045e-7,0.5793167077782937,1.404784970544543e-7,-1.0036303326708667]
315.0,[0.012010948087966728,-0.008374456683668539,-0.019407764284551376,-0.00012004477412119739,0.0,7.028071552693901e-7,0.5799776057799,1.83022696684737e-7,-1.0020536772133657]
316.0,[0.01200302790493879,-0.007859550047821054,-0.018047785488306545,-0.00011577014902286463,0.0,6.506585162631947e-7,0.5793608355931008,1.694423219435403e-7,-1.003525096034501]
317.0,[0.012005377432918369,-0.008013974669059582,-0.018452794847689802,-0.00011702923075063153,0.0,6.979327232848976e-7,0.5795394353211871,1.817533133554421e-7,-1.003099024995426]
318.0,[0.012003094222260794,-0.007869497646121696,-0.01807336502679391,-0.00011579857073229503,0.0,6.837917318188453e-7,0.5793602989011079,1.7807076349449097e-7,-1.0035263882615468]
319.0,[0.012003833186705984,-0.007901235221652312,-0.01815436689867056,-0.00011612542039074468,0.0,6.975130247270435e-7,0.5794081693337763,1.8164401685600092e-7,-1.0034121879869284]
320.0,[0.012097909044920621,-0.01533493332317448,-0.037127279028936755,-0.00017392096651747122,0.0,6.937211250206785e-7,0.5877589520834613,1.8065654297413504e-7,-0.9834896049298584]
321.0,[0.012099614347486446,-0.015513516397428852,-0.03758628963623778,-0.00017592185486137166,0.0,6.069339554170568e-8,0.5880838624216731,1.5805571755652526e-8,-0.9827142356130781]
322.0,[0.012035817083718332,-0.010151287218225963,-0.024076030058495235,-0.00013516796570911538,0.0,4.4794128383734564e-8,0.5821947983969185,1.1665137599930877e-8,-0.9967638541081115]
323.0,[0.012035324440754872,-0.010109128349237531,-0.023958079964359058,-0.0001344034217254375,0.0,4.921810583841023e-7,0.5820615206765067,1.2817215062085996e-7,-0.9970819764507121]
324.0,[0.01201412184551979,-0.008601356663954599,-0.02000888343900442,-0.00012214513844810426,0.0,4.960780530910706e-7,0.5802888356409239,1.2918699299246628e-7,-1.0013110978559578]
325.0,[0.012013316563752596,-0.008543565854779443,-0.01986819597732392,-0.0001215227030115784,0.0,6.30022259611481e-7,0.5801931622956655,1.6406829677382317e-7,-1.0015393949597196]
326.0,[0.012006684831552168,-0.008104924139236875,-0.018708590232563438,-0.00011783356512751196,0.0,6.35382613464476e-7,0.5796588038051902,1.6546422225637397e-7,-1.002814223558551]
327.0,[0.012006258505910711,-0.00807223917339191,-0.018619061847857665,-0.00011753229500754968,0.0,6.756580162635679e-7,0.5796133656923856,1.7595260840197078e-7,-1.0029226402974571]
328.0,[0.01200423109063801,-0.007939604529383358,-0.018270895907335216,-0.00011642669051070696,0.0,6.785257932911541e-7,0.5794518639821158,1.7669942533623806e-7,-1.0033079382590213]
329.0,[0.012004060560381427,-0.007923498894039463,-0.018208368146588327,-0.00011630447716015623,0.0,6.906692947793729e-7,0.579433184585828,1.798617955154617e-7,-1.0033525062985584]
330.0,[0.011889312645507744,-0.0018919384577505598,-0.0011652900866465643,-5.8585669648891774e-5,0.0,6.91909110713079e-7,0.5710901704145068,1.8018466424819767e-7,-1.0232565548357873]
331.0,[0.011886527317983564,-0.0017768305345574236,-0.000801492205937393,-5.669846814271295e-5,0.0,1.3187791441952688e-6,0.5707814112998817,3.4343206880085126e-7,-1.0239933897485483]
332.0,[0.012070131560903974,-0.012829559636884367,-0.030888713808963075,-0.00015462546798516996,0.0,1.3332162411775272e-6,0.5849387490654111,3.471917294733144e-7,-0.9902180319497483]
333.0,[0.012072130554467245,-0.013041775067298051,-0.03142872628814075,-0.0001573084773554001,0.0,2.659594248479301e-7,0.5853834637089076,6.926026688748181e-8,-0.9891566887085437]
334.0,[0.012025282103422796,-0.009382479978133535,-0.022075141714594793,-0.0001287673967453884,0.0,2.4713265804007193e-7,0.5812621295031777,6.435746303126875e-8,-0.998989007875511]
335.0,[0.011915574305021437,-0.0030297542252810668,-0.004578737389238086,-7.107132660166826e-5,0.0,5.599181225204221e-7,0.5729013559027134,1.458120110730266e-7,-1.018935536602856]
336.0,[0.01200846592534314,-0.008210558159286544,-0.018972912130266195,-0.00011815473044407553,0.0,1.185154885692939e-6,0.579676528646715,3.0863408481586957e-7,-1.0027721334981532]
337.0,[0.012077871739772187,-0.013503627845542116,-0.032584068776486674,-0.00016040644368331414,0.0,6.666585445248292e-7,0.5858122336024969,1.736089959700076e-7,-0.9881339093549519]
338.0,[0.012005993236622695,-0.008066081136348656,-0.018609114249557024,-0.00011796146281994878,0.0,2.0901003137449396e-7,0.5796970823312286,5.442969567044114e-8,-1.0027227496562225]
339.0,[0.012026816875732038,-0.009492850949754937,-0.02235083229606971,-0.00012923067060910398,0.0,6.786769329548596e-7,0.5813002169909776,1.7673878462366138e-7,-0.9988982961347155]
340.0,[0.012004657416279466,-0.007970868409756802,-0.018341950180911226,-0.00011680754141707438,0.0,5.51066022575423e-7,0.5795162829746301,1.4350677671234976e-7,-1.0031542074269622]
341.0,[0.012010370179874977,-0.008346982364552483,-0.019343815438332967,-0.00011981455827481112,0.0,6.875783657125544e-7,0.5799406499765289,1.790568660709777e-7,-1.0021418377625548]
342.0,[0.012003823712802841,-0.007908340649009913,-0.018177104266214883,-0.00011617942163866245,0.0,6.536610782731414e-7,0.5794194482767154,1.7022423913363056e-7,-1.0033852639902212]
343.0,[0.012005282693886935,-0.008002132290130247,-0.018421530967316357,-0.00011696101864799856,0.0,6.934638261007307e-7,0.5795302037496857,1.805895380470653e-7,-1.0031210472914016]
344.0,[0.01200335949154881,-0.007877550463793643,-0.018101786736224312,-0.00011591509974095969,0.0,6.845499586650453e-7,0.5793775630400968,1.7826821840235557e-7,-1.0034852012293258]
345.0,[0.012003757395480836,-0.0079050247829097,-0.01815436689867056,-0.00011611120953602948,0.0,6.961986637641167e-7,0.5794059461880687,1.8130173535523872e-7,-1.0034174913079876]
346.0,[0.012003188961292228,-0.007862392218764095,-0.018060575257550227,-0.00011579857073229503,0.0,6.938932717667923e-7,0.5793611210767313,1.8070137285593553e-7,-1.0035244303931095]
347.0,[0.012003236330807946,-0.007877550463793643,-0.01808331262509455,-0.00011586394066398496,0.0,6.97310736044411e-7,0.5793682151826502,1.8159133751156537e-7,-1.0035075071037975]
348.0,[0.012003160539582797,-0.007861444828449747,-0.018046364402835025,-0.00011575309599720639,0.0,6.967276394637637e-7,0.5793550132423059,1.8143948944368847e-7,-1.0035390029532274]
349.0,[0.012003122643970224,-0.007867129170335828,-0.018061996343021747,-0.00011576446468097855,0.0,6.977326697823832e-7,0.5793567235423016,1.817012160891623e-7,-1.0035349230250339]
350.0,[0.012003046852745076,-0.0078604974381354,-0.018052048744721105,-0.00011575878033909247,0.0,6.975895853696873e-7,0.5793528234351824,1.8166395452335608e-7,-1.0035442275152024]
351.0,[0.012003065800551363,-0.00785907635266388,-0.018046364402835025,-0.00011575309599720639,0.0,6.978860721223271e-7,0.5793532132622535,1.8174116461518933e-7,-1.0035432976050778]
352.0,[0.01200302790493879,-0.007865234389707135,-0.018057733086607186,-0.0001157474116553203,0.0,6.978525244597574e-7,0.5793520574771669,1.8173242824472848e-7,-1.003546054966089]
353.0,[0.011888876845963143,-0.001872043261149277,-0.0011013412404281553,-5.8372506828163744e-5,0.0,6.979265170276865e-7,0.5710585221808748,1.8175169714262667e-7,-1.0233320606279548]
354.0,[0.012096355324805092,-0.015159666115020322,-0.03669100578918005,-0.00017198829027620374,0.0,1.3211343816340406e-6,0.5874467535430944,3.440454118838648e-7,-0.984234645523754]
355.0,[0.012212732751019454,-0.029566630625292113,-0.0706521063875698,-0.0002761140649454319,0.0,7.562344669782433e-8,0.6025675931895624,1.9693605910891754e-8,-0.9481601975418467]
356.0,[0.012038109768279051,-0.010354028745496178,-0.02460893711031531,-0.000137885081130662,0.0,-0.0,0.5826493101498195,0.0,-0.9956795029282879]
357.0,[0.012083906616074575,-0.014047903581134353,-0.033945468658203026,-0.00016469243746541906,0.0,4.7303475952668953e-7,0.5864445809152515,1.2318613529340873e-7,-0.9866252401860284]
358.0,[0.012108576659860166,-0.016388431352728123,-0.03972786544181872,-0.0001821575779104023,0.0,1.6402960947529108e-7,0.5889795659350858,4.2716044134190385e-8,-0.9805773798511556]
359.0,[0.01203122224069375,-0.009823016474304797,-0.023224799861054635,-0.0001326156962022651,0.0,-0.0,0.581827884394366,0.0,-0.997639190087727]
360.0,[0.012038441354889073,-0.01034455484235271,-0.024556356947869062,-0.00013619967376143904,0.0,5.209083660217048e-7,0.5823193522792487,1.356532203181523e-7,-0.9964668741724945]
361.0,[0.011900453955604462,-0.0023627914439809197,-0.0025977442419389263,-6.400284746632678e-5,0.0,4.761642838860029e-7,0.5718819406061444,1.2400111559531325e-7,-1.0213675403268714]
362.0,[0.01201215127366595,-0.008458300726488231,-0.019626611447165487,-0.00012017551398457725,0.0,1.26260973723232e-6,0.5799614613174034,3.288046190709167e-7,-1.0020923932176724]
363.0,[0.012074508504156256,-0.013233621605953278,-0.03191189534845762,-0.0001583771336299833,0.0,6.44063614726192e-7,0.5855130991887167,1.6772489966827917e-7,-0.9888475505296382]
364.0,[0.012006969048646472,-0.008137135409924666,-0.01878959210444009,-0.00011849863312818341,0.0,2.320331877891089e-7,0.5797730526601883,6.042530932008045e-8,-1.0025415143796894]
365.0,[0.01202581264199883,-0.00941374385850698,-0.022146195988170803,-0.00012861391951446421,0.0,6.726258748224106e-7,0.5812127620695646,1.7516298823500278e-7,-0.9991069364289941]
366.0,[0.012005045846308349,-0.007988868825729393,-0.018386003830528352,-0.0001169496499642264,0.0,5.577616072378775e-7,0.5795362947562512,1.452504185515306e-7,-1.0031064674249464]
367.0,[0.012010038593264955,-0.008321876521222292,-0.01928555093400064,-0.00011963265933445653,0.0,6.85976418033012e-7,0.5799150640635449,1.786396921960969e-7,-1.0022028778685492]
368.0,[0.012003918451834275,-0.007909288039324261,-0.018181367522629444,-0.00011621921203186501,0.0,6.556154394828707e-7,0.5794246391505717,1.7073318736533094e-7,-1.0033728807462934]
369.0,[0.012005206902661786,-0.00799692164340134,-0.018408741198072676,-0.00011691270174196687,0.0,6.930444142163833e-7,0.5795227018928159,1.8048031620218316e-7,-1.0031389444287155]
370.0,[0.01200338791325824,-0.007876603073479297,-0.018101786736224312,-0.00011590373105718753,0.0,6.851215616899326e-7,0.5793788821906611,1.7841707335675329e-7,-1.003482054317123]
371.0,[0.012003700552061975,-0.007902656307123833,-0.01815294581319904,-0.00011610268302320036,0.0,6.960909962957842e-7,0.5794037407218875,1.8127369695202715e-7,-1.00342275288171]
372.0,[0.012003141591776512,-0.007869023950964522,-0.018061996343021747,-0.0001158099394160672,0.0,6.940612524582748e-7,0.5793614469727331,1.8074511782767573e-7,-1.0035236529583555]
373.0,[0.012003255278614233,-0.007870918731593216,-0.01807478611226543,-0.00011583551895455456,0.0,6.972837133717494e-7,0.5793675648843689,1.8158430035722643e-7,-1.0035090585200461]
374.0,[0.012003075274454506,-0.007863813304235615,-0.018064838513964787,-0.00011578151770663679,0.0,6.967770362796261e-7,0.5793550904270048,1.814523531978193e-7,-1.0035388188302299]
375.0,[0.012003151065679655,-0.007867129170335828,-0.018054890915664146,-0.000115795728561352,0.0,6.977260764273681e-7,0.5793565312006627,1.8169949906962712e-7,-1.0035353818948751]
376.0,[0.01200305632664822,-0.0078604974381354,-0.018046364402835025,-0.00011574456948437727,0.0,6.976041203123461e-7,0.5793528405063865,1.8166773966467347e-7,-1.0035441867933783]
377.0,[0.01200305632664822,-0.0078604974381354,-0.018054890915664146,-0.0001157474116553203,0.0,6.978845029708539e-7,0.5793531561858789,1.8174075598199322e-7,-1.0035434337724398]
378.0,[0.012003103696163937,-0.00785907635266388,-0.018042101146420464,-0.0001157474116553203,0.0,6.978567774552822e-7,0.5793520607898835,1.8173353579564638e-7,-1.0035460470644126]
379.0,[0.012097880623211191,-0.015328775286131226,-0.037117331430636114,-0.00017387549178238257,0.0,6.979499627165353e-7,0.587755010510994,1.8175780279076442e-7,-0.9834990099059011]
380.0,[0.012099481712842437,-0.015495515981456263,-0.037550762499449775,-0.00017579679933987788,0.0,6.093403914832623e-8,0.5880667259936256,1.5868239361543292e-8,-0.9827551183202213]
381.0,[0.01203573181859004,-0.01015081352306879,-0.024066082460194593,-0.00013515375485440018,0.0,4.6094379947288575e-8,0.58219307249646,1.2003744777939734e-8,-0.9967679720778668]
382.0,[0.012035314966851729,-0.010105812483137317,-0.023945290195115376,-0.00013434942047751974,0.0,4.922936600205143e-7,0.5820563134982331,1.282014739636756e-7,-0.9970943993305225]
383.0,[0.012014169215035508,-0.008600882968797425,-0.020013146695418982,-0.00012214229627716122,0.0,4.964705088619402e-7,0.58028815439241,1.2928919501613027e-7,-1.001312723260432]
384.0,[0.012013288142043166,-0.008546881720879657,-0.01986819597732392,-0.00012152838735346448,0.0,6.300683234011396e-7,0.5801915794513461,1.6408029255238015e-7,-1.001543171190475]
385.0,[0.012006675357649025,-0.008105397834394049,-0.018702905890677357,-0.00011784777598222716,0.0,6.355015323224592e-7,0.57965854999499,1.654951907089738e-7,-1.0028148291196424]
386.0,[0.012006192188588708,-0.008073186563706257,-0.018621904018800706,-0.00011753513717849272,0.0,6.756755958942128e-7,0.5796128835110612,1.759571864307846e-7,-1.0029237906506099]
387.0,[0.011890241088015802,-0.001933623631581819,-0.0012860823517257813,-5.906315436732256e-5,0.0,6.785630018506587e-7,0.5711567848552404,1.767091150652757e-7,-1.0230976270464271]
388.0,[0.011887370495363331,-0.0018147261471312957,-0.0009094947017729282,-5.707079253625124e-5,0.0,1.3139741288056507e-6,0.5708365124444987,3.421807627098049e-7,-1.023861932444599]
389.0,[0.011969196596813465,-0.0057757650514152666,-0.012389023140713107,-9.685550139693076e-5,0.0,1.3291202710970031e-6,0.5765911176463827,3.461250705981779e-7,-1.0101330940151552]
390.0,[0.011969585026842347,-0.0058112921882032716,-0.01248565695277648,-9.761436103872255e-5,0.0,8.971597976585181e-7,0.5767203048204457,2.336353639735724e-7,-1.0098247360568642]
391.0,[0.011992085546808084,-0.007158007520047248,-0.016143530956469476,-0.00010951737294817575,0.0,8.934684213799101e-7,0.5784430023419871,2.326740680676849e-7,-1.00571487065141]
392.0,[0.01199294767199414,-0.007210587682493496,-0.01631690338399494,-0.0001101255975299864,0.0,7.637805465778552e-7,0.578535615414644,1.989011840046498e-7,-1.0054938760038301]
393.0,[0.011884556746129721,-0.0017043551755098934,-0.0005783817869087216,-5.636877631332026e-5,0.0,7.585908942877563e-7,0.5707645050394088,1.9754971205410323e-7,-1.024033523188444]
394.0,[0.011997845679919312,-0.007511857802455778,-0.017111290162574733,-0.00011212080153200076,0.0,1.3421986784894077e-6,0.5787931570434163,3.495309058566166e-7,-1.0048796618388063]
395.0,[0.011969746083195787,-0.005820292396189567,-0.012521184089564485,-9.789857813302659e-5,0.0,7.311033424513231e-7,0.5767676786597415,1.9039149543003203e-7,-1.0097116563058104]
396.0,[0.012000451003283766,-0.00768901979123863,-0.01759019596647704,-0.00011411032119212904,0.0,8.922050199741783e-7,0.5791033865080153,2.3234505728494228e-7,-1.004139382261242]
397.0,[0.0120900362314084,-0.014587916060312029,-0.035286973343318095,-0.00016838725969137156,0.0,7.139962485388842e-7,0.5869638999073956,1.859365230570011e-7,-0.9853863795053021]
398.0,[0.012004126877703431,-0.007933920187497277,-0.018243895283376332,-0.00011696670298988464,0.0,1.2085740345326804e-7,0.5795615830352285,3.147328214928856e-8,-1.0030459807793126]
399.0,[0.01203100434092145,-0.009780383910159191,-0.0231096919378615,-0.00013156977729522623,0.0,6.901155522048404e-7,0.5816419645941564,1.797175917200105e-7,-0.9980829880809239]
400.0,[0.012004240564541153,-0.007944341480955092,-0.018266632650920656,-0.00011659437859634635,0.0,5.250560448887679e-7,0.5794864241280828,1.3673334502311666e-7,-1.0032254328144472]
401.0,[0.012011601787283627,-0.00842893162674348,-0.01956976802830468,-0.0001205165744977421,0.0,6.901906248501127e-7,0.5800421604243149,1.797371418880502e-7,-1.0018996637700721]
402.0,[0.01209837326617465,-0.01537946066794878,-0.03724665020854445,-0.0001743075017657247,0.0,6.459659749125709e-7,0.5878172535035114,1.6822030596681535e-7,-0.9833504973437566]
403.0,[0.012101499654211995,-0.015702047069983866,-0.0380310893888236,-0.00017726620171742977,0.0,5.692658029204171e-8,0.5882779556046005,1.4824630284385864e-8,-0.9822511833885175]
404.0,[0.012035911822749767,-0.010172129805141593,-0.02412008370811236,-0.00013531291642721044,0.0,3.008001160245216e-8,0.5822184540372299,7.83333635480525e-9,-0.9967074132540413]
405.0,[0.012036025509587489,-0.010166445463255512,-0.0241016095969826,-0.0001348183786831214,0.0,4.905941275132019e-7,0.5821206310121047,1.2775888737322968e-7,-0.9969409555118818]
406.0,[0.01201422605845437,-0.008610356871940892,-0.020035884062963305,-0.00012218777101224987,0.0,4.916262925639602e-7,0.5802977876871155,1.2802768035519796e-7,-1.0012897392415578]
407.0,[0.012013496567912322,-0.008558250404651819,-0.019907986370526487,-0.0001216420741911861,0.0,6.294083402167838e-7,0.5802111690986589,1.6390842193145413e-7,-1.001496435653321]
408.0,[0.01200685536180875,-0.008105397834394049,-0.018697221548791276,-0.00011785630249505628,0.0,6.340323256649352e-7,0.579662051687516,1.6511258480857686e-7,-1.0028064745570424]
409.0,[0.012006410088361008,-0.008075555039492125,-0.018619061847857665,-0.00011758061191358137,0.0,6.754318952634776e-7,0.5796188625626009,1.75893722724864e-7,-1.0029095262549006]
410.0,[0.012004268986250583,-0.007942446700326398,-0.018273738078278257,-0.00011642953268165,0.0,6.781144272117736e-7,0.5794530093306303,1.7659229875306604e-7,-1.0033052056377916]
411.0,[0.012098733274494103,-0.015403619120964624,-0.0373063357983483,-0.00017445245248381977,0.0,6.906062845700823e-7,0.5878387435174788,1.7984538660679228e-7,-0.9832992442534024]
412.0,[0.01209973750822731,-0.015528200947301228,-0.03760476374736754,-0.0001760298573572072,0.0,5.4667894842078807e-8,0.5880999893035488,1.4236430948458021e-8,-0.9826757593286386]
413.0,[0.011928155648395961,-0.0036308733797341115,-0.006347988801280735,-7.768790055706631e-5,0.0,4.365052266781979e-8,0.5738872627716014,1.1367323611411406e-8,-1.0165832601200806]
414.0,[0.012033562294770187,-0.009960861765042257,-0.023564439288747963,-0.00013254179975774605,0.0,1.1183725865952313e-6,0.5817596864931069,2.912428610925082e-7,-0.9978022902137973]
415.0,[0.012081234975388117,-0.013815792954119386,-0.033362823614879744,-0.00016287629023281625,0.0,5.101807657024375e-7,0.5861762262287932,1.3285957440167645e-7,-0.9872654710615812]
416.0,[0.012013913419650635,-0.008589514285025263,-0.019987567156931618,-0.0001223241952175158,0.0,1.835479302629764e-7,0.5803329838040647,4.779894017265011e-8,-1.001205661334564]
417.0,[0.011918662797446206,-0.003177073419161994,-0.005015010628994787,-7.252936029544799e-5,0.0,6.310131918589402e-7,0.5731073106535682,1.6432635204659903e-7,-1.0184442128026274]
418.0,[0.012004989002889488,-0.007981289703214618,-0.01835900320656947,-0.0001162817397926119,0.0,1.1687613182195905e-6,0.5794046161438524,3.0436492661968505e-7,-1.0034208331858518]
419.0,[0.012078506491282798,-0.01355715539830271,-0.03271907189628109,-0.00016077876807685243,0.0,6.874176369305167e-7,0.5858659102557069,1.7901500961732208e-7,-0.9880058596105412]
420.0,[0.012005093215824065,-0.00799976381434438,-0.018417267710901797,-0.00011737029126379638,0.0,2.0464464613173875e-7,0.5796173043253741,5.329287659680696e-8,-1.0029130756254097]
421.0,[0.012027044249407481,-0.009501851157741232,-0.022382096176443156,-0.0001293102513955091,0.0,6.847558582917775e-7,0.5813138300280412,1.7832183809681708e-7,-0.9988658214887656]
422.0,[0.01200442056870088,-0.007947657347055307,-0.0182978965312941,-0.00011666543286992236,0.0,5.499520450452897e-7,0.5794928131597425,1.432166783972109e-7,-1.0032101993017735]
423.0,[0.012010341758165547,-0.008350298230652696,-0.019348078694747528,-0.00011982876912952632,0.0,6.893637296998846e-7,0.5799439935043,1.7952180460934498e-7,-1.0021338616982163]
424.0,[0.012003672130352545,-0.007901708916809486,-0.0181643144969712,-0.000116148157758289,0.0,6.533836760762792e-7,0.5794125237451271,1.701519989781977e-7,-1.0034017838450808]
425.0,[0.012005311115596365,-0.008003553375601767,-0.01844000507844612,-0.00011697522950271376,0.0,6.939905677463467e-7,0.5795309881605903,1.8072671035061114e-7,-1.003119176099223]
426.0,[0.012003312122033094,-0.00788134002505103,-0.018108892163581913,-0.00011590941539907361,0.0,6.844836383145474e-7,0.5793755138386415,1.7825094747774672e-7,-1.0034900900148263]
427.0,[0.012003861608415415,-0.007901235221652312,-0.018150103642256,-0.00011610268302320036,0.0,6.96354168133828e-7,0.5794061167924738,1.8134223128485107e-7,-1.0034170843501584]
428.0,[0.012003160539582797,-0.007865234389707135,-0.018064838513964787,-0.00011577867553569375,0.0,6.938780026561368e-7,0.5793605126701079,1.8069739652503565e-7,-1.0035258818720294]
429.0,[0.012003226856904803,-0.007873760902536256,-0.01808047045415151,-0.000115866782834928,0.0,6.973567206008571e-7,0.5793682471672702,1.816033126564732e-7,-1.0035074308140557]
430.0,[0.012003122643970224,-0.007859550047821054,-0.018043522231891984,-0.00011575593816814943,0.0,6.967244085090707e-7,0.5793548320199697,1.8143864804923716e-7,-1.0035394352967897]
431.0,[0.012003132117873367,-0.007859550047821054,-0.018047785488306545,-0.00011578151770663679,0.0,6.977462367811189e-7,0.5793567274167166,1.8170474916174972e-7,-1.0035349137866323]
432.0,[0.012097899571017479,-0.015331143761917094,-0.037117331430636114,-0.0001738783339533256,0.0,6.975994342288408e-7,0.5877556662366026,1.8166651933042732e-7,-0.9834974454067605]
433.0,[0.01209943434332672,-0.015501674018499516,-0.037549341413978254,-0.00017581101019459308,0.0,6.088906980442169e-8,0.5880681616528507,1.5856528594901483e-8,-0.9827516932314383]
434.0,[0.012035722344686898,-0.010147497656968577,-0.024064661374723073,-0.00013513954399968497,0.0,4.5985794142058827e-8,0.58219331498538,1.1975467224494485e-8,-0.9967673935298054]
435.0,[0.011927208258081615,-0.003574503656030477,-0.006184563972055912,-7.67300889492617e-5,0.0,4.922789101002296e-7,0.5737262496120594,1.2819763283860148e-7,-1.016967551739412]
436.0,[0.012012047060731371,-0.00844977421365911,-0.019609558421507245,-0.0001202636212838115,0.0,1.1242865024525053e-6,0.5799814824959046,2.927829433470066e-7,-1.0020445790049497]
437.0,[0.012080486537039784,-0.01374805454664359,-0.03319939878565492,-0.0001622112222321448,0.0,6.444916184049965e-7,0.5860713035030851,1.678363589596345e-7,-0.9875158346753605]
438.0,[0.012007177474515629,-0.00814471453243944,-0.01880096078821225,-0.00011863221516250631,0.0,1.896449627259549e-7,0.5797966031557085,4.938670904321742e-8,-1.002485314487439]
439.0,[0.012027764266046384,-0.009558220881444866,-0.022522783638123656,-0.00012976499874639558,0.0,6.714339721851483e-7,0.5813811678870484,1.748525969232157e-7,-0.9987051678387462]
440.0,[0.012005169007049213,-0.007997869033715686,-0.018417267710901797,-0.00011705481028911889,0.0,5.450452315100584e-7,0.5795486373041752,1.4193886237241102e-7,-1.003077017090479]
441.0,[0.012010711240388142,-0.008365456475682246,-0.019392132344364654,-0.00011997940418950746,0.0,6.852222340567847e-7,0.5799659320124817,1.7844329011895437e-7,-1.0020815212067347]
442.0,[0.012003890030124845,-0.007916393466681862,-0.018208368146588327,-0.00011627321327978278,0.0,6.517843914472887e-7,0.5794299322933396,1.6973551860606478e-7,-1.0033602514517437]
443.0,[0.012005386906821514,-0.008011132498116542,-0.01844853159127524,-0.00011702923075063153,0.0,6.9269741344307e-7,0.5795381061141318,1.8038995141746614e-7,-1.003102194233933]
444.0,[0.012003416334967671,-0.007885129586308418,-0.018113155419996474,-0.00011593499493756097,0.0,6.839648403723685e-7,0.5793809510878387,1.7811584384697097e-7,-1.0034771181064561]
445.0,[0.012003795291093411,-0.007905972173224047,-0.018168577753385762,-0.00011612826256168772,0.0,6.959506807398443e-7,0.5794084193152764,1.8123715644266782e-7,-1.0034115910445123]
446.0,[0.012003151065679655,-0.007868076560650175,-0.018067680684907828,-0.00011583551895455456,0.0,6.937095990276511e-7,0.5793622132399742,1.806535414134508e-7,-1.003521824738061]
447.0,[0.012003321595936237,-0.007873287207379082,-0.01807904936867999,-0.00011584972980926976,0.0,6.972305885720446e-7,0.5793689901110577,1.8157046577396995e-7,-1.0035056583174014]
448.0,[0.01200308474835765,-0.007863339609078441,-0.018046364402835025,-0.00011576446468097855,0.0,6.966700039547076e-7,0.5793553646241149,1.8142448019653842e-7,-1.0035381646360415]
449.0,[0.012003226856904803,-0.007860971133292574,-0.018039258975477424,-0.00011576446468097855,0.0,6.977067304861885e-7,0.5793569666252021,1.8169446106411162e-7,-1.003534343089422]
450.0,[0.01200305632664822,-0.007860023742978227,-0.018044943317363504,-0.00011573888514249119,0.0,6.97571382709203e-7,0.579352936273261,1.816592142471883e-7,-1.0035439583092853]
451.0,[0.012003075274454506,-0.0078604974381354,-0.018054890915664146,-0.00011576162251003551,0.0,6.978776034151591e-7,0.5793532895796044,1.8173895922269771e-7,-1.0035431155306593]
452.0,[0.012003075274454506,-0.007858128962349534,-0.018050627659249585,-0.0001157474116553203,0.0,6.978466781685059e-7,0.579352093642318,1.817309057730484e-7,-1.0035459686842831]
453.0,[0.01200305632664822,-0.007859550047821054,-0.018046364402835025,-0.00011576162251003551,0.0,6.9793741435827e-7,0.5793521619253736,1.8175453498913281e-7,-1.0035458058128282]
454.0,[0.012003008957132503,-0.007861444828449747,-0.018047785488306545,-0.0001157474116553203,0.0,6.979309999186659e-7,0.5793518059050096,1.817528645621526e-7,-1.0035466551734054]
455.0,[0.01200308474835765,-0.007859550047821054,-0.018047785488306545,-0.0001157332008006051,0.0,6.979579724713617e-7,0.5793518151834354,1.8175988866441712e-7,-1.0035466330473657]
456.0,[0.011888848424253712,-0.0018748854320923174,-0.0011084466677857563,-5.83554538025055e-5,0.0,6.979435045647971e-7,0.5710580991630076,1.817561209804159e-7,-1.0233330698337908]
457.0,[0.01200092469844094,-0.007709862378154259,-0.01764846047080937,-0.00011386021014914148,0.0,1.3211413980871296e-6,0.5790466441830149,3.4404723908519e-7,-1.0042749064281635]
458.0,[0.01207178949395408,-0.012989668600008976,-0.03126814362985897,-0.0001564359308758867,0.0,7.122807671675696e-7,0.5852352782045993,1.8548978311655457e-7,-0.9895103763835871]
459.0,[0.01200352054790225,-0.007901708916809486,-0.01816573558244272,-0.00011654321951937162,0.0,2.521682833408343e-7,0.5794902501979834,6.56688237866756e-8,-1.0032162074449125]
460.0,[0.01202463787800904,-0.00934126849945945,-0.021952928364044055,-0.00012798864190699533,0.0,6.936807708811353e-7,0.5811204360117191,1.8064603408362897e-7,-0.9993272075437455]
461.0,[0.012003927925737418,-0.007916867161839035,-0.018208368146588327,-0.00011634710972430183,0.0,5.644458651365808e-7,0.5794486842929448,1.4699111071265122e-7,-1.0033154833460691]
462.0,[0.012009650163236074,-0.008295823287577756,-0.019204549062123988,-0.00011942518085561459,0.0,6.924912243726675e-7,0.5798846397539212,1.803362563470488e-7,-1.0022754639053681]
463.0,[0.012003558443514823,-0.00788986653788015,-0.018137313873012317,-0.00011603731309151043,0.0,6.57821890344608e-7,0.579397444408154,1.7130778394390834e-7,-1.0034377604197935]
464.0,[0.012005017424598918,-0.007991710996672433,-0.018400214685243554,-0.00011688143786159343,0.0,6.950680780590337e-7,0.5795127351025977,1.8100731199454002e-7,-1.003162723065259]
465.0,[0.012003264752517376,-0.007874708292850603,-0.01808757588150911,-0.00011586394066398496,0.0,6.858451725648525e-7,0.5793704246934468,1.7860551368876366e-7,-1.003502231747481]
466.0,[0.012003643708643114,-0.007896024574923406,-0.01815294581319904,-0.00011606573480094083,0.0,6.967195372445605e-7,0.5794004901717219,1.8143737949077098e-7,-1.003430507990155]
467.0,[0.012003103696163937,-0.007867129170335828,-0.018070522855850868,-0.00011581846592889632,0.0,6.942979132901764e-7,0.579358812109215,1.808067482526501e-7,-1.0035299390744132]
468.0,[0.011889018954510295,-0.0018810434691355717,-0.0011397105481592007,-5.846914064022712e-5,0.0,6.97466779606768e-7,0.5710726911700956,1.8163197385592918e-7,-1.0232982573037648]
469.0,[0.011886205205276685,-0.0017668829362567822,-0.0007617018127348274,-5.655635959556093e-5,0.0,1.3200141938509168e-6,0.5707589201535024,3.437536963153429e-7,-1.0240470476388563]
470.0,[0.012070131560903974,-0.012826243770784153,-0.030875924039719393,-0.00015459420410479652,0.0,1.3348839001786365e-6,0.5849327624542318,3.476260156715199e-7,-0.9902323148891542]
471.0,[0.012072111606660958,-0.013033722249626102,-0.03140741000606795,-0.0001572516339365393,0.0,2.6639029420699855e-7,0.5853764788646005,6.937247244973921e-8,-0.9891733527052721]
472.0,[0.012025206312197648,-0.009386269539390922,-0.022077983885537833,-0.00012877592325821752,0.0,2.476567535836072e-7,0.5812601114779643,6.449394624573105e-8,-0.9989938224942685]
473.0,[0.012025556846613956,-0.009395743442534391,-0.022099300167610636,-0.00012860255083069205,0.0,5.600767476833514e-7,0.5812185049568329,1.458533197092061e-7,-0.9990931953446801]
474.0,[0.01201054071013156,-0.008357403658010297,-0.01936513172040577,-0.00012005330063402651,0.0,5.588924008863952e-7,0.5799820936460833,1.4554489606416544e-7,-1.002042919048773]
475.0,[0.012010161754005821,-0.008332771509837281,-0.0192898141904152,-0.00011971792446274775,0.0,6.523178966481442e-7,0.5799307857813303,1.698744522521209e-7,-1.0021653583209325]
476.0,[0.012005510067562378,-0.00802486965767457,-0.018486900899006287,-0.00011716565495589747,0.0,6.548961622615845e-7,0.5795586696185212,1.705458755889543e-7,-1.0030531220873002]
477.0,[0.012005311115596365,-0.008006395546544807,-0.01844142616391764,-0.00011698375601554288,0.0,6.829399279746677e-7,0.5795316176952283,1.7784893957673638e-7,-1.0031176702627866]
478.0,[0.012003823712802841,-0.007917814552153382,-0.018208368146588327,-0.00011621068551903589,0.0,6.845898494972469e-7,0.5794193048222429,1.7827860663990804e-7,-1.003385617277595]
479.0,[0.012003691078158832,-0.0079050247829097,-0.018175683180743363,-0.0001161339469035738,0.0,6.930448102918449e-7,0.579407678944356,1.804804193468346e-7,-1.0034133563201828]
480.0,[0.01200338791325824,-0.007874234597693429,-0.01807478611226543,-0.0001158809936896432,0.0,6.938057893664112e-7,0.5793736766125039,1.8067859098083625e-7,-1.0034944764408082]
481.0,[0.012003312122033094,-0.007870445036436042,-0.01807904936867999,-0.00011585825632209888,0.0,6.96363539331991e-7,0.579369128115406,1.8134467170103934e-7,-1.0035053287687958]
482.0,[0.012003141591776512,-0.007864286999392787,-0.018057733086607186,-0.00011580141290323807,0.0,6.966716023202797e-7,0.579358802066168,1.8142489643757287e-7,-1.003529963882]
483.0,[0.012003170013485942,-0.007863813304235615,-0.018049206573778065,-0.00011576730685192159,0.0,6.974471327261382e-7,0.5793571158191575,1.8162685748076518e-7,-1.0035339870625573]
484.0,[0.012097861675404904,-0.015337775494117521,-0.037135805541765876,-0.00017392096651747122,0.0,6.975742862151843e-7,0.5877568818243077,1.8165997036853757e-7,-0.9834945453528253]
485.0,[0.012099443817229863,-0.015499779237870824,-0.03754223598662065,-0.00017579964151082092,0.0,6.079696639121873e-8,0.5880683179933714,1.5832543331046545e-8,-0.9827513202147307]
486.0,[0.011927852483495371,-0.003609083402504135,-0.006284039955062326,-7.751452812954085e-5,0.0,4.5974848982672685e-8,0.5738619843595911,1.1972616922571012e-8,-1.01664356801885]
487.0,[0.012033315973288456,-0.009953282642527482,-0.02355449169044732,-0.00013250485153548652,0.0,1.1202325120406613e-6,0.5817493719944851,2.9172721667725556e-7,-0.9978268983247686]
488.0,[0.01208110234074411,-0.01381058230739048,-0.03335571818752214,-0.00016283649983961368,0.0,5.109352065404802e-7,0.5861682541823741,1.330560433699167e-7,-0.9872844903560525]
489.0,[0.012013752363297195,-0.008587145809239397,-0.01999467258428922,-0.00012230714219185757,0.0,1.8414284757950475e-7,0.5803296396044966,4.79538665571627e-8,-1.0012136398517182]
490.0,[0.012028200065590983,-0.00959232693276135,-0.02261657527924399,-0.00013007763755013002,0.0,6.312604923716763e-7,0.5814270601261987,1.643907532217907e-7,-0.9985956677205305]
491.0,[0.012007139578903054,-0.008128135201938372,-0.018749801711237524,-0.00011814051958936032,0.0,5.421324565924044e-7,0.57970977824533,1.4118032723760533e-7,-1.0026925798048756]
492.0,[0.012010843875032151,-0.008380614720711794,-0.01943192273756722,-0.00012011867056571644,0.0,6.731078083282287e-7,0.5799847507953497,1.7528849175214287e-7,-1.0020366206410258]
493.0,[0.01200447741211974,-0.007959026030827468,-0.018324897155252984,-0.00011661995813483371,0.0,6.505314335632669e-7,0.5794787891584177,1.694092274904341e-7,-1.0032436924832873]
494.0,[0.01189165269958418,-0.0019933092213856676,-0.0014637180356658064,-5.968843197479145e-5,0.0,6.890283592944749e-7,0.571248957762589,1.794344685662695e-7,-1.0228777325622376]
495.0,[0.011886802061174723,-0.001790093998958279,-0.0008455458555545192,-5.6812154980434564e-5,0.0,1.3069639740209822e-6,0.5707997883567796,3.4035520156796415e-7,-1.0239495431216739]
496.0,[0.012070662099480007,-0.012878350238073228,-0.03098818979196949,-0.0001549722128402209,0.0,1.3320017013317693e-6,0.5849872833422531,3.4687544305514823e-7,-0.9901022425983749]
497.0,[0.012072395823755262,-0.013044617238241091,-0.031444358228327474,-0.00015734826774860267,0.0,2.622933589621282e-7,0.5853905507415637,6.830556222972088e-8,-0.9891397797641834]
498.0,[0.01191545114428057,-0.003031175310752587,-0.004588684987538727,-7.13413328412571e-5,0.0,2.4664690098170195e-7,0.5729573114883335,6.423096379731823e-8,-1.0188019306802973]
499.0,[0.011913025825075843,-0.0029089619602018497,-0.004220623850414995,-6.923528417246416e-5,0.0,1.1852726162609934e-6,0.5726004863273909,3.08664743817967e-7,-1.01965354878773]
500.0,[0.012076450654300666,-0.013380940799834205,-0.03227142997275223,-0.0001588915665706736,0.0,1.1990453190195229e-6,0.5855601846862292,3.122513851613341e-7,-0.9887354161933242]
501.0,[0.01207815595686649,-0.013553839532202495,-0.032727598409110215,-0.0001612278310858528,0.0,2.206873461124829e-7,0.5859529468378539,5.747066305012577e-8,-0.9877980485037434]
502.0,[0.01191796172861359,-0.0031491254048887636,-0.0049396930990042165,-7.262599410751136e-5,0.0,2.0452876506782845e-7,0.5731445928009211,5.3262699236413664e-8,-1.0183551159352182]
503.0,[0.011915460618183715,-0.003022175102766292,-0.004558842192636803,-7.044036465231329e-5,0.0,1.1717860196225603e-6,0.5727728575233753,3.051526092767084e-7,-1.0192423155463834]
504.0,[0.011977419944741996,-0.006253723465003228,-0.013704948287340812,-0.00010135181582882068,0.0,1.1862973439775167e-6,0.577244649061736,3.0893159999414497e-7,-1.0085739037731953]
505.0,[0.011977438892548282,-0.006258460416574962,-0.013727685654885136,-0.00010171277153858681,0.0,8.499755666953953e-7,0.5773185213888306,2.2134780382692587e-7,-1.0083975453922067]
506.0,[0.011994832978719689,-0.007319537568643378,-0.01658975179452682,-0.00011100382835138588,0.0,8.491013164840388e-7,0.5786572266210104,2.2112013450105177e-7,-1.0052037768832025]
507.0,[0.011995306673876863,-0.007355538400588556,-0.016692069948476274,-0.00011139320577058241,0.0,7.482475821818672e-7,0.5787212857422361,1.948561411931946e-7,-1.0050509141033728]
508.0,[0.012000365738155475,-0.007681440668723855,-0.017563195342518156,-0.00011417000678193288,0.0,7.448152541701125e-7,0.5791239489958369,1.9396230577346678e-7,-1.0040902734010944]
509.0,[0.012000640481346636,-0.007700862170167965,-0.017625723103265045,-0.00011437748526077483,0.0,7.145002239863886e-7,0.5791557587287899,1.8606776666312202e-7,-1.0040143736399667]
510.0,[0.012002203675365308,-0.007801759238645899,-0.017891466086439323,-0.00011522445220180087,0.0,7.125228363154745e-7,0.5792773228195485,1.855528219571548e-7,-1.0037243557458042]
511.0,[0.0120022889404936,-0.007811706836946541,-0.017919887795869727,-0.00011532392818480729,0.0,7.033782653372292e-7,0.5792906618557208,1.8317142326490343e-7,-1.0036925293507326]
512.0,[0.012002791057360202,-0.007840602241534118,-0.017995205325860297,-0.00011555130186025052,0.0,7.024984984122578e-7,0.5793274842784986,1.829423172948588e-7,-1.003604681256474]
513.0,[0.012002762635650772,-0.007845339193105852,-0.01800373183868942,-0.00011559393442439613,0.0,6.997310054673719e-7,0.5793326341250509,1.8222161600712809e-7,-1.0035923942055949]
514.0,[0.01209785220150176,-0.015318827687830584,-0.03709743623403483,-0.00017379875316692048,0.0,6.993895298261131e-7,0.5877466144802469,1.8213269005888363e-7,-0.9835190409505289]
515.0,[0.012099481712842437,-0.015489831639570182,-0.03752518296096241,-0.0001757484824338462,0.0,6.15524825854225e-8,0.5880605697249326,1.6029292339953776e-8,-0.9827698056392615]
516.0,[0.012035769714202615,-0.010143708095711189,-0.02405045052000787,-0.00013511680663214065,0.0,4.655410991623454e-8,0.5821903533726798,1.2123466124019411e-8,-0.9967744592945034]
517.0,[0.012035258123432868,-0.010102496617037103,-0.023952395622472977,-0.00013438352652883623,0.0,4.924930782064114e-7,0.5820543767272395,1.2825340578291964e-7,-0.997099019983971]
518.0,[0.012014178688938651,-0.00859614601722569,-0.02000604126806138,-0.00012212524325150298,0.0,4.966142710240299e-7,0.580287278044614,1.2932663307917444e-7,-1.0013148140272323]
519.0,[0.012013316563752596,-0.008544986940250963,-0.01986251163543784,-0.00012151133432780624,0.0,6.301325651639299e-7,0.5801909711575048,1.6409702217810675e-7,-1.0015446224287263]
520.0,[0.012006599566423876,-0.008104450444079701,-0.018708590232563438,-0.00011784493381128412,0.0,6.355466509395062e-7,0.5796582683392287,1.6550694034882976e-7,-1.0028155010859299]
521.0,[0.012006230084201281,-0.00807508134433495,-0.018613377505971584,-0.00011754650586226488,0.0,6.756963048518392e-7,0.5796126924339335,1.759625793884998e-7,-1.0029242465134391]
522.0,[0.012004174247219149,-0.007945762566426613,-0.018265211565449135,-0.00011642669051070696,0.0,6.785762407434537e-7,0.5794516824887141,1.7671256269360773e-7,-1.0033083712684394]
523.0,[0.01200407003428457,-0.007927762150454024,-0.01822115791583201,-0.00011630731933109927,0.0,6.906818776281061e-7,0.5794329771533648,1.7986507229898598e-7,-1.0033530011776428]
524.0,[0.01200349212619282,-0.00788418219599407,-0.018098944565281272,-0.00011596625881793442,0.0,6.919271583415395e-7,0.5793841667727345,1.801893641514426e-7,-1.0034694492447471]
525.0,[0.012003293174226807,-0.007882287415365377,-0.018110313249053434,-0.00011592078408284577,0.0,6.955972282940852e-7,0.5793770339653415,1.8114511153491804e-7,-1.0034864673959811]
526.0,[0.012003226856904803,-0.007864760694549961,-0.018059154172078706,-0.00011581278158701024,0.0,6.960851024292326e-7,0.5793621918330113,1.81272162090946e-7,-1.0035218766573526]
527.0,[0.012003132117873367,-0.007869971341278868,-0.018071943941322388,-0.00011582983461266848,0.0,6.971992369177083e-7,0.5793595898756686,1.815623012806532e-7,-1.003528084582061]
528.0,[0.012003207909098515,-0.00785765526719236,-0.018046364402835025,-0.00011575025382626335,0.0,6.973802815822396e-7,0.5793550632235848,1.8160944832870824e-7,-1.0035388839452628]
529.0,[0.011888848424253712,-0.0018763065175638376,-0.001107025582314236,-5.83696646572207e-5,0.0,6.977066794520371e-7,0.5710604983708216,1.81694447773968e-7,-1.0233273459248537]
530.0,[0.011886280996501833,-0.0017593038137420078,-0.0007574385563202668,-5.652225354424444e-5,0.0,1.3209257895593687e-6,0.570757436290386,3.4399109103108557e-7,-1.0240505880378612]
531.0,[0.012070169456516547,-0.012823401599841112,-0.030865976441418752,-0.0001545714667372522,0.0,1.3349823431902158e-6,0.5849290335009933,3.4765165187245206e-7,-0.9902412111413241]
532.0,[0.011971659811630767,-0.005929715977496622,-0.01283240180782741,-9.931682143360375e-5,0.0,2.6667228386223244e-7,0.5770026535837633,6.94459072557897e-8,-1.0091509074045517]
533.0,[0.01191260897333753,-0.002892382629700781,-0.00418509671362699,-6.93432866682997e-5,0.0,8.809452783371586e-7,0.5726342157707325,2.2941283290030175e-7,-1.019572971284566]
534.0,[0.011992388711708674,-0.007163691861933329,-0.01616911049495684,-0.0001092814727599034,0.0,1.200732385663211e-6,0.5783930518526549,3.126907254331279e-7,-1.0058341479845179]
535.0,[0.012076744345298113,-0.013411730985050475,-0.03235243184462888,-0.000159622004503035,0.0,7.632504431420855e-7,0.5856909249331856,1.987631362349181e-7,-0.9884233516774156]
536.0,[0.012096298481386231,-0.01519282477602246,-0.03679048177218647,-0.00017341221791866698,0.0,2.168691071269571e-7,0.5877105668184799,5.647632998097842e-8,-0.9836048680434505]
537.0,[0.011919089123087662,-0.003189863188405676,-0.005061906449554954,-7.321148132177768e-5,0.0,7.101790432750936e-8,0.5732381649831407,1.849424591862223e-8,-1.0181318317609016]
538.0,[0.011923020792892203,-0.0033750779948604754,-0.005597655672318069,-7.402718438243028e-5,0.0,1.1666296705732287e-6,0.5732966177394243,3.0380981004511167e-7,-1.0179927714751131]
539.0,[0.012077492783646449,-0.013464784842653897,-0.0324803295370657,-0.00015957652976794634,0.0,1.14716696495249e-6,0.5856670311871215,2.987413971230443e-7,-0.9884804924417835]
540.0,[0.012080287585073771,-0.013756581059472712,-0.033223557238670764,-0.00016272281300189206,0.0,2.1330374111891033e-7,0.586166844291265,5.554784924971624e-8,-0.987287747656461]
541.0,[0.012027963218012397,-0.009580010858674843,-0.022599522253585747,-0.00013046701496932656,0.0,1.8838840657550168e-7,0.5815055676421528,4.90594808790369e-8,-0.9984082130495806]
542.0,[0.012028493756588432,-0.009605590397162207,-0.022640733732259832,-0.00013027090517425677,0.0,5.42328253242029e-7,0.5814636348915414,1.4123131594844506e-7,-0.9985083790188418]
543.0,[0.012011535469961624,-0.00842040511391436,-0.019525714378687553,-0.00012058194442943203,0.0,5.406004765404363e-7,0.5800633779363275,1.4078137409907197e-7,-1.0018489914235031]
544.0,[0.012104436564186472,-0.01594505268561382,-0.03863505071421969,-0.0001784371761459624,0.0,6.46441919188116e-7,0.5884174666862021,1.683442497885719e-7,-0.9819185603493178]
545.0,[0.012101727027887439,-0.015707731411869947,-0.038049563499953365,-0.0001774026259226957,0.0,1.1255148439781638e-8,0.588303437981915,2.9310282395264684e-9,-0.9821903734056988]
546.0,[0.011930675706632124,-0.0037464549980844213,-0.006683364972559502,-7.891003406257369e-5,0.0,2.8774265072512944e-8,0.5740653614806313,7.493298195966913e-9,-1.0161583621727317]
547.0,[0.012034301259215377,-0.010016757793588718,-0.023706547835899983,-0.000133030653159949,0.0,1.1052390892841612e-6,0.5818264413886276,2.8782267950108364e-7,-0.9976430274153775]
548.0,[0.01208181288347987,-0.013863636164993899,-0.03347651045260136,-0.00016326282548106974,0.0,5.053119178947874e-7,0.5862322080843361,1.3159164528510087e-7,-0.9871319126101976]
549.0,[0.012014027106488356,-0.008608935786469372,-0.020028778635605704,-0.0001224861989612691,0.0,1.793642424982409e-7,0.5803547660074928,4.670943815058357e-8,-1.0011536937264969]
550.0,[0.012028455860975857,-0.009608906263262421,-0.022657786757918075,-0.000130216903926339,0.0,6.294296331962557e-7,0.5814470644405991,1.6391396697819158e-7,-0.9985479424880112]
551.0,[0.012007177474515629,-0.008137135409924666,-0.01879101318991161,-0.00011823146905953762,0.0,5.406445138763962e-7,0.5797179350956598,1.407928421553115e-7,-1.0026731193591094]
552.0,[0.012010967035773016,-0.008382035806183314,-0.01944044925039634,-0.00012016982964269117,0.0,6.725130281203966e-7,0.5799910037474576,1.7513360107301995e-7,-1.0020217026714326]
553.0,[0.012004581625054318,-0.007956183859884428,-0.0182978965312941,-0.00011661995813483371,0.0,6.500673250545775e-7,0.5794814287347316,1.6928836589962954e-7,-1.0032373950426139]
554.0,[0.012005519541465521,-0.008021553791574357,-0.018479795471648686,-0.00011709175851137842,0.0,6.88831718923707e-7,0.5795472320926756,1.7938326013638205e-7,-1.0030804208759452]
555.0,[0.011889378962829747,-0.0019018860560512012,-0.001183764197776327,-5.8656723922467784e-5,0.0,6.833331779415085e-7,0.5711024421940067,1.7795134842226784e-7,-1.0232272748132905]
556.0,[0.012001739454111277,-0.007762442540600507,-0.017777779248717707,-0.00011429506230342666,0.0,1.3180228353171173e-6,0.5791065369406305,3.4323511336383263e-7,-1.0041320183069369]
557.0,[0.012071931602501232,-0.013004826845038526,-0.03132782921966282,-0.0001565553020554944,0.0,7.078024530293632e-7,0.585250564417971,1.8432355547639666e-7,-0.9894739062465742]
558.0,[0.012003899504027988,-0.007910235429638608,-0.018196999462816166,-0.00011661995813483371,0.0,2.510703781713029e-7,0.5795086702552106,6.538291098211014e-8,-1.0031722620591326]
559.0,[0.011914626914707089,-0.002986647965978287,-0.004445155354915187,-7.044889116514241e-5,0.0,6.92309071675802e-7,0.5728074016214042,1.8028882074890676e-7,-1.0191597319564616]
560.0,[0.012001853140948999,-0.0077752323098441885,-0.01780904312909115,-0.00011451675163698381,0.0,1.190345481048357e-6,0.5791483619966378,3.09985802356343e-7,-1.0040321900742648]
561.0,[0.012077369622905582,-0.013476627221583232,-0.032510172331967624,-0.00016014212178561138,0.0,7.064399996915027e-7,0.5857671397263275,1.8396874991966217e-7,-0.9882415046671899]
562.0,[0.012004126877703431,-0.007928235845611196,-0.018255263967148494,-0.00011681891010084654,0.0,2.1187818778003826e-7,0.5795374357670724,5.517661140105162e-8,-1.0031036217693372]
563.0,[0.011916805912430087,-0.0030851765586703546,-0.004746425474877469,-7.15317582944408e-5,0.0,6.906806744142047e-7,0.572961323668817,1.798647589620325e-7,-1.0187925173474917]
564.0,[0.011887408390975907,-0.001818515708388683,-0.0009350742402602918,-5.7255533647548866e-5,0.0,1.1788551871656271e-6,0.5708701436569769,3.0699353832438206e-7,-1.0237816497237793]
565.0,[0.012076175911109505,-0.013359150822604228,-0.0322131654684199,-0.0001585817699378822,0.0,1.3285083791748266e-6,0.5855068544919637,3.4596572374344443e-7,-0.9888626930364508]
566.0,[0.012072604249624419,-0.013072565252514321,-0.03150688598907436,-0.0001575898522787611,0.0,2.2291193434547208e-7,0.5854282440774118,5.804998290246669e-8,-0.9890498401695799]
567.0,[0.01202729057088921,-0.009528378086542942,-0.022458834791905247,-0.0001299639507124084,0.0,2.4433243008147006e-7,0.5814341814838626,6.362823700038282e-8,-0.9985785400072241]
568.0,[0.011915811152600023,-0.0030434913848390952,-0.004628475380741293,-7.1193539952219e-5,0.0,5.469528306743804e-7,0.5729199798689025,1.4243563298811992e-7,-1.0188911005102008]
569.0,[0.012009138572466327,-0.008247032686388895,-0.01907096702780109,-0.00011851568615384166,0.0,1.183942368934645e-6,0.5797286708516374,3.083183252433971e-7,-1.0026477366619397]
570.0,[0.01207788121367533,-0.013514996529314278,-0.032606806144031,-0.00016046612927311799,0.0,6.627346742236743e-7,0.5858195107216913,1.7258715474574852e-7,-0.9881165468263492]
571.0,[0.01200620166249185,-0.008080765686221032,-0.01864464138634503,-0.00011805241229012607,0.0,2.0851213973781195e-7,0.5797129340583749,5.43000363900552e-8,-1.0026849317864985]
572.0,[0.011917023812202387,-0.0031008084988570768,-0.004789058039023075,-7.168807769630803e-5,0.0,6.774808466925701e-7,0.5729823034470598,1.7642730382619012e-7,-1.018742460876603]
573.0,[0.011888232620549388,-0.0018440952468760465,-0.001014655026665423,-5.7616489357315e-5,0.0,1.1774665305217792e-6,0.5709226003445493,3.0663190899004665e-7,-1.0236565025589073]
574.0,[0.012076327493559802,-0.013362940383861616,-0.032238745006907266,-0.00015862724467297085,0.0,1.3246212477507542e-6,0.5855148491104196,3.4495344993509223e-7,-0.9888436187727302]
575.0,[0.012072784253784144,-0.013091513058801258,-0.03155804506604909,-0.000157723434313084,0.0,2.2236002709460506e-7,0.5854443471766069,5.790625705588673e-8,-0.9890114225786761]
576.0,[0.011917696459325573,-0.0031382304162737755,-0.0048970605348586105,-7.242704214149853e-5,0.0,2.431186488918721e-7,0.5731153006880468,6.331214814892503e-8,-1.0184250123294627]
577.0,[0.011913243724848144,-0.0029250675955457455,-0.004263256414560601,-6.936318186490098e-5,0.0,1.1734616395683516e-6,0.5726213208816178,3.0558896863759154e-7,-1.0196038392758693]
578.0,[0.012077009614586132,-0.013423573363979811,-0.032368063784815604,-0.00015921841622912325,0.0,1.1976515795716276e-6,0.5856085955941717,3.118884321801114e-7,-0.9886199211008976]
579.0,[0.011978992612663811,-0.006373094644610925,-0.014021850347489817,-0.00010330154509574639,0.0,2.1702894668358345e-7,0.5775802990088165,5.651795486551653e-8,-1.0077727927321616]
580.0,[0.011915678517956014,-0.003034964872009974,-0.004594369329424808,-7.083826858433895e-5,0.0,8.381449738143899e-7,0.5728534473616373,2.1826692026416407e-7,-1.0190499320604414]
581.0,[0.011994510866012812,-0.0073081688848712165,-0.016567014426982496,-0.00011055192317144245,0.0,1.1848845941964878e-6,0.578572684262012,3.0856369640533535e-7,-1.005405590719412]
582.0,[0.01197800732673689,-0.006298250809777527,-0.01383142489430611,-0.00010213057066721375,0.0,7.499385335568936e-7,0.5773841369754641,1.9529649311377438e-7,-1.008240969622298]
583.0,[0.011999759408354294,-0.007647808312564544,-0.017479351299698465,-0.00011375504982424899,0.0,8.455463560414916e-7,0.5790567105114439,2.2019436355247177e-7,-1.004250721189254]
584.0,[0.011880018746524001,-0.0015200877593694409,-1.1368683772161603e-5,-5.429967586678685e-5,0.0,7.181649675140428e-7,0.5704682874061316,1.8702212695678197e-7,-1.0247401993900025]
585.0,[0.011999730986644863,-0.007631702677220648,-0.017431034393666778,-0.00011314682524243834,0.0,1.3649113339982406e-6,0.5789398510881894,3.5544565989537513e-7,-1.0045296998722248]
586.0,[0.012069743130875091,-0.01282434899015546,-0.030871660783304833,-0.00015521663954132237,0.0,7.197301675335698e-7,0.5850537475781619,1.8742973112853382e-7,-0.9899434592528736]
587.0,[0.012003132117873367,-0.007872813512221908,-0.01809041805245215,-0.00011627321327978278,0.0,2.658409643500523e-7,0.5794525597854512,6.92294177994928e-8,-1.0033061308836253]
588.0,[0.012024022074304714,-0.009291530507956242,-0.02183497826990788,-0.00012759073797496967,0.0,6.96333782251299e-7,0.5810647410322571,1.8133692246127579e-7,-0.9994600807993945]
589.0,[0.012003691078158832,-0.007910235429638608,-0.018191315120930085,-0.0001162817397926119,0.0,5.686172515728266e-7,0.5794356462172825,1.480774092637569e-7,-1.0033465899592158]
590.0,[0.012009460685173204,-0.00828398090864842,-0.019164758668921422,-0.00011930865184694993,0.0,6.934186102385314e-7,0.5798675376320128,1.8057776308295092e-7,-1.0023162650131299]
591.0,[0.012003435282773959,-0.007887971757251458,-0.018133050616597757,-0.00011602026006585219,0.0,6.591001533582777e-7,0.5793930028624101,1.716406649370515e-7,-1.0034483571354476]
592.0,[0.0120049700550832,-0.007986026654786352,-0.018388846001471393,-0.00011684164746839086,0.0,6.953857856957006e-7,0.5795074726427549,1.8109004835825537e-7,-1.0031752779043506]
593.0,[0.012003321595936237,-0.007871866121907562,-0.01809041805245215,-0.00011584404546738368,0.0,6.862376297064956e-7,0.5793689293089883,1.787077160693999e-7,-1.0035057994477101]
594.0,[0.012003672130352545,-0.007902656307123833,-0.01815436689867056,-0.00011607426131376995,0.0,6.968269679735542e-7,0.5793988671075931,1.8146535624311308e-7,-1.003434380195802]
595.0,[0.01200308474835765,-0.007864286999392787,-0.018052048744721105,-0.00011579004421946591,0.0,6.94418969845441e-7,0.579358313360617,1.8083827339725028e-7,-1.0035311289893027]
596.0,[0.012003264752517376,-0.007868550255807348,-0.018059154172078706,-0.00011582699244172544,0.0,6.975152179279507e-7,0.579366006935351,1.816445880020705e-7,-1.0035127754239552]
597.0,[0.012003103696163937,-0.00786191852360692,-0.018042101146420464,-0.00011576162251003551,0.0,6.968913001462025e-7,0.5793541030513586,1.8148210941307357e-7,-1.003541174467223]
598.0,[0.012003037378841933,-0.007863813304235615,-0.018061996343021747,-0.00011577583336475071,0.0,6.977988850034852e-7,0.5793560336173068,1.8171845963632427e-7,-1.0035365690125986]
599.0,[0.01188881052864114,-0.0018777276030353578,-0.0011169731806148775,-5.8372506828163744e-5,0.0,6.976277045751063e-7,0.571058908487232,1.8167388139976727e-7,-1.0233311389046411]
