3.0,[-0.28048415567597523,0.028756664440116056,0.34902668815803484,2.199419969811574e-5,0.06289050854708764,-0.3367417426209826,51.662509612785676,34.974299056791615,-65.2487723531869]
4.0,[-0.2831772725512142,0.029377594612614005,0.35286492595641583,2.2145883833964816e-5,0.06289352690514806,-0.26734246207248813,51.15572347240327,29.48885972998977,-65.2487723531869]
5.0,[-0.13285850014149383,-0.0014486686858848144,-1.1794465702902,-0.00011257771845479983,-0.1878565689649472,-0.1416322769505164,45.44232165373362,9.780753639720444,-87.20373685165923]
6.0,[-0.29003508909741615,0.04119133165470683,0.45498505793405325,8.022405407128807e-6,-0.062317020515606225,7.395303545809656,132.45894052453278,909.6746765724241,-65.3303135440745]
7.0,[-0.2514335631837247,0.12326352987787151,2.0614029103927494,0.00013548202296801,0.3084852488499711,-0.07647033667401645,51.273704866687936,5.280870754769352,-51.9691807397261]
8.0,[-0.285071657967545,0.09469225542580194,1.052344466889866,5.245462134899276e-5,0.28508391880746914,-0.022097050392256304,49.35931876198334,1.5259847842158207,-60.81000091687536]
9.0,[-0.27535726442265024,0.03214096624915222,0.38441640905410673,1.3381911540462757e-5,0.1286907142644283,0.0,48.40100051873951,0.0,-65.41988624607673]
10.0,[-0.27615303291377236,0.0679556851606121,0.7444392600432792,3.135367267309935e-5,0.1373503835397976,0.0,48.84981571711102,0.0,-62.88851833845718]
11.0,[-0.2741506924102787,0.08810237381800441,0.9725641677468977,4.416817318686742e-5,0.18625985755098054,0.0,49.15054048765239,0.0,-61.192386258228154]
12.0,[-0.2754181800957681,0.07814071811698421,0.8572459904038561,3.883113877736296e-5,0.18495592686887544,0.0,49.002963804722796,0.0,-62.0247382725941]
13.0,[-0.2760627820192195,0.07048648581487073,0.7719627917216115,2.753347962208563e-5,0.1676607351826203,0.0,48.89196641005288,0.0,-62.65078285422887]
14.0,[-0.2689135640324897,0.1074505216222526,1.2458306787302984,8.220718369924078e-5,0.22454169283139486,0.0,49.51861143400786,0.0,-59.11642202142606]
15.0,[-0.26774470084616603,0.10968338490607576,1.2884692667441036,6.508373014116752e-5,0.25809979774723857,0.0,49.58351833926404,0.0,-58.75033389730929]
16.0,[-0.27633009324339963,0.06252623374502274,0.6891645403414415,3.0033458898116666e-5,0.18305134293274508,0.0,48.79096139440742,0.0,-63.22046450423362]
17.0,[-0.2764422811416855,0.05869588463504638,0.6488705717767337,2.6825620321456617e-5,0.1427472077518437,0.0,48.73228619036962,8.8126727278891e-6,-63.5513958249807]
18.0,[-0.27537143513814893,0.07889025943650298,0.8656475936185767,3.9364842218313406e-5,0.16744945011839033,0.0,49.009943733458776,8.8126727278891e-6,-61.9853659591025]
19.0,[-0.2756653210547708,0.03587311423194536,0.4220796820745923,1.4117860495878635e-5,0.1230705315559105,0.0,48.44602606626748,0.0,-65.16594079373256]
20.0,[-0.27478244867214824,0.026166357135743314,0.3272319055677615,8.421278505102297e-6,0.08611375546402429,1.4542316809645478e-7,48.321047645556,0.0,-65.87083561970653]
21.0,[-0.2745508218860876,0.08566704648184056,0.9434187351755731,4.660635522236735e-5,0.15904030456203658,0.0,49.107377774248754,0.0,-61.43582967173919]
22.0,[-0.2737662795462047,0.09003487501220238,0.9983489590323341,4.9937788280089606e-5,0.20095322458914636,0.0,49.186373176745974,0.0,-60.99028515150099]
23.0,[-0.2759324666472113,0.07177027359585533,0.787525331296406,3.840417602460261e-5,0.17773601438833053,0.0,48.91323837996831,0.0,-62.530806129876765]
24.0,[-0.2761190784071553,0.06964692679543404,0.7608142557282284,3.321882575094722e-5,0.1622216539577282,0.0,48.876335863934436,8.8126727278891e-6,-62.73894120207255]
25.0,[-0.27562411555866484,0.07615810605953226,0.8348814646851866,3.5387347100493244e-5,0.16995468730854593,1.4542316809645478e-7,48.971592798759175,0.0,-62.201670304181604]
26.0,[-0.27552688972752243,0.07719527969293023,0.8467057425285279,3.595475812718793e-5,0.1756865492652996,0.0,48.987748488238715,-8.8126727278891e-6,-62.11055467037005]
27.0,[-0.2750684762829026,0.02908177887146952,0.35548478072229645,1.0258341928163306e-5,0.11374380514918651,0.0,48.36180039872885,0.0,-65.64098470070624]
28.0,[-0.27591892165161774,0.07281643889624848,0.7964207921911318,2.5499788615516562e-5,0.14235180284592758,0.0,48.918296853925696,0.0,-62.50227107552211]
29.0,[-0.26467265535778634,0.1144626074589582,1.3977569600019124,3.567386157931927e-5,0.2455162629933123,0.0,49.72653645214899,0.0,-57.94369282103985]
30.0,[-0.27539580140739606,0.07801372344942321,0.8563106721391635,3.9949107037880214e-5,0.21053651143100674,0.0,49.007026541733474,0.0,-62.00182849046095]
31.0,[-0.27643046607759436,0.055239952579947564,0.6138199263365677,2.6572813428374827e-5,0.1478904898868138,0.0,48.68920000948683,0.0,-63.79440758494984]
32.0,[-0.27585069977843113,0.07353506504609844,0.8061570156727931,2.7269436867089094e-5,0.15797482416670533,-1.4542316809645478e-7,48.932305561942876,0.0,-62.42326929323736]
33.0,[-0.2669392336965143,0.11200495250025577,1.3197918889656945,4.808948899511386e-5,0.23623179359943433,0.0,49.62249211841518,0.0,-58.53051662712859]
34.0,[-0.26792426405541386,0.10935200661681556,1.2806795652402183,6.421295084277469e-5,0.26168560712302763,0.0,49.57339650629475,0.0,-58.807417782195465]
35.0,[-0.2763916530399492,0.05968820096343473,0.6603834783754864,3.160647956618114e-5,0.1789916513414688,0.0,48.75407271936136,0.0,-63.42852151142715]
36.0,[-0.27204085690778773,0.09789278372625142,1.105259510506021,5.308944754717593e-5,0.19974588136497495,0.0,49.32330451169669,0.0,-60.217969715930145]
37.0,[-0.26691188605595445,0.11137674817018871,1.320780206591168,5.8847826778483364e-5,0.25329155335697606,0.0,49.62253364137862,0.0,-58.530282432121815]
38.0,[-0.27615089810468424,0.06773069142580035,0.7443206137469853,2.819639547505566e-5,0.1916627184791475,0.0,48.861079838662675,0.0,-62.82498261073736]
39.0,[-0.2764303924634879,0.0576845746730053,0.6402551643224985,2.646607274018474e-5,0.14467292019439706,-1.4542316809645478e-7,48.72088854399437,0.0,-63.6156800583104]
40.0,[-0.27554510921887787,0.0771567872757936,0.846084806835741,3.8185076717265056e-5,0.16450353265141213,0.0,48.98486060684054,-8.8126727278891e-6,-62.12684270348816]
41.0,[-0.2751270915151927,0.08095137177772176,0.8892088208130634,4.098842426499424e-5,0.18165082479270628,0.0,49.04290889554803,0.0,-61.79944267607849]
42.0,[-0.2757288316251423,0.07466144813968446,0.8183125395210159,3.8814284984490845e-5,0.17527605256908133,0.0,48.95180832794564,0.0,-62.31326192887945]
43.0,[-0.2758685511992542,0.07306244686403769,0.8012142230144983,3.595475812718793e-5,0.1689948494453297,1.4542316809645478e-7,48.928307144816735,-8.8126727278891e-6,-62.44580711859504]
44.0,[-0.2757104649055738,0.07520781819709886,0.8255758610098712,3.875248774395974e-5,0.17104733292642105,0.0,48.95969931934995,0.0,-62.26876487759258]
45.0,[-0.27564320001577153,0.07584935848270934,0.8325368452360893,3.6437900189522015e-5,0.17334430341040713,0.0,48.96902733095944,0.0,-62.21613988195301]
46.0,[-0.27510338777290394,0.02938254508095966,0.35841118860905835,9.763964003914471e-6,0.11327897800788053,0.0,48.36532333721486,0.0,-65.6211148616022]
47.0,[-0.2748934035341504,0.02721929144387439,0.3369958332607401,7.550499206709465e-6,0.08377452796719223,0.0,48.3325902152154,-8.8126727278891e-6,-65.80573399988259]
48.0,[-0.2742996505547547,0.0874465883071544,0.9651532912195043,4.496030145185703e-5,0.16232125977372233,0.0,49.13590405012915,0.0,-61.274937702086156]
49.0,[-0.27380934379849947,0.0897715909201865,0.9955128909650853,4.973554276562418e-5,0.20190098902012088,0.0,49.18329314986995,0.0,-61.00766150259175]
50.0,[-0.27599916102768834,0.07110206139915806,0.7800096605783774,3.7848000859822664e-5,0.17659507504148858,0.0,48.903058740520514,0.0,-62.58821145888988]
51.0,[-0.2761168699839607,0.06949174476729267,0.7623403964125368,4.157268908456104e-5,0.16185341427435593,0.0,48.8770881623308,8.8126727278891e-6,-62.7346981395969]
52.0,[-0.2756021233443519,0.07642563341013014,0.8381288800639518,3.7949123617055386e-5,0.17034405549834122,0.0,48.9752085532811,0.0,-62.181281562415485]
53.0,[-0.2755247733219609,0.07716870881180968,0.8467400716599429,3.918506842767747e-5,0.17582841209413974,1.4542316809645478e-7,48.98760275077881,8.8126727278891e-6,-62.11137664892323]
54.0,[-0.2757209917228014,0.07480329421228242,0.8197633970223966,3.8656982917684396e-5,0.17301530238182042,0.0,48.9533951564895,0.0,-62.304316598032514]
55.0,[-0.27576876727791133,0.0744457491617666,0.816085964102749,4.036483392872582e-5,0.17098394740715206,1.4542316809645478e-7,48.94789132839487,0.0,-62.33535432451837]
56.0,[-0.26860933533390646,0.10835575011974392,1.2609644052951372,3.570195123410614e-5,0.22875230232569257,0.0,49.536708118484086,0.0,-59.0143589190626]
57.0,[-0.26818294402560844,0.1089698102545377,1.275691602672167,6.426913015234842e-5,0.2571882536129892,0.0,49.5657644227801,0.0,-58.85047292697004]
58.0,[-0.2733380662887711,0.015217032484781703,0.22028582043173286,4.235919941859327e-6,0.12243969472128094,0.0,48.196094464292884,0.0,-66.57558809185285]
59.0,[-0.27259879662437764,0.010395680435978083,0.17324587641124825,-3.595475812718793e-7,0.05561022890533416,0.0,48.12386079142967,0.0,-66.98300474657661]
60.0,[-0.27374765517726357,0.09083371895524522,1.0068101865279335,5.014003379455504e-5,0.15830382519529204,-1.4542316809645478e-7,49.18791278309612,0.0,-60.981606160073525]
61.0,[-0.27294448846843955,0.09426803059756912,1.0502425604225272,5.149395515528196e-5,0.21133335795895986,0.0,49.25697605557465,-8.8126727278891e-6,-60.59207098292572]
62.0,[-0.27605735297886613,0.06996567633891451,0.7666995938367769,4.535917454983052e-5,0.17824309854248252,0.0,48.88708298388253,-8.8126727278891e-6,-62.67832602384896]
63.0,[-0.27621939603077017,0.06757338776836799,0.7425120105603326,2.7370559624321812e-5,0.15857245906267017,0.0,48.850515908259155,0.0,-62.88456457569578]
64.0,[-0.2755743156156265,0.07673822012567011,0.8416515307595003,4.086482978393203e-5,0.1696528515025031,1.4542316809645478e-7,48.979966596385395,0.0,-62.15445016193363]
65.0,[-0.27545684590520025,0.07786258261993136,0.8540678355533843,3.84884449889632e-5,0.17698142487322344,0.0,48.99712535039342,-8.8126727278891e-6,-62.05767251942892]
66.0,[-0.27572848195813643,0.0747357051648693,0.8186233085001411,4.1864821494344444e-5,0.17329600968144027,1.4542316809645478e-7,48.95202896957488,0.0,-62.312017480902284]
67.0,[-0.275794274565809,0.07420489372225553,0.8134649048059416,3.844911947226159e-5,0.17060967100765892,-1.4542316809645478e-7,48.94448400286587,0.0,-62.35457209125062]
68.0,[-0.27569285273059685,0.075287732900393,0.8253024324894781,3.719632086876739e-5,0.1717958857254073,0.0,48.960155257771994,0.0,-62.26619332457704]
69.0,[-0.2756694618482607,0.07552293066179477,0.8278476063378947,3.7409802245147565e-5,0.17279798060146956,0.0,48.96333542826572,-8.8126727278891e-6,-62.2482567422936]
70.0,[-0.27571099860784587,0.0751940781216905,0.8237684623541452,3.856709602236643e-5,0.17239955733749301,1.4542316809645478e-7,48.95790894686769,8.8126727278891e-6,-62.278853631119645]
71.0,[-0.27571802875501533,0.0750563742777083,0.8228072466745256,3.71513774211084e-5,0.1720373543702416,0.0,48.95660789401337,0.0,-62.286196333390826]
72.0,[-0.27571609638472006,0.07518488439476285,0.8241063332791244,3.4364883666251336e-5,0.1721641254087796,0.0,48.958479684070994,0.0,-62.27563918985022]
73.0,[-0.27569047867566265,0.07517104328938827,0.8244911809102503,3.308961333892764e-5,0.17229693316343844,0.0,48.95900075655333,0.0,-62.27269568005921]
74.0,[-0.2757073179025215,0.0751775092072275,0.8244496245932742,3.7207556730682136e-5,0.17225769450865286,-1.4542316809645478e-7,48.9583567435322,0.0,-62.27632799869367]
75.0,[-0.26861481958483974,0.10800456995710109,1.2589329638870188,4.940408483913916e-5,0.2290631932059167,0.0,49.53518723817628,0.0,-59.02292310901617]
76.0,[-0.26810671661834135,0.10896395051649589,1.2757126819633868,6.68870859784843e-5,0.2568169955715565,-1.4542316809645478e-7,49.56228952066355,0.0,-58.87007183459567]
77.0,[-0.2763603486411657,0.062056949551847825,0.6842319861960248,3.160647956618114e-5,0.1814968885316244,0.0,48.78445205925704,0.0,-63.257178015589496]
78.0,[-0.2764471028656604,0.059311662279266195,0.6549311691351376,2.7162696178899006e-5,0.14319090638672669,1.4542316809645478e-7,48.739543753037594,0.0,-63.51046221144395]
79.0,[-0.27535216664577605,0.0790602928696813,0.8675375026427913,3.904462015374314e-5,0.16802595650793214,0.0,49.01247582005261,-8.8126727278891e-6,-61.97109383986622]
80.0,[-0.2751693092052629,0.08056220434777348,0.8846701482807239,4.138729736296773e-5,0.18230279013375883,-1.4542316809645478e-7,49.037256073290486,0.0,-61.83132534141232]
81.0,[-0.2758019856434635,0.07392978912418981,0.8112232727510892,3.438173745912346e-5,0.17404154412236608,0.0,48.94187294122394,0.0,-62.369303416382536]
82.0,[-0.2758671525312309,0.07326945726485909,0.8020296904519701,4.095471667925e-5,0.168729233936012,0.0,48.92997539093595,-8.8126727278891e-6,-62.43639798979352]
83.0,[-0.27567912369973707,0.07558849910988315,0.8284570989868765,3.876372360587449e-5,0.17147292141294146,-1.4542316809645478e-7,48.96326052409639,0.0,-62.24867002759967]
84.0,[-0.275646144580031,0.07588320352139902,0.832170065568866,4.438727249420497e-5,0.1734499459425221,1.4542316809645478e-7,48.96855673737384,0.0,-62.21879409202977]
85.0,[-0.27570126314226295,0.07507314525210378,0.8230246645068205,3.703901880196094e-5,0.1725384018082727,-1.4542316809645478e-7,48.95698485738731,0.0,-62.28407021009404]
86.0,[-0.27571412720737154,0.07492139824281449,0.8212028114799725,4.044348496212905e-5,0.17180795915764902,0.0,48.954733661428484,0.0,-62.29676266104934]
87.0,[-0.275108154286299,0.029421037498096287,0.3590568171858455,1.0370700547310768e-5,0.1126813431119157,0.0,48.365801258382255,0.0,-65.61842391505378]
88.0,[-0.2749330815375468,0.02760785269402524,0.34104004584761105,9.72463848721286e-6,0.08426350197298164,0.0,48.33756075819139,0.0,-65.77770407201314]
89.0,[-0.2743049507704217,0.08747891789635051,0.9651111326370648,4.6628826946196844e-5,0.16254159991213363,-1.4542316809645478e-7,49.13589835089887,0.0,-61.27496525443989]
90.0,[-0.2738292380107775,0.0897315830535563,0.993860876798922,4.994902414200435e-5,0.20173196096873688,0.0,49.18156872562373,0.0,-61.01738289140231]
91.0,[-0.27597821781439286,0.07108731102408734,0.7789412416462688,3.464016228316262e-5,0.17651961608997788,0.0,48.903004190745015,0.0,-62.588514534781]
92.0,[-0.27609092101142413,0.06924209972071889,0.7624114637372205,2.5325632755837997e-5,0.16190774471944364,0.0,48.87769472326727,0.0,-62.731272463615475]
93.0,[-0.2756144353036618,0.07642906842898223,0.8377078965050206,3.685362708036763e-5,0.1703742390789455,0.0,48.975246819541525,0.0,-62.18105655152662]
94.0,[-0.275523650706837,0.07713779364214088,0.8465720395956485,3.7848000859822664e-5,0.17581030194577718,0.0,48.98739025090711,0.0,-62.11257976836979]
95.0,[-0.27573219947051403,0.07483400732201874,0.8200844045144,3.708396224961993e-5,0.1730032289495787,1.4542316809645478e-7,48.9533739879199,0.0,-62.30443599156538]
96.0,[-0.2757568785997137,0.07445181095974088,0.8159492498425526,3.673003259930542e-5,0.17098696576521247,0.0,48.94796541838845,0.0,-62.33493644715334]
97.0,[-0.27569531880316417,0.07528419685157468,0.8253626590358203,3.7179467075895265e-5,0.17191662004782446,0.0,48.959795392088886,8.8126727278891e-6,-62.268209238458866]
98.0,[-0.2685693076635043,0.10831291341405906,1.2624748870773967,6.893763077792548e-5,0.22943746960540984,0.0,49.53886568423124,0.0,-59.00218077871041]
99.0,[-0.2681574551412374,0.10896677935555056,1.2736896722717561,5.720739093893042e-5,0.2569166013875506,0.0,49.56192639827743,0.0,-58.87211530083124]
100.0,[-0.2763684829999325,0.062021387003732095,0.6830178190217684,3.13424368111846e-5,0.18135804406084471,0.0,48.78314530717245,0.0,-63.264543678155455]
101.0,[-0.2729106627865089,0.012371523485692102,0.1922353064729073,-5.112317171209534e-7,0.08409145556353721,0.0,48.15337221997197,0.0,-66.8165472014685]
102.0,[-0.2753733675084442,0.03207064939265066,0.38413635561361603,1.0954965366877571e-5,0.08027926933321605,0.0,48.39037064009994,0.0,-65.47984935192852]
103.0,[-0.2734905395068319,0.09198475336059327,1.0213006935778388,3.49379126239034e-5,0.17216110705071916,0.0,49.211255201953065,0.0,-60.84995182979546]
104.0,[-0.2740093901328773,0.08857084977144941,0.9817902723810416,5.192091790804232e-5,0.20346449849542284,0.0,49.16565891722179,0.0,-61.10711631546801]
105.0,[-0.2760498627435311,0.06907590542625759,0.758649713652694,3.766822706918673e-5,0.17316923864290226,0.0,48.875858756942804,0.0,-62.741632148620965]
106.0,[-0.2760849030582188,0.0696188404648199,0.7654185751960807,3.702216500908882e-5,0.1611923938591221,0.0,48.88241938516566,0.0,-62.704629337550834]
107.0,[-0.2755392753009388,0.07706565824624705,0.845286202831245,3.917945049672009e-5,0.1715513987225126,0.0,48.984977848149065,8.8126727278891e-6,-62.12618144699845]
108.0,[-0.2680798290659471,0.10904578478914857,1.2793341041949362,6.460058807883343e-5,0.232700314668733,-1.4542316809645478e-7,49.561180613287085,-8.8126727278891e-6,-58.87632621889419]
109.0,[-0.2682777589947634,0.10878027803787545,1.2703212015348433,5.1499573086239335e-5,0.25718523525492876,0.0,49.55432606761717,0.0,-58.914982171188605]
110.0,[-0.2763703233525947,0.06131892564848019,0.677128265054976,2.937054304514664e-5,0.1802321965043049,0.0,48.7750458867752,0.0,-63.31022548065305]
111.0,[-0.27188634089827196,0.09874012205308844,1.1108834654034447,3.7645755345357235e-5,0.20136975800148546,-1.4542316809645478e-7,49.33043750547436,0.0,-60.17774327947267]
112.0,[-0.2669950883998111,0.1115816369417191,1.3141872065631002,8.425772849868196e-5,0.25297160740257063,0.0,49.615951030410415,0.0,-58.56740922878377]
113.0,[-0.2703279670710001,0.10360097681869106,1.1870923303483274,7.699374377079853e-5,0.24875194283409163,0.0,49.44163762990693,0.0,-59.550564459275684]
114.0,[-0.2718651584391304,0.0984551165183314,1.1112339839031555,4.538164627366001e-5,0.23136016368990275,0.0,49.34035172362647,0.0,-60.121825777561405]
115.0,[-0.27630692320338296,0.06415423062097976,0.7065013539714737,3.074131819874568e-5,0.1743494166445298,0.0,48.81035098998043,0.0,-63.11110002812959]
116.0,[-0.2763217932528933,0.06519443515336487,0.7170729196508997,3.3010962305524414e-5,0.15208298923274896,0.0,48.8186922205765,0.0,-63.06404979206301]
117.0,[-0.27539482602048515,0.07855675951795177,0.8619900354592219,4.064573047659448e-5,0.17081190099770763,0.0,49.005964856550726,0.0,-62.007811943281055]
118.0,[-0.2753770298102419,0.0786555668249324,0.8630843518062576,3.951090842320511e-5,0.1792783953572095,0.0,49.00919143506241,0.0,-61.98961820569607]
119.0,[-0.27577513489812244,0.0740476910947894,0.8121092052477813,4.059516909797812e-5,0.17295795357867227,0.0,48.94324808407184,0.0,-62.36154283674633]
120.0,[-0.27580763552613635,0.07385219811011912,0.8095772812395601,3.623003674409921e-5,0.16977358582492025,-1.4542316809645478e-7,48.939934388754516,0.0,-62.38024170081652]
121.0,[-0.27567579266141856,0.0755456624041983,0.8278120726755528,3.7539014657167144e-5,0.17189549154140146,2.9084633619290957e-7,48.96310338817594,-8.8126727278891e-6,-62.24955629497824]
122.0,[-0.27565865897813374,0.07564002439266447,0.8293129182103975,3.870192636534338e-5,0.173096798049452,1.4542316809645478e-7,48.96503786976659,0.0,-62.23865015495695]
123.0,[-0.2756960365407024,0.07515598982441883,0.8231920943056515,3.5617682269745543e-5,0.17238144718913043,0.0,48.956923794205785,0.0,-62.28441461451577]
124.0,[-0.2757062504979774,0.07506243607568257,0.8224940686335468,3.5465998133896465e-5,0.17192869348006617,0.0,48.95597283692553,0.0,-62.28976895525885]
125.0,[-0.27571107222195235,0.07521004085635609,0.8248218246496684,3.386488781104513e-5,0.17216714376684,0.0,48.95880616854821,8.8126727278891e-6,-62.273797774208724]
126.0,[-0.26856698881915,0.10805922716883577,1.2591088254023377,5.438157166737174e-5,0.22918392752833383,1.4542316809645478e-7,49.53619763028655,0.0,-59.0172197717924]
127.0,[-0.2555246671517275,0.12003683481616642,1.6325543667747704,7.059492041035055e-5,0.30636334313348984,0.0,50.07782235116735,0.0,-55.96239387962256]
128.0,[-0.27085355338778905,0.10120707176868474,1.1559076269178599,5.737592886765161e-5,0.2646345429480662,-1.4542316809645478e-7,49.395451067754266,0.0,-59.81105359563262]
129.0,[-0.2738562175808049,0.0895974152583924,0.9921907946688561,4.799398416883851e-5,0.21403780678110376,0.0,49.1822436773235,-8.8126727278891e-6,-61.01357607452751]
130.0,[-0.27629072809995586,0.06517534048974591,0.7163833256952828,2.6904271354859842e-5,0.1685632242426884,0.0,48.82154264989001,0.0,-63.0479821777748]
131.0,[-0.2743911160820645,0.02289328931953505,0.2950450324061616,5.769615093222188e-6,0.0987516206630383,0.0,48.28374618340284,-8.8126727278891e-6,-66.08122080079092]
132.0,[-0.27560808608697734,0.07674761591253022,0.8412456038371546,3.8505298781835324e-5,0.1444344699076232,-1.4542316809645478e-7,48.97443101543637,0.0,-62.18566238665983]
133.0,[-0.27631583051026787,0.04844285851139617,0.5460126646064057,2.3331267265970542e-5,0.1370213825112109,-1.4542316809645478e-7,48.60251797369946,0.0,-64.28330573379478]
134.0,[-0.2749193341031604,0.027489041453729504,0.34011135250301616,6.8370219751230795e-6,0.0946587271330973,0.0,48.338449023938615,0.0,-65.77268954363282]
135.0,[-0.27504536145346575,0.08208543314874184,0.9019383036479263,4.1735609082324865e-5,0.1545157858294543,0.0,49.053138199716805,0.0,-61.74174345529217]
136.0,[-0.273876645495355,0.08960458838599529,0.9920010810478784,4.961194828456197e-5,0.197844315786905,0.0,49.17858395731088,0.0,-61.03422197159519]
137.0,[-0.27586996827080407,0.07313892654847975,0.8022609603899237,3.384241608721564e-5,0.17924519341854478,0.0,48.932141912616395,0.0,-62.424178520910715]
138.0,[-0.27442339586775893,0.023192843169430332,0.29797625841663083,6.5505074962970505e-6,0.1040096004043047,-1.4542316809645478e-7,48.28841792387724,8.8126727278891e-6,-66.05487156649947]
139.0,[-0.27499112626051164,0.02809865627000881,0.34565219476648784,1.0365082616353395e-5,0.08143831882842059,1.4542316809645478e-7,48.34288546762021,0.0,-65.74766741437976]
140.0,[-0.27401413824274573,0.08901103733434781,0.986565032975042,4.6033326264715295e-5,0.16540300335341981,0.0,49.16297946481655,0.0,-61.12221959737539]
141.0,[-0.27384940827595494,0.08960479044592777,0.9938114910309215,4.70557896989572e-5,0.20281856987049113,0.0,49.18059415724662,0.0,-61.022884178032]
142.0,[-0.2745255906510892,0.024076148164248027,0.3066374380460859,7.6235323091553155e-6,0.11617660174589187,1.4542316809645478e-7,48.3018054157944,0.0,-65.97937352519841]
143.0,[-0.2741869473577234,0.02115082549183051,0.2781749745102805,5.005576483019445e-6,0.07354531250040014,0.0,48.25759404402007,8.8126727278891e-6,-66.22872232652729]
144.0,[-0.2740966044455375,0.08876462524669365,0.981105496549132,4.815690416660233e-5,0.16097809043683167,0.0,49.15556232370086,8.8126727278891e-6,-61.16405784652654]
145.0,[-0.27352199113382836,0.09143050296581232,1.015212994273581,5.156137032677044e-5,0.20533889885094891,0.0,49.20988494415968,-8.8126727278891e-6,-60.857671080901056]
146.0,[-0.2760048845244677,0.07064389050226932,0.7743730581062217,2.4112159669045403e-5,0.17716252635684912,0.0,48.89698091851957,0.0,-62.622495771057864]
147.0,[-0.2761445488879997,0.06864571983001674,0.7540947799528421,3.796035947897013e-5,0.16065512612436583,0.0,48.86748658766809,0.0,-62.788843106751024]
148.0,[-0.27558683001372924,0.07654030242181012,0.8393876148825014,3.9089563601402125e-5,0.17010560521156737,0.0,48.97703637784803,0.0,-62.170972390058516]
149.0,[-0.27549703920734203,0.07744260105028053,0.8493761875933359,3.870754429630075e-5,0.17625098222259974,0.0,48.99104834256823,-8.8126727278891e-6,-62.09194764747899]
150.0,[-0.2757454684132083,0.07476914608369403,0.8194773209272718,3.352781195360274e-5,0.17311490819781455,0.0,48.95286268554661,0.0,-62.307315212531]
151.0,[-0.27577664398730545,0.07418994128725231,0.8147386962610766,3.852777050566482e-5,0.1708601947266745,1.4542316809645478e-7,48.9466578521281,0.0,-62.34232047795513]
152.0,[-0.2756986866485359,0.07526671866741554,0.8254644418991384,3.70895801805773e-5,0.17187436303497844,0.0,48.95993135943974,0.0,-62.26744236461316]
153.0,[-0.26856936287408417,0.10844637399945929,1.261175800472798,5.6224253021390124e-5,0.22948576333437667,0.0,49.539301268259436,0.0,-58.999724027168774]
154.0,[-0.2683165352253553,0.1085146702566361,1.2743515620160557,7.824092444333535e-5,0.2569316931778528,0.0,49.56189383124728,0.0,-58.87229439113054]
155.0,[-0.27636274109962655,0.06207149786698608,0.6825257681381536,2.9657057523972667e-5,0.18133691555442172,0.0,48.78299142795501,0.0,-63.26541616935716]
156.0,[-0.2764362447849536,0.059231949635904516,0.6551997795318233,2.5533496201260803e-5,0.14313355758357854,0.0,48.739634940722006,0.0,-63.50995708495876]
157.0,[-0.27534809946639266,0.07908928846999158,0.8679193389466001,3.983674841873275e-5,0.1680833053110803,0.0,49.01299282165617,0.0,-61.96816869831103]
158.0,[-0.27516967727579533,0.08054240247439086,0.8846587052369189,4.0567079443191256e-5,0.18232391864018183,0.0,49.037241418126925,0.0,-61.83140799847353]
159.0,[-0.27580397322433864,0.07402819231130549,0.8106842451613275,3.6471607775266255e-5,0.17402947069012437,0.0,48.94168975167937,0.0,-62.37033662964771]
160.0,[-0.27585283458751925,0.07298020847152006,0.8023055280342168,3.592105054144369e-5,0.1687201788618307,-1.4542316809645478e-7,48.929974576760195,0.0,-62.43640717391143]
161.0,[-0.27568354054612626,0.07557071783582528,0.8280734558866775,3.5926668472401064e-5,0.17148197648712274,0.0,48.96332484398093,0.0,-62.24830725494212]
162.0,[-0.275646144580031,0.07588391073116268,0.8320207037339377,3.361208091796334e-5,0.17345296430058255,1.4542316809645478e-7,48.968557551549594,-8.8126727278891e-6,-62.21878949997081]
163.0,[-0.2757111090290056,0.0751295199732645,0.8228500075224285,3.8741251882044994e-5,0.1725353834502123,-1.4542316809645478e-7,48.95696287464196,0.0,-62.28419419568586]
164.0,[-0.26865011754890017,0.10814328410074568,1.2551284529545892,7.040391075779986e-5,0.22868589844836315,0.0,49.53199404087049,0.0,-59.040928572183944]
165.0,[-0.2680458561558034,0.1089751648427483,1.27578194249168,6.551631082488525e-5,0.2567113530394415,0.0,49.56265101469817,8.8126727278891e-6,-58.86802377630114]
166.0,[-0.27634564422339497,0.062170911353764145,0.6852992005972065,2.6100907227955487e-5,0.1816236595701624,0.0,48.78558783443338,0.0,-63.250762909227504]
167.0,[-0.2764469556374474,0.05924245675239325,0.6550311452020654,2.5460463098814952e-5,0.14323014504151227,0.0,48.739453379528946,0.0,-63.5109719299881]
168.0,[-0.26761271075323523,0.11038039064315083,1.2979531409965914,8.175213129169355e-5,0.22427909568013757,0.0,49.58522240911641,0.0,-58.740722717913684]
169.0,[-0.2667217408188991,0.11188765670945361,1.3269100644778653,4.956138690594561e-5,0.26592941855599006,0.0,49.6350108848032,0.0,-58.459913720674976]
170.0,[-0.2763706178090206,0.060806400629755473,0.6713230282530626,2.923009477121231e-5,0.18317509561322265,0.0,48.76911868728868,0.0,-63.34365566985516]
171.0,[-0.2764420050887862,0.05714820658224845,0.6345866417807816,2.758965893165936e-5,0.13994315311370564,0.0,48.71344860595758,0.0,-63.65764229305338]
172.0,[-0.27531994207066146,0.07938540730103477,0.8712167423588292,3.96176491113952e-5,0.1673317341540336,-2.9084633619290957e-7,49.017015664054924,-8.8126727278891e-6,-61.94549770324362]
173.0,[-0.2751016026308217,0.08116757590547079,0.8917931419166022,4.125246701999077e-5,0.18342561933223822,-1.4542316809645478e-7,49.04657757149395,-8.8126727278891e-6,-61.77875085842126]
174.0,[-0.2758095310893784,0.07386078565724934,0.8097272453399519,3.43929733210382e-5,0.17432526978004637,-1.4542316809645478e-7,48.94057758759989,0.0,-62.37661397424102]
175.0,[-0.2758781946472039,0.07290928543522109,0.7991701340316479,4.104460357456797e-5,0.16834590246233758,0.0,48.926639712873275,0.0,-62.45521624739657]
176.0,[-0.2756671430039063,0.07548544854432053,0.8281511481314587,3.598284778197479e-5,0.1713612421647056,1.4542316809645478e-7,48.96360817714319,0.0,-62.246709218425316]
177.0,[-0.2756436232968838,0.07603969893910148,0.8327873876688724,3.3859269880087756e-5,0.17358879041330183,0.0,48.96974380562265,0.0,-62.21210805418935]
178.0,[-0.2757116611348042,0.07503899712351537,0.8233179677875065,3.704463673291831e-5,0.17258065882111873,0.0,48.956900997284684,0.0,-62.28453860010759]
179.0,[-0.2757325491375198,0.07486179056273415,0.8210311658228976,3.87187801582155e-5,0.17176872050286346,0.0,48.95431273256385,0.0,-62.29914593964768]
180.0,[-0.27570650814735015,0.075294097788266,0.8248398926135709,3.711766983536416e-5,0.1720916848153293,-1.4542316809645478e-7,48.95875894635449,8.8126727278891e-6,-62.27405492951028]
181.0,[-0.2756894848852251,0.07531127288252644,0.8254602260408944,3.894349739651042e-5,0.1723905022633117,0.0,48.95981981736149,0.0,-62.26807147669018]
182.0,[-0.27569318399407605,0.07519700799071141,0.82439782976342,4.0606404959892866e-5,0.17228485973119673,0.0,48.95828509606588,0.0,-62.27673209988182]
183.0,[-0.2757117347489107,0.07511406238843012,0.823420352916288,3.890417187980881e-5,0.17217318048296087,-1.4542316809645478e-7,48.95785928214672,0.0,-62.27912915465703]
184.0,[-0.2757034163548777,0.07509516978474363,0.824516476059714,4.047157461691591e-5,0.1722063824216256,0.0,48.958387682210834,0.0,-62.276153500453326]
185.0,[-0.2757020544939077,0.07516184956246062,0.8243195352531754,3.891540774172356e-5,0.17224863943447158,0.0,48.95855540241609,0.0,-62.27520753630832]
186.0,[-0.27570836690353895,0.07517821641699116,0.8248802443996202,3.5690715372191394e-5,0.1722395843602903,-1.4542316809645478e-7,48.95837465539878,0.0,-62.276226973396625]
187.0,[-0.275104455177448,0.02942336118731976,0.35863402683052403,1.3674043950246159e-5,0.11279905907627241,0.0,48.365373001935836,8.8126727278891e-6,-65.6208301539469]
188.0,[-0.2758719374481526,0.07354890615147304,0.8055360799800062,3.532554985996214e-5,0.14357725621846154,0.0,48.92879727862043,0.0,-62.443051883221244]
189.0,[-0.2647485330980476,0.11462637703422979,1.3923986041738572,7.06454817889669e-5,0.2458965761089263,-2.9084633619290957e-7,49.72572716144987,0.0,-57.94825732764245]
190.0,[-0.27536385288518084,0.03246234257175488,0.38816551156390144,1.3527977745354459e-5,0.15075491168616043,-1.4542316809645478e-7,48.40989213214504,8.8126727278891e-6,-65.36975014639148]
191.0,[-0.26086410073400645,-0.03201195098226646,-0.27585324114879317,-2.7449210657725033e-5,0.0064441944590147866,0.0,47.54989863796567,0.0,-70.22022262843304]
192.0,[-0.2760395751721496,0.040758014129512604,0.46921779536561453,1.5016729449058333e-5,0.06397711744884188,0.9346940340084983,58.71984285184262,110.70352578287006,-64.90523123854572]
193.0,[-0.26922848518004017,0.1115528434013413,1.2603422650714236,7.320725830552904e-5,0.2082184124405977,0.0,49.55331648968265,8.8126727278891e-6,-58.920676324294455]
194.0,[-0.2761286482409986,0.043853471265074696,0.5005042816594003,1.8162770785187277e-5,0.15789332849907378,0.0,48.54985545760232,0.0,-64.58033388326726]
195.0,[-0.2728599426671395,0.011995692011287227,0.18882708621540878,1.6853792872119342e-7,0.07330686221362628,0.0,48.14684660130652,0.0,-66.85335714606246]
196.0,[-0.266593413027766,0.11247868201194515,1.3351604990612675,7.56398224100716e-5,0.20324113999895113,0.0,49.63426021475834,0.0,-58.4641384149148]
197.0,[-0.27279161037279315,0.09474832705706396,1.0605009480609744,5.187035652942596e-5,0.23235622184984417,0.0,49.27272465717736,-8.8126727278891e-6,-60.50324678653337]
198.0,[-0.27641743638074623,0.05815941551432329,0.6441464014816606,2.874133477792085e-5,0.16351351120759158,1.4542316809645478e-7,48.73032891185787,0.0,-63.56243513471173]
199.0,[-0.27052556573633724,0.10285881068670767,1.1770043838360282,4.822993726904818e-5,0.20839951392422337,0.0,49.42373146255706,8.8126727278891e-6,-59.6515484277844]
200.0,[-0.2749652324985549,0.08205734681812771,0.9019431217716336,4.480861731600796e-5,0.20282158822855156,0.0,49.06368340407799,0.0,-61.6822716997487]
201.0,[-0.27635162536954705,0.0634126706687938,0.6981653976922659,2.632562446625041e-5,0.16103543923997982,-1.4542316809645478e-7,48.79764170646606,0.0,-63.18278206843795]
202.0,[-0.2759328163142171,0.07248708120631303,0.7920868899163555,3.516262986219832e-5,0.1610867513270071,0.0,48.91587223853134,0.0,-62.51595541121198]
203.0,[-0.27534478683160074,0.0790237200219032,0.8672086656997635,3.9246865668208574e-5,0.1757801183651729,0.0,49.01364009138032,0.0,-61.9645226034997]
204.0,[-0.2756130918462184,0.07631338911763987,0.836547933222472,3.797721327184225e-5,0.17628116580320402,0.0,48.97519064141452,0.0,-62.18137799565357]
205.0,[-0.27580932865058555,0.07386674642525737,0.8096037809199506,3.4095222980297425e-5,0.17111977351987134,0.0,48.93941575879944,8.8126727278891e-6,-62.38314847413588]
206.0,[-0.2687652684149721,0.10819501144345947,1.254709878457512,7.04151466197146e-5,0.22764758327557574,0.0,49.52926166704126,0.0,-59.05635329821827]
207.0,[-0.26798674402829453,0.10938160839692325,1.2818780735124258,8.215662232062441e-5,0.25710675794535764,0.0,49.568318492119275,0.0,-58.83606304596507]
208.0,[-0.2763562262512025,0.062317707894707766,0.6863808693695104,3.3623316779878086e-5,0.18197982582129296,0.0,48.78673012301574,8.8126727278891e-6,-63.24432484257072]
209.0,[-0.26250518000991624,-0.02801520551789633,-0.2287054916103562,-2.7269436867089094e-5,0.02946219302784231,0.0,47.6148731198094,0.0,-69.8537533634229]
210.0,[-0.2752158149170359,0.030206343425663248,0.3662900254015297,9.966209518379904e-6,0.053995407343004925,0.8071081808644184,57.194008284576384,95.59193353401312,-65.63677378264329]
211.0,[-0.25765147070576366,0.12189194705622619,1.5998134093868233,7.561735068624211e-5,0.24909603565298047,1.4542316809645478e-7,50.03341394886064,0.0,-56.21286773539574]
212.0,[-0.2735459709290164,0.09115357982835431,1.011849943925839,4.917374966988686e-5,0.2447526184040239,0.0,49.212034368149304,-8.8126727278891e-6,-60.845548045256336]
213.0,[-0.2763031688839521,0.04773676007735969,0.5388812392540395,1.9730173522294375e-5,0.1476037458710731,-1.4542316809645478e-7,48.595876742076996,0.0,-64.32076315870158]
214.0,[-0.2761861592616914,0.06825069266202667,0.7500571922860688,4.2213133213701575e-5,0.14655637562410442,0.0,48.856894161113196,0.0,-62.848594977890826]
215.0,[-0.2747996375660129,0.0836545295543822,0.9205970899701672,4.2836723549969994e-5,0.1799484708466246,0.0,49.08257879496854,0.0,-61.57570378754909]
216.0,[-0.27545345965630186,0.07788915350105192,0.8539528028498709,3.96176491113952e-5,0.18154518226059127,0.0,48.99824647040619,-8.8126727278891e-6,-62.05134466218709]
217.0,[-0.2759401777248658,0.07203951845587926,0.791530998893618,3.246040507170185e-5,0.1697916959732828,0.0,48.915825016337635,0.0,-62.51621256651354]
218.0,[-0.266658359073214,-0.01573460900181831,-0.09260493992105161,-1.565717357819887e-5,0.05293294530573411,0.0,47.792063003250504,0.0,-68.85438357275616]
219.0,[-0.26928165296845025,0.10689243208875461,1.2375392900953837,6.0488262618036314e-5,0.17433130649616724,0.4411996405341703,54.32235910840467,52.25448737250931,-59.25123568826608]
220.0,[-0.23098021495985216,0.09707231937043367,2.0514396328313786,0.00012139787005787562,0.3697548991186086,1.4542316809645478e-7,50.802335371589,0.0,-51.876040007914796]
221.0,[-0.27617075550990905,0.06626131159683678,0.7329353874264778,3.396039263732047e-5,0.24366600950226963,-1.4542316809645478e-7,48.852605083243,0.0,-62.87278135241383]
222.0,[-0.2747355932933694,0.025839424164997567,0.3240182170549479,8.247122645423732e-6,0.10466156574535725,0.0,48.3205558834008,-8.8126727278891e-6,-65.87360922331615]
223.0,[-0.2756087302104091,0.07678732068926171,0.841452180891108,3.747159948567867e-5,0.14610362191504017,0.0,48.97488206880389,0.0,-62.18311838599802]
224.0,[-0.2738228519870398,0.08985979008071215,0.9959820557610902,4.7370393832570094e-5,0.19480482922005354,0.0,49.182426052692314,0.0,-61.0125474533213]
225.0,[-0.27569285273059685,0.07510082746285296,0.8234022849523854,3.567386157931927e-5,0.1821307437243144,1.4542316809645478e-7,48.95989797823384,8.8126727278891e-6,-62.26763982314828]
226.0,[-0.276083338758456,0.06953296499351772,0.7619079698098007,3.317950023424561e-5,0.16454578966425812,1.4542316809645478e-7,48.87927503840509,-8.8126727278891e-6,-62.72235927718123]
227.0,[-0.2757275065712255,0.07501121388279997,0.8222947187651545,3.702216500908882e-5,0.16849380200729858,0.0,48.95522379523218,0.0,-62.29399824155763]
228.0,[-0.27552620879703743,0.07711203100075023,0.8456933342845175,3.7567104311954014e-5,0.1748142437858358,0.0,48.986173872331165,0.0,-62.11943571239159]
229.0,[-0.27568573056579426,0.07530066473607146,0.8255318956310415,3.5730040888893005e-5,0.17364613921644997,-1.4542316809645478e-7,48.96040195302535,8.8126727278891e-6,-62.26479733865431]
230.0,[-0.2757649945549539,0.07449434457552702,0.8166147531796325,3.669632501356118e-5,0.17135822380664517,0.0,48.948627343276165,0.0,-62.331203103221846]
231.0,[-0.2757147161202234,0.075142047689078,0.8234564888440933,3.7106433973449414e-5,0.1716992982674736,0.0,48.95733658131288,0.0,-62.28208644062491]
232.0,[-0.2751319316426942,0.029712913070557494,0.3612978469752344,1.1072941916982408e-5,0.11311296831455697,0.0,48.368791725925384,0.0,-65.60155728250717]
233.0,[-0.27583951043424515,0.07345373592327696,0.8056390673742512,3.302219816743916e-5,0.1437764678504498,0.0,48.92927601396357,-8.8126727278891e-6,-62.44035175255492]
234.0,[-0.26472383556532125,0.11485753359698203,1.3953424777590582,8.644310364110011e-5,0.24581508044129471,0.0,49.72466384791561,0.0,-57.95425455663942]
235.0,[-0.2678535393026067,0.1097472358447381,1.2842552152965478,8.067348854787791e-5,0.2665391268841966,1.4542316809645478e-7,49.5773525862817,0.0,-58.78511415184455]
236.0,[-0.2723215106887686,0.09710666955895456,1.087273454706421,4.8415328990641495e-5,0.2341521448957991,0.0,49.30775049809909,-8.8126727278891e-6,-60.305705594349845]
237.0,[-0.2763859111396433,0.06047017290211584,0.668279780866397,3.0471657512791768e-5,0.168116507249745,-1.4542316809645478e-7,48.76146869190745,8.8126727278891e-6,-63.38679347169095]
238.0,[-0.2762610800185683,0.0659676174849833,0.7252233781673739,3.32862409224357e-5,0.15093299481172573,0.0,48.82858934103779,0.0,-63.00823331544878]
239.0,[-0.27527238735787096,0.0797445688310104,0.8753916465512624,4.012888082851615e-5,0.17297304536897443,0.0,49.02349975975694,0.0,-61.908917361597474]
240.0,[-0.27544687119377126,0.03323592902323825,0.3956745573618325,1.2567311551643655e-5,0.12034193586928316,0.0,48.41278327024623,8.8126727278891e-6,-65.35343915297858]
241.0,[-0.274737120786079,0.02575809504217608,0.3229973770944496,8.578580571908745e-6,0.0841005106377185,0.0,48.31528002451719,0.0,-65.90337035741214]
242.0,[-0.27445847298949994,0.08626292122271152,0.9522057882868831,4.211201045646886e-5,0.15991864675762127,0.0,49.118795775017844,0.0,-61.37143063693558]
243.0,[-0.2737565992912017,0.09012812567103994,0.9994637524051261,5.050519930678429e-5,0.2016806488817096,1.4542316809645478e-7,49.188740799837575,8.8126727278891e-6,-60.97693144405598]
244.0,[-0.275959335796079,0.07154548192097608,0.7840731456600778,3.51457760693262e-5,0.1774462520145294,-1.4542316809645478e-7,48.90928148580561,0.0,-62.55311435228663]
245.0,[-0.2743874537802668,0.022851159823613857,0.2947155931976704,6.556125427254424e-6,0.10260908226426589,0.0,48.28418339578255,0.0,-66.07875945719032]
246.0,[-0.2750526124429547,0.02872696163004212,0.3519157555860646,8.645995743397222e-6,0.08201482521796243,2.9084633619290957e-7,48.35068445716436,8.8126727278891e-6,-65.703684673696]
247.0,[-0.27397009860354,0.08918531402610813,0.9872106615518291,4.032550841202421e-5,0.16591612422369265,0.0,49.164703889062764,0.0,-61.112502800623794]
248.0,[-0.2738942024597521,0.08947779577836677,0.9906489950824987,3.976933324724427e-5,0.20263143167074457,1.4542316809645478e-7,49.177944015168514,0.0,-61.0378267378759]
249.0,[-0.27452032724247544,0.024034018668326836,0.30613033052588556,7.6122964472405695e-6,0.11594116981717845,0.0,48.30112639321586,0.0,-65.98319871030904]
250.0,[-0.2741941799436857,0.021227204146306338,0.27887601150970237,5.044901999721056e-6,0.0736056796616087,0.0,48.25848149559154,0.0,-66.22371698226488]
251.0,[-0.2762667667082944,0.045797388845457546,0.5195467110818404,1.8865012154858916e-5,0.10193297005872991,0.0,48.56275688659455,0.0,-64.50755434086834]
252.0,[-0.2763203393742902,0.04763471981145945,0.5369594101602636,2.011781075835312e-5,0.11765257883744139,0.0,48.58783512815826,0.0,-64.36612351707224]
253.0,[-0.2759049533749119,0.039072834292664935,0.4531469437396929,1.537065909937284e-5,0.10822322825666285,-1.4542316809645478e-7,48.48153959846564,0.0,-64.96563518205733]
254.0,[-0.27583584813244744,0.0381752840726077,0.444122598035795,1.5544814959051407e-5,0.10237063197749204,0.0,48.46923088942206,0.0,-65.03505792935916]
255.0,[-0.27464922554293375,0.08496589851614975,0.9365324318668192,4.335357319804832e-5,0.16480235009939453,0.0,49.09981163897015,-8.8126727278891e-6,-61.47850367562039]
256.0,[-0.27431728113325826,0.08686910102013873,0.9591270229925154,5.3252367544939746e-5,0.19559563903188582,0.0,49.13460706815359,0.0,-61.28224825994464]
257.0,[-0.2759655561880771,0.0719288906428488,0.7892749124676436,3.80502463742881e-5,0.17557487001706376,0.0,48.914218647575694,8.8126727278891e-6,-62.52527729089334]
258.0,[-0.2760304470229452,0.07074178853955382,0.774721167544079,3.413454849699904e-5,0.16407794416489171,0.0,48.89466296014894,0.0,-62.635569362906544]
259.0,[-0.2756186129042049,0.0760973870498233,0.8350693715097739,3.6673853289731685e-5,0.17077869905904292,0.0,48.971852520824584,0.0,-62.200205437374535]
260.0,[-0.27555662982654305,0.07679621132629065,0.8422321146662379,3.915136084193323e-5,0.1750587307887305,-1.4542316809645478e-7,48.981295331215335,0.0,-62.146951329657945]
261.0,[-0.2757151209978091,0.07488169346608302,0.8206059664057225,3.373567539902555e-5,0.17283721925625514,1.4542316809645478e-7,48.954371353218114,1.76253454557782e-5,-62.29880612728491]
262.0,[-0.26870385584663553,0.10770137902842124,1.2519749909881177,6.220173156003512e-5,0.2281486307136069,1.4542316809645478e-7,49.52771473310934,-1.76253454557782e-5,-59.0650782102353]
263.0,[-0.26818406664073235,0.1091288314213961,1.2748351811831826,8.105550785297929e-5,0.2565936370750848,-1.4542316809645478e-7,49.563374002767404,0.0,-58.86394143588897]
264.0,[-0.19758683186952053,0.010067029955806293,2.3456420958542146,0.00018180186371155133,0.4402184680393113,-5.816926723858191e-7,51.62610700066454,-3.52506909115564e-5,-47.22987282089945]
265.0,[-0.1968177484919999,0.008092702355585842,2.344858548486304,0.00015066167241483216,0.5352695817202643,1.4542316809645478e-7,51.65681038251018,1.76253454557782e-5,-47.056683317361355]
266.0,[-0.2501566160855518,0.10263381695189593,1.8532497277216293,0.00010289802341524596,0.43008885838851335,1.4542316809645478e-7,50.36786757834818,-8.8126727278891e-6,-54.32650042878271]
267.0,[-0.24853843079675939,0.11686681756552078,1.8030780032913565,-0.00020104327724055425,0.3674156716217766,2.9084633619290957e-7,50.322614061609194,0.0,-54.58174543381152]
268.0,[-0.265457400136462,0.1146528468853841,1.3714162776937386,9.424079180993398e-5,0.3060011401662384,1.4542316809645478e-7,49.70443483714059,0.0,-58.06835803758638]
269.0,[-0.2657434093436898,0.11307283924339007,1.3621377759642772,9.376326767855727e-5,0.2767170302639614,-2.9084633619290957e-7,49.68386712925206,-1.76253454557782e-5,-58.18435344682335]
270.0,[-0.2764172707490066,0.058506655508282844,0.6475094518294026,2.9488519595251475e-5,0.18233901043048395,-1.4542316809645478e-7,48.73895428979196,-8.8126727278891e-6,-63.51378227006938]
271.0,[-0.2764476365679324,0.05584128293899537,0.6205123001661,2.334250312788529e-5,0.13685839117594775,-1.4542316809645478e-7,48.695462649383856,0.0,-63.75908546745772]
272.0,[-0.2756123557051536,0.035114177125566484,0.4142032543439746,1.3196519818869444e-5,0.10813569587291041,0.0,48.43337784593463,8.8126727278891e-6,-65.23728302167815]
273.0,[-0.2756151898482533,0.035095789671711196,0.413614238720749,1.2865061892384431e-5,0.09641541152426666,0.0,48.430104859404985,0.0,-65.2557430986826]
274.0,[-0.2761004356346875,0.04245612580203872,0.48611134161456904,1.82414218185905e-5,0.10534673302507451,0.0,48.5218266431074,8.8126727278891e-6,-64.73841551283901]
275.0,[-0.22901838061845287,-0.06002796473989269,-0.888283741061249,-6.668484046401886e-5,-0.07656065220276818,1.4542316809645478e-7,46.68540438022016,-8.8126727278891e-6,-75.0960800123852]
276.0,[-0.22657939804233287,-0.05920174167599939,-0.9176899545782349,-6.903313560420082e-5,-0.1636312271719483,2.714767264029359,76.32441914817217,321.52798505539727,-75.46856028256919]
277.0,[-0.27631930877679933,0.028097443910413956,0.25039788907184796,6.213431638854664e-6,-0.006290258197932935,2.8136628711860254,79.05166041344746,333.25007355767167,-66.19283079372458]
278.0,[-0.27727423096614584,0.03580047368622034,0.32024562619207975,1.2724613618450102e-5,0.0795307165342298,0.0,48.369820844077985,0.0,-65.59574832792741]
279.0,[-0.27632589723932993,0.04785880427657504,0.5398045122094637,2.230318590077126e-5,0.11201730433862143,0.0,48.58943335516266,0.0,-64.35710930534096]
280.0,[-0.270631238786199,8.981563998546621e-5,0.07052889935936076,-6.595450943956035e-6,0.059247350368150466,0.0,47.99734602107107,0.0,-67.69655560368327]
281.0,[-0.2685465609045999,-0.008834262307771807,-0.02021805160703756,-1.2606637068345267e-5,0.02132469969692715,0.007106103109033262,47.95404001273479,0.8416014328406811,-68.37933966578248]
282.0,[-0.27648232721561433,0.052858676275720974,0.5900744059102743,2.2364983141302365e-5,0.09364757718285376,0.24796526119313983,51.36167330016606,29.368267116381336,-64.02441922601359]
283.0,[-0.2631528737258402,-0.026112710223671006,-0.21487566977382347,-2.265711555108577e-5,0.024599618192492043,0.0,47.636785031867205,0.0,-69.73016728073111]
284.0,[-0.27547232327108906,0.07866991308013818,0.8624140303454703,3.6937896044728225e-5,0.11853997610720736,0.7657511406662996,57.37444754345027,90.69354158830689,-62.066668362924375]
285.0,[-0.25730758240731066,0.12222100165626293,1.6028867700466598,0.00010383621788512726,0.27817791556520877,1.4542316809645478e-7,50.04956475328566,-1.76253454557782e-5,-56.12176587776105]
286.0,[-0.2673729496084078,-0.013292411627950284,-0.06656358354819795,-1.304483568302037e-5,0.10764370350906058,0.0,47.8360203521897,8.8126727278891e-6,-68.60644912558584]
287.0,[-0.27616620983883344,0.04312777301758808,0.49327589156742335,1.7078510110414265e-5,0.0806233621521049,0.3717388459855711,52.592567001444806,44.02774281627937,-64.72043760202497]
288.0,[-0.2602760712513901,0.11930224593165087,1.5335106067842865,8.237572162796197e-5,0.24666625741433554,0.0,49.92582713642273,8.8126727278891e-6,-56.81967159000347]
289.0,[-0.2761428557635505,0.04420566172737991,0.5043762463237328,2.1673977633545472e-5,0.17456070170875979,-1.4542316809645478e-7,48.55846780872436,-8.8126727278891e-6,-64.53174989950925]
290.0,[-0.2709975241765506,0.0018253084000195928,0.08812890299690794,-5.612313026415741e-6,0.060961777746473836,-1.4542316809645478e-7,48.019467176297546,-8.8126727278891e-6,-67.5717893618397]
291.0,[-0.2667458494387735,0.1119444355504793,1.3314372939663999,8.66509670865229e-5,0.1970565243331332,2.9084633619290957e-7,49.62759700039052,0.0,-58.501719825413424]
292.0,[-0.27219367979285425,0.09736045683414409,1.0927673202637458,5.658941853361937e-5,0.23625594046391774,0.0,49.31601438199857,-1.76253454557782e-5,-60.25908701182515]
293.0,[-0.2764236015621645,0.05841492029893886,0.6467692675748583,2.2471723829492457e-5,0.16576520632067124,0.0,48.73407656285188,8.8126727278891e-6,-63.54130247939468]
294.0,[-0.2708457686960281,0.10238639456457939,1.1682661142272555,5.8050080582536386e-5,0.207213299206475,-4.362695042893643e-7,49.40932950765087,0.0,-59.73277735866297]
295.0,[-0.27497250189157046,0.08192701816168087,0.9008463963627442,3.883675670832034e-5,0.20201266826835673,-1.4542316809645478e-7,49.06190850093505,0.0,-61.69226402003768]
296.0,[-0.276321903674053,0.06388437958115842,0.7018946254417677,3.0359298893644307e-5,0.16146102772650023,0.0,48.80266598504179,0.0,-63.15444906467737]
297.0,[-0.2759120571361879,0.072389385228961,0.7935299179667118,2.9775034074077502e-5,0.16138858713304993,0.0,48.91666361736389,0.0,-62.511478153729556]
298.0,[-0.27535849745893387,0.07889803874390329,0.8658650114508717,3.9904163590221227e-5,0.17568051254917874,0.0,49.011896126916014,0.0,-61.97435420172521]
299.0,[-0.26832275561735347,0.10874693814901695,1.2683698614333598,8.632512709099526e-5,0.23286632436205656,0.0,49.5507795180343,0.0,-58.93498977206135]
300.0,[-0.2684535494810538,0.10840858879208633,1.2614498312586544,6.8870215606437e-5,0.2558420659180381,-2.9084633619290957e-7,49.54517228961896,-8.8126727278891e-6,-58.96661528209361]
301.0,[-0.263229450800113,-0.02615554692935586,-0.20702875305091337,-2.1438024533335802e-5,0.06590282989139525,-1.4542316809645478e-7,47.65015624026928,-8.8126727278891e-6,-69.65475189649125]
302.0,[-0.27652288858828855,0.05615821394308357,0.6232393581844696,2.0443650753880762e-5,0.0888182042861682,0.7485056980080771,56.87916489229109,88.65308178290962,-63.796965361788516]
303.0,[-0.2577525796810232,0.12218473189838354,1.5949946834139932,6.073545158016073e-5,0.26333061226596116,-1.4542316809645478e-7,50.033222617558536,-8.8126727278891e-6,-56.21394227719152]
304.0,[-0.2746852412445324,0.08386830896294153,0.9244515889360606,4.5561420064295955e-5,0.23364807909970756,-1.4542316809645478e-7,49.09845766469184,8.8126727278891e-6,-61.486135677605816]
305.0,[-0.27382263114472033,0.08983756348813983,0.9968565452139773,5.26568668634582e-5,0.20127920725967263,0.0,49.184389030434346,-1.76253454557782e-5,-61.00147599917757]
306.0,[-0.27588353166992424,0.07271621716974051,0.7978005823678289,3.35783733322191e-5,0.1789614677608645,0.0,48.9264443106924,0.0,-62.456322933605044]
307.0,[-0.26994460320794356,0.10458359427032057,1.2052144981426605,5.417932615290631e-5,0.22039748721442656,0.0,49.45964068417149,-8.8126727278891e-6,-59.44901566751534]
308.0,[-0.26791568801200816,0.10952921317759678,1.2821725813240386,5.88197371236965e-5,0.254284593158857,4.362695042893643e-7,49.570493969733015,1.76253454557782e-5,-58.8237976564927]
309.0,[-0.27627333676729837,0.06406401086112935,0.705369697165706,2.9005377532917388e-5,0.18450317315981118,0.0,48.81133939934536,8.8126727278891e-6,-63.10552986061556]
310.0,[-0.276442501984005,0.05914152781612162,0.6522896328125738,2.71008989383679e-5,0.14414470753382208,0.0,48.737548208265416,0.0,-63.521731124122795]
311.0,[-0.27542191601167226,0.07841855052413836,0.8603711458935468,3.864574705576965e-5,0.16698764133514477,2.9084633619290957e-7,49.00294019362594,0.0,-62.02486225818592]
312.0,[-0.27516910676647005,0.08058089489152749,0.884913463527946,3.964012083522469e-5,0.1819194586600844,-1.4542316809645478e-7,49.03764606347649,8.8126727278891e-6,-61.82912574517223]
313.0,[-0.2757773801283703,0.0741989329542475,0.8134317802054534,3.466263400699211e-5,0.17439469201543623,0.0,48.94525177060156,0.0,-62.3502417796548]
314.0,[-0.2758684959886743,0.07305587991623223,0.8022175972765574,2.8943580292386284e-5,0.16887411512291256,-1.4542316809645478e-7,48.92994933731183,8.8126727278891e-6,-62.43654493568012]
315.0,[-0.2756814425440914,0.0754827207352321,0.8269273447097876,4.138167943201036e-5,0.17135218709052433,0.0,48.962066128265796,-8.8126727278891e-6,-62.25540198602965]
316.0,[-0.2756336669889815,0.07583208235848266,0.8321375432338413,3.517948365507044e-5,0.17339863385549484,0.0,48.9685257986952,0.0,-62.21897777438802]
317.0,[-0.27570882699170446,0.07510143364265039,0.8235137040631183,3.5303078136132646e-5,0.1725776404630583,-1.4542316809645478e-7,48.95740497207619,8.8126727278891e-6,-62.28169611561362]
318.0,[-0.2757296781873669,0.07489624178122127,0.8212100386655335,3.705025466387569e-5,0.17183512438019288,0.0,48.95475890087685,0.0,-62.296629491339615]
319.0,[-0.27510754696992046,0.02945649901624578,0.35888878512155103,9.297675734452503e-6,0.11266926967967399,0.0,48.36565552092235,0.0,-65.619241301548]
320.0,[-0.27586540419620187,0.07363558986250512,0.8070188575509484,3.769069879301622e-5,0.14372817412148295,0.0,48.930083676311185,0.0,-62.43579643007023]
321.0,[-0.26473833754429915,0.11510788585331946,1.3983839183493334,7.201063901160857e-5,0.245950906554014,-1.4542316809645478e-7,49.72567505420163,8.8126727278891e-6,-57.94854203529774]
322.0,[-0.27535207462814293,0.032425668694010534,0.3879492982625334,1.407291704821965e-5,0.1507066179571936,0.0,48.409441078777526,0.0,-65.37228955499434]
323.0,[-0.27645104122035746,0.0533728177739055,0.5945522496308082,2.329194174926893e-5,0.11897763802596949,0.0,48.65969020929604,0.0,-63.96085135388108]
324.0,[-0.2742426732363339,0.08748649514381836,0.9665156156977622,4.109516495318433e-5,0.17709008576339885,1.4542316809645478e-7,49.141076508692045,0.0,-61.24576435153657]
325.0,[-0.2758293148804967,0.03823883192137132,0.4444303556876031,1.6387504602657372e-5,0.1317090723248568,0.0,48.47576057896627,0.0,-64.99823420858833]
326.0,[-0.27614990431424663,0.06928392612674136,0.7579004954161984,3.228624921202329e-5,0.14235783956204842,0.0,48.86785459510874,0.0,-62.78677668022067]
327.0,[-0.27440201096982453,0.08635930381050244,0.9524039336243486,4.11007828841417e-5,0.1845393934565363,0.0,49.1247644974678,0.0,-61.337775436844616]
328.0,[-0.27537108547114314,0.032276346403910965,0.38669417703676434,1.2730231549407476e-5,0.12373457032920476,1.4542316809645478e-7,48.40236914818138,0.0,-65.41217617908904]
329.0,[-0.274401017179387,0.022879246154227983,0.29513055410196737,5.219057859399623e-6,0.08014042486243635,0.0,48.280016444275404,0.0,-66.10225702286988]
330.0,[-0.2744347508436845,0.08652499295513255,0.9537596331825089,4.409514008442157e-5,0.15861169771745576,-1.4542316809645478e-7,49.12128063941797,0.0,-61.35741567300085]
331.0,[-0.2736208364753135,0.09092686858411654,1.009428234497424,5.11737330907117e-5,0.20299665299605643,1.4542316809645478e-7,49.201030782838814,-8.8126727278891e-6,-60.907614314110134]
332.0,[-0.27599229651225843,0.07128270297879138,0.7843399492603732,3.216827266191845e-5,0.17793824437837924,-1.4542316809645478e-7,48.90880275046246,8.8126727278891e-6,-62.555814482952954]
333.0,[-0.27434759174160417,0.022502707470059443,0.2913910878395874,5.9550068148155006e-6,0.10217142034550376,0.0,48.27994316845757,0.0,-66.1026749002349]
334.0,[-0.27505434237445714,0.028721202921966563,0.35202054977669983,1.0308903306779664e-5,0.08186692567300143,0.0,48.350712139139986,0.0,-65.70352395163253]
335.0,[-0.2739985320521705,0.08923148472067885,0.9880550377315451,4.5954675231312074e-5,0.16606402376865365,0.0,49.16617591882535,0.0,-61.10419576597179]
336.0,[-0.27388387808131737,0.08952527986249857,0.9909465142214285,5.3887193743122905e-5,0.20270689062225528,0.0,49.177981467253176,8.8126727278891e-6,-61.03761550316391]
337.0,[-0.2745101500922536,0.02397400686838154,0.30580570944110175,8.258358507338477e-6,0.11589589444627202,1.4542316809645478e-7,48.300619161721336,-8.8126727278891e-6,-65.98605037892092]
338.0,[-0.2761913490561987,0.06762673159054158,0.7450427300376269,3.180872508064657e-5,0.13288019525230302,-1.4542316809645478e-7,48.849010497290664,-8.8126727278891e-6,-62.89304151652917]
339.0,[-0.26419983195182173,0.11495058219588711,1.4091614588172494,0.00010680248543062027,0.24413385500163606,0.0,49.74369032110249,0.0,-57.846947322947834]
340.0,[-0.27521577810998266,0.07969819607650722,0.8753169656337983,4.10165139197811e-5,0.21372993425894007,0.0,49.03193380638893,1.76253454557782e-5,-61.861339038750906]
341.0,[-0.2764270982322226,0.05474965415379519,0.6092402997527157,2.4876198279248147e-5,0.1484609595602348,0.0,48.6840088248816,0.0,-63.82368655285541]
342.0,[-0.2758890343243841,0.07285402204368897,0.7982028956973941,3.52918422742179e-5,0.15686105004240725,0.0,48.923334159313484,0.0,-62.473869190877195]
343.0,[-0.2750417727657745,0.08168424315281125,0.8978501256822256,4.099404219595161e-5,0.1800420399464979,1.4542316809645478e-7,49.05384490427097,0.0,-61.737775916353904]
344.0,[-0.2756054359791438,0.07621306636116566,0.8357294544576831,4.0263711171493105e-5,0.17790806079777496,1.4542316809645478e-7,48.9738790042754,0.0,-62.18877580263222]
345.0,[-0.2748301690166783,0.026756271108606233,0.3328149064136727,8.87633091264952e-6,0.11025156487327077,1.4542316809645478e-7,48.332826326183955,8.8126727278891e-6,-65.80440689484422]
346.0,[-0.2748733436901328,0.026981062783485495,0.3351197763421842,8.275212300210597e-6,0.08206915566305013,0.0,48.32985539885891,0.0,-65.82116331797587]
347.0,[-0.27622624214267344,0.045059465972056144,0.5124068540129864,1.7342552865410802e-5,0.10418768352986998,0.0,48.553932849776565,0.0,-64.55734144407289]
348.0,[-0.2762351126425051,0.04558219501737088,0.5174140890758672,1.7921199754020233e-5,0.11474590002524877,0.0,48.562379109044855,0.0,-64.50968964828303]
349.0,[-0.2759157746485654,0.03932914731701041,0.45521512334108,1.4645946005871708e-5,0.10734488606107816,0.0,48.4838005645335,0.0,-64.9528922184535]
350.0,[-0.275899303492239,0.03891199458641425,0.4514051920194798,1.5123470137248423e-5,0.1033727268535543,-2.9084633619290957e-7,48.47824137248762,1.76253454557782e-5,-64.98424220494839]
351.0,[-0.27464479029301797,0.08500873522183461,0.9361409593155957,4.3224360786028736e-5,0.16515549799246468,1.4542316809645478e-7,49.09931743428769,0.0,-61.481291055406885]
352.0,[-0.274352707922005,0.08667088022638003,0.9562319329098514,4.683669039161965e-5,0.19526361964523867,1.4542316809645478e-7,49.131448880405216,0.0,-61.30005626457729]
353.0,[-0.2759545876862106,0.07213095057532454,0.7893014121480341,3.789294430748165e-5,0.17544508062046532,-1.4542316809645478e-7,48.91428866669051,8.8126727278891e-6,-62.52487778176414]
354.0,[-0.27599435770724007,0.07076189350283515,0.7752933197343288,2.7932352720059123e-5,0.16419867848730885,-1.4542316809645478e-7,48.89578163763445,0.0,-62.62925987390054]
355.0,[-0.275629894266024,0.07618205016153064,0.8350543148731884,3.77356422406752e-5,0.17083302950413062,0.0,48.971863919285134,-8.8126727278891e-6,-62.2001457406081]
356.0,[-0.27556559234400785,0.07673458304688555,0.8415949178059386,3.568509744123402e-5,0.17502251049200535,0.0,48.980901270150575,1.76253454557782e-5,-62.14917847825176]
357.0,[-0.2757314265223959,0.07482309608566505,0.8209203489776281,3.861203947002541e-5,0.17281609074983215,-1.4542316809645478e-7,48.95435506970304,8.8126727278891e-6,-62.298902560523]
358.0,[-0.2757663380123973,0.07458587772493853,0.8181258372273554,3.814013326960607e-5,0.17125861799065104,0.0,48.950289075989346,0.0,-62.321830710891966]
359.0,[-0.27570577200628527,0.07521307175534322,0.8252885803838195,3.853338843662219e-5,0.17199207899933516,0.0,48.95952427156292,0.0,-62.26973380203237]
360.0,[-0.2756985762273762,0.07535552400773862,0.8261148885996329,3.8617657400982785e-5,0.17256556703081657,0.0,48.96126579349996,-1.76253454557782e-5,-62.25992057204269]
361.0,[-0.2757147713308033,0.07520630274760529,0.8242328090264427,3.727497190217061e-5,0.17232711674404272,0.0,48.95806282608513,8.8126727278891e-6,-62.2779857319769]
362.0,[-0.2757089558163908,0.07518225761564068,0.8230758570712113,3.57525126127225e-5,0.17211583167981273,-1.4542316809645478e-7,48.95734228054316,-8.8126727278891e-6,-62.28205429621221]
363.0,[-0.2756979137004178,0.07508233897903142,0.8237793031324868,4.019629600000463e-5,0.17219129063132343,-1.4542316809645478e-7,48.95844955956811,0.0,-62.275804503972644]
364.0,[-0.27570538553222623,0.07525530228123066,0.8247429278739602,3.7140141559193655e-5,0.17226373122477373,1.4542316809645478e-7,48.958740220312166,0.0,-62.274165138925234]
365.0,[-0.27571718219279073,0.07510153467261661,0.824161741701759,3.571318709602088e-5,0.17224260271835073,0.0,48.95835918605946,-8.8126727278891e-6,-62.27631881457575]
366.0,[-0.2756945274515194,0.07516649694090757,0.8232980930272136,3.851653464375007e-5,0.17221543749580687,-1.4542316809645478e-7,48.95824357310244,8.8126727278891e-6,-62.27696170282964]
367.0,[-0.27569375450340133,0.07515235274563427,0.8238804837303415,3.433679401146447e-5,0.17222147421192774,-1.4542316809645478e-7,48.95837384122302,-8.8126727278891e-6,-62.27622238133767]
368.0,[-0.2751035902116968,0.029439829071816533,0.3587201507917932,1.0348228823481276e-5,0.11280811415045369,0.0,48.365482101486826,8.8126727278891e-6,-65.6202194101057]
369.0,[-0.2749224811062127,0.027496921791096057,0.34002462627628355,8.202179197764746e-6,0.08412767586026236,0.0,48.33628738731269,0.0,-65.78488146016188]
370.0,[-0.27428603194505463,0.08748770750341321,0.964878055902721,4.890408898393296e-5,0.16249330618316676,0.0,49.13596999836519,8.8126727278891e-6,-61.2745749294286]
371.0,[-0.27386639473102675,0.08979624223194854,0.9948004109218586,4.7510842106504426e-5,0.2017772363396433,1.4542316809645478e-7,49.182011637233714,0.0,-61.014875627212156]
372.0,[-0.2759989033783156,0.07108953368334457,0.7792929646769066,3.488735124528704e-5,0.17653772623834044,0.0,48.90299360646022,8.8126727278891e-6,-62.58857882360639]
373.0,[-0.2761141278584941,0.06945193896059494,0.7618272662377022,2.585371826583107e-5,0.16189265292914148,2.9084633619290957e-7,48.87753677317106,-8.8126727278891e-6,-62.732154138935094]
374.0,[-0.27560149762444675,0.07639350588086649,0.8381361072495128,3.581992778421097e-5,0.17036518400476422,1.4542316809645478e-7,48.975246819541525,0.0,-62.18106573564454]
375.0,[-0.2755233194433578,0.07721154551749453,0.846453995564818,3.602217329867641e-5,0.17581030194577718,1.4542316809645478e-7,48.9874448006826,8.8126727278891e-6,-62.1122629163018]
376.0,[-0.27574703271297113,0.07480551687153966,0.8201060860710832,3.5460380202939095e-5,0.17300624730763914,0.0,48.95337561627141,0.0,-62.3044130312706]
377.0,[-0.27576317260581834,0.07448393848900452,0.8163214498989466,3.6707560875475925e-5,0.1709899841232729,1.4542316809645478e-7,48.947946692346115,0.0,-62.33505124862725]
378.0,[-0.268648958126723,0.10836070058808958,1.2569768056618278,6.28534115510904e-5,0.22875230232569257,1.4542316809645478e-7,49.53671626024162,-1.76253454557782e-5,-59.01430840641409]
379.0,[-0.2680375009547172,0.1086758130527855,1.2770750064416447,8.705545811545377e-5,0.2571791985388079,-1.4542316809645478e-7,49.56574488256201,1.76253454557782e-5,-58.850573952267084]
380.0,[-0.2763552324607649,0.062021589063664576,0.6844156771623682,3.308961333892764e-5,0.18160253106373941,0.0,48.78402461698638,-8.8126727278891e-6,-63.25959343860053]
381.0,[-0.2719342820851215,0.09892056157278926,1.1064134511339352,5.6100658540327916e-5,0.2014059782982106,0.0,49.326859203037095,0.0,-60.197934562703665]
382.0,[-0.2671953187694552,0.11086068710264567,1.3101622664710586,6.526912186276084e-5,0.25252790876768766,-1.4542316809645478e-7,49.612932880891655,-8.8126727278891e-6,-58.58443658339385]
383.0,[-0.27617285351194387,0.06787991268593369,0.7425818733540893,3.3392981610625786e-5,0.19109828552184738,0.0,48.859524762973216,8.8126727278891e-6,-62.83375344334396]
384.0,[-0.27644399266966135,0.05808121832045518,0.6428449058152081,2.3207672784908334e-5,0.14493853570371476,1.4542316809645478e-7,48.72421445194801,-8.8126727278891e-6,-63.596926089532744]
385.0,[-0.27554161254881976,0.07726478830970189,0.8469424328556523,3.902214842991365e-5,0.16471783607370255,-1.4542316809645478e-7,48.985518460849484,-1.76253454557782e-5,-62.12313231985144]
386.0,[-0.27513467376816086,0.08086963853503532,0.8883993760302258,4.061764082180761e-5,0.18157234748313514,1.4542316809645478e-7,49.041760907735394,-8.8126727278891e-6,-61.805917479206926]
387.0,[-0.2757418429184638,0.07460891255724077,0.8179451575883292,3.521319124081468e-5,0.17520059361757062,1.4542316809645478e-7,48.95153802159543,-8.8126727278891e-6,-62.31478649245295]
388.0,[-0.2758749372229919,0.07305355622700876,0.8010010210404473,4.02861828953226e-5,0.16902503302593397,0.0,48.92870446258451,8.8126727278891e-6,-62.44357537794227]
389.0,[-0.27570836690353895,0.07527480106471457,0.8255144299326023,3.5763748474637246e-5,0.17107751650702532,-1.4542316809645478e-7,48.95980841890094,0.0,-62.26814954169244]
390.0,[-0.2756518128662305,0.0758887601695421,0.8322995526435014,3.758395810482613e-5,0.17333826669428626,0.0,48.96889054943283,-8.8126727278891e-6,-62.21690216373976]
391.0,[-0.27569430660919997,0.07519003692304099,0.8235106927358011,3.7235646385469e-5,0.172674227920992,0.0,48.95821426277531,0.0,-62.27713160901102]
392.0,[-0.2750757456759182,0.02911976613877496,0.3557377322169332,1.0730248128582648e-5,0.11244289282514185,0.0,48.361777601807745,8.8126727278891e-6,-65.64112246247493]
393.0,[-0.27492216824626015,0.027494396041940112,0.33994753629696567,9.550482627534293e-6,0.08395864780887836,0.0,48.33622306742815,0.0,-65.78525341693735]
394.0,[-0.27619429362045816,0.04429507324750042,0.504272054398561,1.7960525270721844e-5,0.10345422252118586,-1.4542316809645478e-7,48.543942913279366,-8.8126727278891e-6,-64.61367682334918]
395.0,[-0.2762407257181247,0.045367809429014125,0.5154549195233592,1.693806183647994e-5,0.11405771438747107,0.0,48.559805499487595,0.0,-64.52421433076191]
396.0,[-0.2747968218264398,0.08368221176513137,0.9210783000754404,4.230302010901955e-5,0.16690312730945275,0.0,49.080948000933994,0.0,-61.58489249752071]
397.0,[-0.27462686525808844,0.08486395928021573,0.9344263095412365,4.239852493529489e-5,0.19162649818242236,0.0,49.1023591949033,0.0,-61.46413512314602]
398.0,[-0.2759181118964464,0.07230401490749,0.7929830609259256,3.8039010512373354e-5,0.17471463796984163,-1.4542316809645478e-7,48.91982587599104,-8.8126727278891e-6,-62.49365637292003]
399.0,[-0.2759774080592215,0.07130876871008075,0.7837533426990013,4.075247116478457e-5,0.16544224200820537,-2.9084633619290957e-7,48.90624542442027,0.0,-62.570247324252705]
400.0,[-0.27563212109274526,0.07608334388451624,0.8338654428483956,3.7679462931101476e-5,0.1711258102359922,1.4542316809645478e-7,48.9702575505232,0.0,-62.20921505704686]
401.0,[-0.27558590983739817,0.07645957947878607,0.8384149561590767,3.802777465045861e-5,0.17458484857324322,2.9084633619290957e-7,48.97715769003533,0.0,-62.17028358121507]
402.0,[-0.27573280678689255,0.07488452230513767,0.8212690606809488,3.833676085311413e-5,0.17269837478547542,0.0,48.95479879548878,8.8126727278891e-6,-62.2963998883918]
403.0,[-0.2757531978943894,0.07465336574238543,0.8187925450953623,3.3859269880087756e-5,0.17140953589367247,1.4542316809645478e-7,48.95162513840108,8.8126727278891e-6,-62.31429973420358]
404.0,[-0.2685717185254917,0.10808832379911228,1.2583632207586226,6.515676324361337e-5,0.228882091722291,-1.4542316809645478e-7,49.53636209378879,0.0,-59.01630136000114]
405.0,[-0.26806293462850833,0.10878320790689634,1.277118369555011,6.476350807659725e-5,0.25704639078414904,0.0,49.56453013233757,-1.76253454557782e-5,-58.857429896288885]
406.0,[-0.2763495089639855,0.06203037867072727,0.6841338169254872,2.4202046564363374e-5,0.18156027405089342,1.4542316809645478e-7,48.78410929126476,-8.8126727278891e-6,-63.25911127241012]
407.0,[-0.27203204161853595,0.09806706041801175,1.105083648990702,4.2572680794973454e-5,0.20145427202717747,0.0,49.3272736184957,0.0,-60.195592612635934]
408.0,[-0.2671151898145443,0.11101394956142852,1.3117118955084406,6.097140468037041e-5,0.2525430005579898,-1.4542316809645478e-7,49.61291741155234,0.0,-58.58452383251402]
409.0,[-0.276141567516687,0.06745265695871373,0.7424963516582836,3.317388230328824e-5,0.19108017537348482,1.4542316809645478e-7,48.85937739716181,8.8126727278891e-6,-62.8345800139561]
410.0,[-0.27218407315195775,0.09770264532979174,1.0946807176410338,5.315124478770703e-5,0.20337394775360998,0.0,49.313302362563185,0.0,-60.27439234432661]
411.0,[-0.26760908525849075,0.11034967753341451,1.2949357910248531,4.914004208414263e-5,0.24956086279428644,-2.9084633619290957e-7,49.5880117752484,-1.76253454557782e-5,-58.72498573187033]
412.0,[-0.27614046330508973,0.0677657488240849,0.7459943094698318,1.892680939539002e-5,0.1904010448098884,1.4542316809645478e-7,48.86353132185689,0.0,-62.81116510533776]
413.0,[-0.27208848523468465,0.09793178129321924,1.100042084796406,5.507819510608601e-5,0.2044122629263974,0.0,49.32187563324904,0.0,-60.22603337145747]
414.0,[-0.267629163506035,0.10961215877987807,1.2958927908462288,7.541510517177668e-5,0.2498294966616646,2.9084633619290957e-7,49.58691589468399,8.8126727278891e-6,-58.73118041940243]
415.0,[-0.276137481933777,0.06779918974290963,0.7441302978605443,3.297725471978018e-5,0.19005695199099956,1.4542316809645478e-7,48.86046920684744,-8.8126727278891e-6,-62.828435839072526]
416.0,[-0.27207628369653447,0.09782489158893957,1.1033298519612205,4.69097234940655e-5,0.20430360203622194,0.0,49.32214675377501,-8.8126727278891e-6,-60.22450421582501]
417.0,[-0.27533858484312923,0.07881196121266862,0.8650826686138879,3.987607393543436e-5,0.19360955942812388,1.4542316809645478e-7,49.0146977056843,-1.76253454557782e-5,-61.95855751891543]
418.0,[-0.27625230153636976,0.06598994510752186,0.7258834611152831,2.9364925114189266e-5,0.1622729660447555,0.0,48.83189000954306,8.8126727278891e-6,-62.98961710843981]
419.0,[-0.25684311420243233,0.119780117671956,1.6062233207140113,9.947670346220573e-5,0.2716431703643811,5.816926723858191e-7,50.03445446547379,2.64380181836673e-5,-56.20699908404954]
420.0,[-0.253986997291905,0.11998237966436422,1.666834714687221,9.121272702390987e-5,0.33348027194837926,0.0,50.13397768124762,2.64380181836673e-5,-55.645652021050545]
421.0,[-0.2634123266441528,0.11623386482704053,1.4321752267054864,8.844308706192494e-5,0.30513487140289547,-1.4542316809645478e-7,49.78396433893221,8.8126727278891e-6,-57.61978735049596]
422.0,[-0.2738118650816467,0.0896171161018088,0.9911922385305043,4.520187248302408e-5,0.23131186996093592,0.0,49.18491010291668,-8.8126727278891e-6,-60.99853708144552]
423.0,[-0.27643374190533304,0.05476743542785305,0.6092692084949598,2.7797522377082168e-5,0.1552371734058967,1.4542316809645478e-7,48.68510714797327,0.0,-63.817491865323326]
424.0,[-0.2761387333735873,0.06894567779977698,0.7552619704209517,2.9078410635363236e-5,0.15162721716562427,-1.4542316809645478e-7,48.86948131826451,-8.8126727278891e-6,-62.777601746425916]
425.0,[-0.27505934813369826,0.08158907292461519,0.8967991724485562,4.079179668148618e-5,0.17748247231125455,1.4542316809645478e-7,49.05169140940258,8.8126727278891e-6,-61.749903544057574]
426.0,[-0.27548816870751036,0.07753797333840909,0.8499718281366592,3.870754429630075e-5,0.17965870847282348,-1.4542316809645478e-7,48.99279719208705,8.8126727278891e-6,-62.082070128663915]
427.0,[-0.2758858689178052,0.07286351886051533,0.8000753390231695,3.851653464375007e-5,0.1706187260818402,0.0,48.926559109473665,0.0,-62.45568004535116]
428.0,[-0.27500303334223586,0.02840467603774332,0.34864545411968945,8.702175052970953e-6,0.1101278121927932,0.0,48.35244389096798,0.0,-65.69376123429137]
429.0,[-0.2750179033917462,0.0283656784707755,0.34834552591890583,1.0117893654228978e-5,0.08462268658217263,-1.4542316809645478e-7,48.346900982437184,0.0,-65.72502397166609]
430.0,[-0.2742509732268403,0.08774977923583424,0.968789167822176,4.0600787028935496e-5,0.16344408897220172,-1.4542316809645478e-7,49.14085342453554,0.0,-61.24702257569061]
431.0,[-0.27388038141125925,0.08958114943382811,0.9909447074250383,5.784783506807095e-5,0.2016474469430449,1.4542316809645478e-7,49.17848788457194,0.0,-61.03475465043412]
432.0,[-0.27598567124267465,0.07096344828547971,0.7785877118192408,3.489296917624441e-5,0.17621174356781416,0.0,48.901153569256984,0.0,-62.598966060965616]
433.0,[-0.27611219548819876,0.06939475599970431,0.762761379971468,3.3505340229773254e-5,0.16192887322586663,0.0,48.878722213068365,-8.8126727278891e-6,-62.72547269315363]
434.0,[-0.2756040005040673,0.07647331955419441,0.8385679315867856,3.679182983983652e-5,0.1704889366852418,0.0,48.97593561222911,-8.8126727278891e-6,-62.17718085376748]
435.0,[-0.27532111989636526,0.0317025972256461,0.3808883379693875,1.1606645357932854e-5,0.11639392352624271,1.4542316809645478e-7,48.3937364426655,8.8126727278891e-6,-65.46086118814408]
436.0,[-0.27487652750023833,0.027070676363538486,0.3355762935634572,8.398806781272805e-6,0.08483699000446304,0.0,48.33112062798007,-8.8126727278891e-6,-65.81402725835773]
437.0,[-0.27438331298677693,0.08678373069866774,0.9579056286326979,4.988160897051588e-5,0.16133727504602266,1.4542316809645478e-7,49.12595400824387,8.8126727278891e-6,-61.33105266253254]
438.0,[-0.2738348878934504,0.08980584007874114,0.996265120528898,5.041531241146632e-5,0.20148143724972134,-1.4542316809645478e-7,49.18348203864479,8.8126727278891e-6,-61.00660073697284]
439.0,[-0.27598375727590596,0.07134978687637332,0.7813737918530256,3.8308671198327264e-5,0.17695425965067957,0.0,48.906580050655016,0.0,-62.5683553959627]
440.0,[-0.26991933516589195,0.10485536487950045,1.2050663408386588,5.400517029322774e-5,0.21947688800599588,-1.4542316809645478e-7,49.45914892201629,0.0,-59.45180304730183]
441.0,[-0.27542276257389686,0.07791117803369177,0.8549128139985637,3.956708773277884e-5,0.198414785460326,0.0,49.002822952317416,-8.8126727278891e-6,-62.0255372908525]
442.0,[-0.2763947632359483,0.06239550096871093,0.688468321465727,2.9185151323553327e-5,0.15696065585840138,0.0,48.78313472288765,0.0,-63.26460337492189]
443.0,[-0.26903703329259465,0.10716046458918368,1.2442274480666722,6.225229293865147e-5,0.219491979796298,0.0,49.51525051649682,-8.8126727278891e-6,-59.13537344873885]
444.0,[-0.2750895299173578,0.08094359247032144,0.8892792858722836,4.161763253222003e-5,0.20529060512198205,1.4542316809645478e-7,49.048026804335436,8.8126727278891e-6,-61.770567809361076]
445.0,[-0.27640897075850024,0.06098017217168461,0.6724498669351229,2.2763856239275857e-5,0.15713572062590622,0.0,48.76484996381233,0.0,-63.36773183496321]
446.0,[-0.2759272400456508,0.07272056145828874,0.7971706126930908,3.779182155024894e-5,0.16009974824124698,0.0,48.92031763814624,-8.8126727278891e-6,-62.490859809015625]
447.0,[-0.2755930504057274,0.03480765220800079,0.41153702513741053,1.1842598458142523e-5,0.11773407450507296,0.0,48.431688431245824,8.8126727278891e-6,-65.24681154401254]
448.0,[-0.27504710978849484,0.028692308351622533,0.35147549953230395,9.387562629770473e-6,0.08854051534460879,0.0,48.35164762708092,0.0,-65.69825226795066]
449.0,[-0.27451022370636013,0.08593901915095291,0.9473726079429309,4.34827856100679e-5,0.16097507207877124,0.0,49.113382320431874,0.0,-61.40194946075936]
450.0,[-0.2739055574356777,0.08939889137473499,0.9900467296190778,4.182549597764283e-5,0.20021976358046223,0.0,49.17595498380236,0.0,-61.049045137906226]
451.0,[-0.2759535386851932,0.07149052161934268,0.7863250162278083,3.5230045033686795e-5,0.1770327369602507,0.0,48.910777126665046,0.0,-62.54468792410176]
452.0,[-0.27442906415395846,0.02320951311385958,0.298309913483366,7.112300592034362e-6,0.10311012970229702,0.0,48.28863042374894,8.8126727278891e-6,-66.05368222322979]
453.0,[-0.27504891333410375,0.02869341968125115,0.3517495303181604,8.629141950525102e-6,0.0821717798371047,0.0,48.35030912214193,0.0,-65.70579702081592]
454.0,[-0.27402959720510794,0.08900305596701502,0.9852454693446869,4.4016489051018344e-5,0.16575011453036909,-1.4542316809645478e-7,49.163147999197555,-1.76253454557782e-5,-61.1212828173483]
455.0,[-0.27385743221356196,0.08957973501430078,0.9912669194479684,4.484232490175219e-5,0.20257408286759643,0.0,49.178024618568124,-8.8126727278891e-6,-61.0373859002161]
456.0,[-0.2760225519100245,0.07045617682499937,0.7720344613117587,4.539288213557476e-5,0.1754118786818006,1.4542316809645478e-7,48.89326094950117,8.8126727278891e-6,-62.64346770431143]
457.0,[-0.2760866513932479,0.06953872370159327,0.7623373850852198,3.371882160615343e-5,0.16157572533279652,1.4542316809645478e-7,48.87862695450519,0.0,-62.7260329243463]
458.0,[-0.27557610075770883,0.07657899689887923,0.840367500791487,3.8117661545776575e-5,0.17075757055261992,-1.4542316809645478e-7,48.9787160224278,0.0,-62.16150356449056]
459.0,[-0.2755271473768951,0.07715112959768428,0.8461480447094002,3.855586016045168e-5,0.17594310970043603,0.0,48.9871761226839,0.0,-62.11377829575739]
460.0,[-0.27505824392210093,0.028887094126529147,0.3535659629558377,1.010103986135686e-5,0.11344196934314367,0.0,48.3593090209227,0.0,-65.65504558523052]
461.0,[-0.2748380825331256,0.026689187211024288,0.33206568817717713,8.123528164361523e-6,0.08284789204264069,-1.4542316809645478e-7,48.3261093762164,-8.8126727278891e-6,-65.842286789175]
462.0,[-0.27426705790910766,0.0875274122801447,0.9661578700124903,4.711758693948831e-5,0.16222769067384907,1.4542316809645478e-7,49.13778723864733,8.8126727278891e-6,-61.2643116776612]
463.0,[-0.2737844438269803,0.08984423146591153,0.9972052569172979,4.493221179707017e-5,0.20220584318422416,0.0,49.18560133813153,0.0,-60.99464301545055]
464.0,[-0.2759909530548151,0.07116581130785417,0.7785009855925081,4.106707529839746e-5,0.176640350412395,0.0,48.902469277274875,0.0,-62.59154070163322]
465.0,[-0.27609493298022764,0.06935959757145353,0.7608275055684237,3.761766569057037e-5,0.16174173502612008,1.4542316809645478e-7,48.87625118965606,0.0,-62.7394095920861]
466.0,[-0.2752413590119868,0.03083222406650685,0.37262224448393644,1.1084177778897153e-5,0.11090353021432332,0.0,48.382204457290904,0.0,-65.52590311120159]
467.0,[-0.27516376974374973,0.029813336856997937,0.36285108960539675,9.393180560727846e-6,0.08776177896501823,0.0,48.36534857666323,0.0,-65.62097250777454]
468.0,[-0.27617782246413175,0.043759109276608525,0.49903475392865343,1.5735824611602093e-5,0.10410316950417799,0.0,48.537707955357966,0.0,-64.64884740289574]
469.0,[-0.276199409800859,0.04457199638495842,0.5069292496231738,1.636503287882788e-5,0.11275378370536598,0.0,48.549336013471496,0.0,-64.58325902482244]
470.0,[-0.2747978708274572,0.08386840999290776,0.9230934803160467,4.7915333135435285e-5,0.1666224200098329,0.0,49.08278885231298,-8.8126727278891e-6,-61.5745144442794]
471.0,[-0.2745973828084405,0.08499974355483943,0.9371322882683863,4.41513193939953e-5,0.1920762335334262,-2.9084633619290957e-7,49.10608160644895,-8.8126727278891e-6,-61.44313563753872]
472.0,[-0.27476884846597477,0.026173530263346203,0.3274451075418125,9.556100558491667e-6,0.11543408566302646,0.0,48.32709127217529,0.0,-65.83674876607367]
473.0,[-0.2744483878569112,0.02328296189931451,0.2988278617819079,6.797696458421467e-6,0.07726694798890844,0.0,48.28401160469853,0.0,-66.07972378957115]
474.0,[-0.27416672188196617,0.0881727917044722,0.9744504631783318,4.288728492858635e-5,0.1613523668363248,-1.4542316809645478e-7,49.14762980933312,-8.8126727278891e-6,-61.208807461056004]
475.0,[-0.2736394056336748,0.09090555126124035,1.0087789923278563,4.202774149210826e-5,0.2040983536881128,0.0,49.20049668354442,0.0,-60.9106358889034]
476.0,[-0.27600536301615985,0.07082382487213898,0.7760353107852632,3.7921033962268516e-5,0.17699349830546515,-1.4542316809645478e-7,48.89947636720448,0.0,-62.60841192623879]
477.0,[-0.2761295868208563,0.06919006928810638,0.7571241752338489,2.9207623047382817e-5,0.16110486147536968,0.0,48.870889028142564,0.0,-62.76966207649042]
478.0,[-0.2755917805623905,0.0764313921182057,0.8391394815115719,3.891540774172356e-5,0.17017502744695723,1.4542316809645478e-7,48.97626698176084,0.0,-62.17531188577225]
479.0,[-0.2755051735661088,0.07734601640255713,0.8483595634910815,3.867945464151389e-5,0.17609100924539703,-1.4542316809645478e-7,48.98982219388324,0.0,-62.09885410414931]
480.0,[-0.2757284451510832,0.07478288615910238,0.819692329697713,3.85727139533238e-5,0.1730786879010894,0.0,48.953094725636404,-8.8126727278891e-6,-62.306006475728445]
481.0,[-0.27576254688591323,0.07441806695101742,0.8160161013089923,3.8381704300773115e-5,0.17091754352982264,-1.4542316809645478e-7,48.94709750703507,0.0,-62.33983158200079]
482.0,[-0.27568990816633737,0.07524115808595735,0.8258751869451914,4.012326289755878e-5,0.17188341810915975,0.0,48.959864597027945,0.0,-62.267823505506534]
483.0,[-0.27567520374856663,0.07548352897496201,0.8275735755520381,3.592105054144369e-5,0.172695356427415,1.4542316809645478e-7,48.962403197027804,0.0,-62.253510057739646]
484.0,[-0.2757100232209349,0.07514447240826772,0.8236973950294616,3.862889326289753e-5,0.17237239211494915,1.4542316809645478e-7,48.95798140850977,0.0,-62.2784587140494]
485.0,[-0.27571202920533666,0.07504889806020669,0.8233655467591168,3.4325558149549725e-5,0.17207357466696674,-1.4542316809645478e-7,48.95693844936935,0.0,-62.28432277333664]
486.0,[-0.2750990997512011,0.02942517972671204,0.35870388962428085,9.29205780349513e-6,0.11275378370536598,0.0,48.36552606697752,-8.8126727278891e-6,-65.61996684686311]
487.0,[-0.27493424095972396,0.027537030687692494,0.3404715072501418,8.213415059679493e-6,0.08417295123116879,0.0,48.33678647704967,8.8126727278891e-6,-65.78206652802166]
488.0,[-0.27619519539326265,0.044225160510863816,0.5034337008734793,1.9707701798464885e-5,0.10334857998907086,-1.4542316809645478e-7,48.54264104624929,0.0,-64.62101952562037]
489.0,[-0.27622815610944207,0.045347502405800315,0.5148827673331093,1.9831296279527093e-5,0.11397018200371865,1.4542316809645478e-7,48.55956287511301,0.0,-64.52557817227193]
490.0,[-0.27480536106279224,0.08378879837951232,0.9219600167138886,4.581984488833512e-5,0.16693632924811747,-2.9084633619290957e-7,49.08139742595,-8.8126727278891e-6,-61.58236686509473]
491.0,[-0.26593879958583233,0.11292705300210881,1.354323983841855,7.694880032313954e-5,0.24712202948146025,-1.4542316809645478e-7,49.66862250244085,8.8126727278891e-6,-58.27033515872173]
492.0,[-0.26880406304909066,0.107424354860997,1.247777802973538,7.598251619847137e-5,0.2591471679942073,0.0,49.52575419789457,-1.76253454557782e-5,-59.07614507232007]
493.0,[-0.27640847386328143,0.058461697173306994,0.6465331795131974,2.897728787813052e-5,0.17516437332084547,0.0,48.73635055573181,1.76253454557782e-5,-63.52847685872965]
494.0,[-0.2717358920681396,0.09920869903649968,1.1132828910097132,3.097727129895535e-5,0.2005034892381425,0.0,49.338866667051825,8.8126727278891e-6,-60.13020628515671]
495.0,[-0.26689664793591167,0.11124258037502481,1.3221292812292307,7.597689826751399e-5,0.2545743555326581,0.0,49.628731961391104,0.0,-58.49531390316935]
496.0,[-0.2703919561330637,0.10371008918222796,1.181530408793636,4.921869311754585e-5,0.24907490714655747,1.4542316809645478e-7,49.43920161605203,8.8126727278891e-6,-59.56429471555512]
497.0,[-0.2719543051220859,0.0984900728866497,1.1077053105529728,7.044323627450147e-5,0.23084402446156949,0.0,49.335955174556794,8.8126727278891e-6,-60.146618303866646]
498.0,[-0.2710884007910085,0.10161210090333235,1.156350292033474,4.329739388847459e-5,0.23216908365009759,0.0,49.39664546358486,0.0,-59.80431245308473]
499.0,[-0.2703464810187815,0.10332769076001762,1.180126527998402,4.7331068315868483e-5,0.23834766259979467,2.9084633619290957e-7,49.43314007756616,-8.8126727278891e-6,-59.59849177860293]
500.0,[-0.2762558166099545,0.0655930994001395,0.7205124577124962,3.175816370203021e-5,0.18025634336878832,0.0,48.829203229556036,0.0,-63.00477549505466]
510.0,[-0.148264073872988,0.005465317053603802,-1.2182089777814284,-0.00011502713635221451,-0.17767262886906154,1.4542316809645478e-7,44.952509449463165,0.0,-84.86984125533888]
511.0,[-0.14774579375626784,0.005372975664462389,-1.21048733227491,-0.00011557207565507969,-0.34713532381375767,6.482066700253791,115.84706511352341,767.7241981010413,-85.05435477626328]
512.0,[-0.2525061759258169,0.13308131890696898,1.7859375282023993,3.7213174661639506e-5,0.12724190239542266,6.4809198931501815,121.32471745767117,767.5656933693575,-54.093967747351925]
513.0,[-0.2319362781678492,0.104244840793525,2.0651243086912268,0.00013427978574313216,0.4184651614978033,4.362695042893643e-7,50.954162866128364,0.0,-51.01971285373784]
514.0,[-0.27613819967131525,0.04500612214988255,0.5119822568612746,2.6628992737948558e-5,0.22905715648979585,0.0,48.57834346722229,8.8126727278891e-6,-64.4196531483262]
515.0,[-0.275998351272517,0.07175239129183124,0.78658941076625,3.440982711391032e-5,0.15152761134963014,1.4542316809645478e-7,48.905430434490874,8.8126727278891e-6,-62.57484856732695]
516.0,[-0.26591658652919997,0.11258809746538076,1.3534133584611627,0.00011226311432118694,0.23936484926615909,4.362695042893643e-7,49.667563259785354,-2.64380181836673e-5,-58.276314019482875]
517.0,[-0.27537202405100086,0.07825518506873172,0.8589106521447513,3.964573876618206e-5,0.20823652258896025,0.0,49.009943733458776,8.8126727278891e-6,-61.98533840674876]
520.0,[-0.1828073461136964,-0.027760610002976898,2.3775368702660553,0.0001733862031374064,0.44352357011548044,-1.4542316809645478e-7,52.09667127594312,0.0,-44.57575917737713]
521.0,[-0.18169919616169766,-0.02923736501947584,2.3717189858894097,0.00018135242923496148,0.5842062209539911,-1.1633853447716383e-6,52.15938560589475,-3.52506909115564e-5,-44.222115533032024]
522.0,[-0.2761712340016012,0.04764108469933243,0.5383675068137416,2.4258225873937105e-5,0.28223157044036423,0.0,48.622723373377625,8.8126727278891e-6,-64.16933542255755]
523.0,[-0.27570991279977514,0.036417564720001246,0.4268369769701535,1.3921232912370576e-5,0.10830774228235485,-1.4542316809645478e-7,48.44852558583116,-8.8126727278891e-6,-65.15184776479558]
524.0,[-0.22618171623556468,0.08714804475692149,2.110957312723016,0.00012772927824683511,0.33390586043489967,0.0,50.90121783104471,-8.8126727278891e-6,-51.318366592080864]
525.0,[-0.18307800677972166,-0.02732517084849168,2.374119616026605,0.0001749142803578119,0.5270656845120197,1.4542316809645478e-7,52.09814656240873,-3.52506909115564e-5,-44.56747969507886]
526.0,[-0.19171051220510685,-0.007285270865412787,2.360875798485981,0.00017506596449366098,0.5664371470522487,-4.362695042893643e-7,51.80913533843502,-2.64380181836673e-5,-46.197555007221034]
527.0,[-0.2365510360823457,0.10645234555582246,1.9782987081571617,0.00013980221187422993,0.46389145030725176,0.0,50.66020226774826,1.76253454557782e-5,-52.677689516098695]
528.0,[-0.2627393464826507,0.11663485276303863,1.4473294302960815,6.483092324808573e-5,0.33284339839762883,2.9084633619290957e-7,49.81861158812848,5.28760363673346e-5,-57.4243630974913]
531.0,[-0.18849479038439163,-0.015731881192729887,2.371643702706482,0.00015948182401790794,0.4690136039357989,-8.725390085787286e-7,51.89695966280475,8.8126727278891e-6,-45.70217746318872]
532.0,[-0.17409255852078562,-0.03323188782458873,2.3622314980441415,0.0001735547410661276,0.5893525214470217,5.816926723858191e-7,52.47918570016822,-4.4063363639445495e-5,-42.41845120822255]
533.0,[-0.20416213587855278,0.03083616423519013,2.300610707154238,0.00014222915804781513,0.5582121213375811,-1.0179621766751834e-6,51.46740949111594,-7.931405455100189e-5,-48.12495695266785]
534.0,[-0.2682101628414819,-0.01021988829472419,-0.034492947621038286,-9.601044006150652e-6,0.17814952944260926,0.0,47.89031366232139,-2.64380181836673e-5,-68.30025063437756]
538.0,[-0.23209673851646379,-0.06033570201705324,-0.8440256612163052,-6.426913015234842e-5,-0.09608641049567997,0.28638867982124894,49.8827100168613,33.918047354317736,-74.73683405611337]
539.0,[-0.26191372747134817,-0.029089760238802314,-0.25129887820512553,-2.4831254831589163e-5,-0.06440572429342273,2.573239982606208,75.72836433563307,304.76095867262455,-70.09012959820012]
540.0,[-0.2466268196795107,0.12448730585891082,1.7854478863806382,0.00010546541786276546,0.2491533844561286,0.862554108434058,59.872342826506085,102.16135804436351,-53.953207364163454]
541.0,[-0.2680849452463479,0.11299656161888047,1.2971376735591196,7.08982886820487e-5,0.302074256329621,-1.4542316809645478e-7,49.618402513604636,0.0,-58.553591723384166]
542.0,[-0.27585176718297516,0.03880672136159439,0.45088543692454763,1.4707743246402812e-5,0.15550580727327484,-1.4542316809645478e-7,48.48851382797134,1.76253454557782e-5,-64.92630419709633]
543.0,[-0.2722730910102269,0.0974498683542646,1.093858023018001,4.809510692607123e-5,0.18663413395047368,-2.9084633619290957e-7,49.30699738552697,8.8126727278891e-6,-60.30993947270758]
544.0,[-0.27421363247132485,0.08745335731489233,0.9653375844513111,4.7752413137671466e-5,0.20561960615056876,1.4542316809645478e-7,49.144701219147265,-8.8126727278891e-6,-61.225320505062975]
545.0,[-0.2761892326506372,0.06655015627031084,0.7320121144710536,5.4516402010348694e-5,0.16887713348097297,-2.9084633619290957e-7,48.84152496541167,1.76253454557782e-5,-62.93527009069161]
546.0,[-0.26983390599531404,0.10523493446265612,1.211464809122042,6.550507496297051e-5,0.21768398331810138,4.362695042893643e-7,49.47001898250318,-1.76253454557782e-5,-59.39048069199896]
547.0,[-0.26744240451787804,0.11068519805129048,1.3003471462136893,6.634776460657648e-5,0.25741764882558177,-7.271158404822738e-7,49.59851871334916,8.8126727278891e-6,-58.665725211038854]
548.0,[-0.27630388662149036,0.0639382285531632,0.7036363771619808,3.091547405842425e-5,0.1854509375907857,0.0,48.80856061749817,0.0,-63.12119796577457]
549.0,[-0.2764495689382277,0.058351574510107716,0.6452075932282081,2.5162712758074178e-5,0.14304904355788656,0.0,48.72759165297412,0.0,-63.57787363692292]
550.0,[-0.267848220683413,0.10980260026623645,1.2913432775355478,8.020158234745857e-5,0.22306269738178489,0.0,49.57735747133622,-8.8126727278891e-6,-58.78510037566769]
551.0,[-0.26664394911186917,0.11171711812644408,1.331341533757716,6.822977147729646e-5,0.2659264001979296,1.4542316809645478e-7,49.63861361251307,0.0,-58.43962600420589]
552.0,[-0.27636009099179304,0.06102634286625532,0.6741350057017744,3.2960400926908056e-5,0.18361275753198478,0.0,48.77200005528083,-8.8126727278891e-6,-63.32740896526765]
553.0,[-0.2764467531986546,0.0572347892633143,0.633967512884385,2.262340796534153e-5,0.13995220818788695,0.0,48.7122786353996,-8.8126727278891e-6,-63.66424567383258]
554.0,[-0.27532741390246984,0.07931408014487083,0.8704301836636016,4.040415944542744e-5,0.16718081625101217,0.0,49.01596130645395,-1.76253454557782e-5,-61.951421459297286]
555.0,[-0.27509556627408976,0.08118727674888718,0.8920430820839218,4.034236220489633e-5,0.1834165642580569,-2.9084633619290957e-7,49.04695372069213,-1.76253454557782e-5,-61.77662473512448]
556.0,[-0.2758080588072487,0.07365488658605657,0.8105390991846432,3.882552084640559e-5,0.1743826185831945,0.0,48.940961064379856,-8.8126727278891e-6,-62.37444193035467]
557.0,[-0.27587793699783125,0.07299041249811009,0.79987297782746,3.837608636981574e-5,0.16835193917845842,0.0,48.926518400685985,1.76253454557782e-5,-62.455895872122106]
558.0,[-0.2756734554135376,0.0755526334718687,0.8282035452267763,3.269635817191152e-5,0.17133709530022218,1.4542316809645478e-7,48.96346895308932,0.0,-62.24749905256581]
559.0,[-0.27563874636232905,0.07596574500381535,0.8326579005942368,4.157268908456104e-5,0.17358879041330183,-2.9084633619290957e-7,48.96978370023458,-1.76253454557782e-5,-62.21189681947736]
560.0,[-0.26863664616741306,0.10826866228884688,1.258227711029353,7.91510292584298e-5,0.22946463482795368,-1.4542316809645478e-7,49.53407344574529,0.0,-59.029209637727384]
561.0,[-0.26828357450917584,0.10896172785723866,1.2709541825368986,7.214546935458553e-5,0.25640046215921736,0.0,49.558509302639386,-8.8126727278891e-6,-58.89137898815306]
562.0,[-0.2763414850263785,0.06197481218929644,0.6848715921181777,2.5864954127745817e-5,0.18136106241890515,2.9084633619290957e-7,48.784726436486025,8.8126727278891e-6,-63.25563508378017]
563.0,[-0.27643442283581804,0.05935520619471472,0.6559773042450996,2.719078583368587e-5,0.14333880593168769,0.0,48.74088307215234,0.0,-63.502908274460786]
564.0,[-0.2753518721893501,0.07905645373096427,0.8675049803077666,3.973562566150003e-5,0.1680833053110803,0.0,49.012422084452865,0.0,-61.97139691575734]
565.0,[-0.26711531863923066,0.11099536004764074,1.31356747540124,5.655009301691776e-5,0.2383597360320364,-4.362695042893643e-7,49.608200891411485,1.76253454557782e-5,-58.611107261812236]
566.0,[-0.26842879673774767,0.10828583738310732,1.263050652860427,4.707264349182932e-5,0.25851029444345686,4.362695042893643e-7,49.54669968333279,8.8126727278891e-6,-58.95799139537362]
567.0,[-0.27638107101214177,0.060153039838095175,0.6638507206484002,3.215141886904633e-5,0.17824611690054296,0.0,48.75825514020782,1.76253454557782e-5,-63.40493669662742]
568.0,[-0.2764281104261868,0.059686887573873644,0.6585592162867847,2.369081484724242e-5,0.14250573910700942,0.0,48.74416501461528,1.76253454557782e-5,-63.48438390863094]
569.0,[-0.27528501217713347,0.07969405384789147,0.8747357794615972,3.989292772830648e-5,0.16911558376774682,0.0,49.021850239680056,0.0,-61.918220873043005]
570.0,[-0.27518248613032403,0.08044258486774784,0.8836125701269569,4.075808909574194e-5,0.1825774607172578,2.9084633619290957e-7,49.035939551096845,-8.8126727278891e-6,-61.83875988486262]
571.0,[-0.27581435281335326,0.07364266196014178,0.8082239907432535,3.875248774395974e-5,0.1736582126486917,1.4542316809645478e-7,48.938520165470436,0.0,-62.38820892310576]
572.0,[-0.2758421973491319,0.07312983385151835,0.801253972535084,3.333680230105206e-5,0.168623591403897,0.0,48.93033118574029,-1.76253454557782e-5,-62.43440962826542]
573.0,[-0.2756717070785085,0.07570155164210332,0.8292400440893236,3.290422161733433e-5,0.1716027108095399,0.0,48.96445654827849,-2.64380181836673e-5,-62.241933477110734]
574.0,[-0.2756332437078692,0.07584976260257428,0.8313762796880774,4.056146151223388e-5,0.17349823967148897,-1.4542316809645478e-7,48.968468806392444,0.0,-62.2192854423381]
575.0,[-0.27571372232978586,0.07507274113223883,0.8225121365974494,3.0179525103008368e-5,0.17249614479542671,0.0,48.95655985764391,8.8126727278891e-6,-62.28646267281029]
576.0,[-0.275730451135485,0.07495595049126785,0.821761713830027,3.2033442318941493e-5,0.17179890408346774,-1.4542316809645478e-7,48.954750759119314,0.0,-62.29667081987022]
577.0,[-0.27568528888115534,0.07518943074324357,0.8249597434407917,3.552779537442757e-5,0.172124886753994,0.0,48.958893285353845,8.8126727278891e-6,-62.27329264772353]
578.0,[-0.2751191227881655,0.0295304529515319,0.35968076420594947,1.041002606401238e-5,0.1129469586212334,0.0,48.366713135226334,-8.8126727278891e-6,-65.61327162490477]
579.0,[-0.27492871990173745,0.02751813808400601,0.3399144116964775,6.612304736828155e-6,0.08416087779892707,0.0,48.33614734908306,-8.8126727278891e-6,-65.78567129430238]
580.0,[-0.2743163977639804,0.08738485899778306,0.9652460401008711,4.886476346723134e-5,0.1624450124541999,1.4542316809645478e-7,49.13553767104001,8.8126727278891e-6,-61.277017904793375]
581.0,[-0.27384105307486867,0.08970592144213188,0.9947787293651754,4.7718705551927225e-5,0.2017621445493412,1.4542316809645478e-7,49.18204746096687,0.0,-61.01468276073599]
582.0,[-0.27598848698224776,0.07098244191913243,0.7793176575609069,3.138738025884359e-5,0.176555836386703,0.0,48.90314911402916,-8.8126727278891e-6,-62.587706332404686]
583.0,[-0.26997351514826623,0.10475463800316129,1.2037425613500599,5.713435783648457e-5,0.21936520875776003,0.0,49.459521000335705,-2.64380181836673e-5,-59.44970906841775]
584.0,[-0.27541696546301103,0.07799270921644574,0.8556066238124245,3.849406291992058e-5,0.19855966664722657,0.0,49.00404258759637,0.0,-62.01864461035905]
585.0,[-0.2763821936272657,0.06232154703342481,0.6869963846731264,2.937054304514664e-5,0.1570059312293078,1.4542316809645478e-7,48.78304353520324,8.8126727278891e-6,-63.26511309346604]
586.0,[-0.26901529872765445,0.10723270101504376,1.2460197900858125,5.3645622711955865e-5,0.21944368606733117,-2.9084633619290957e-7,49.51484424279575,0.0,-59.13766947821701]
587.0,[-0.2670746284418701,0.11079370423502996,1.315785619103019,5.715121162935669e-5,0.2613083123654741,-4.362695042893643e-7,49.618842982687354,-8.8126727278891e-6,-58.551125787724615]
588.0,[-0.2712730801806572,0.09711050869767159,1.1521260020730404,2.6909889285817215e-5,0.24292651177746466,2.9084633619290957e-7,49.37986855800529,0.0,-59.89895019611579]
589.0,[-0.2764321960090968,0.05954898166995895,0.6577425443183861,2.7915498927187003e-5,0.17004221969229838,-1.4542316809645478e-7,48.74919173571827,1.76253454557782e-5,-63.456037128693495]
590.0,[-0.27633059013861844,0.06401551647733517,0.7043916180531106,2.994918993375607e-5,0.1478482328739678,0.0,48.80270750800523,1.76253454557782e-5,-63.15421027761165]
591.0,[-0.2752474137722453,0.0799993664058623,0.8782530097679749,4.0724381509997705e-5,0.17217921719908172,1.4542316809645478e-7,49.02696489176444,-8.8126727278891e-6,-61.889355190443496]
592.0,[-0.26754233566743385,0.11105102755903781,1.3016709257022883,5.640402681202606e-5,0.2371403193756233,1.4542316809645478e-7,49.58853610443374,8.8126727278891e-6,-58.72203303796141]
593.0,[-0.2686005568517079,0.10767258548804344,1.2574104367954908,4.9668127594135696e-5,0.2571339231679015,-4.362695042893643e-7,49.54133589346779,1.76253454557782e-5,-58.9882484718369]
594.0,[-0.27638471491041283,0.06069567178675877,0.668938057017916,2.500541069126773e-5,0.17865963195482165,2.9084633619290957e-7,48.76500547138128,0.0,-63.36686852787942]
595.0,[-0.27644253879105823,0.05984823242995552,0.6605786123856348,2.9539080973867832e-5,0.14298565803861754,-1.4542316809645478e-7,48.74627942904749,8.8126727278891e-6,-63.47246751563925]
596.0,[-0.2674758805328029,0.11008518108180378,1.2966757359486758,5.66680695670226e-5,0.22525402533365596,2.9084633619290957e-7,49.59214534554964,1.76253454557782e-5,-58.70169940090277]
597.0,[-0.2749727043303633,0.08191641001522589,0.9005783882315219,4.16232504631774e-5,0.2101622350315136,-1.4542316809645478e-7,49.06337645981887,0.0,-61.6840074980342]
598.0,[-0.27642560754656625,0.059045953468060595,0.651907796508765,3.067952095821458e-5,0.155182842960809,0.0,48.738278523916435,0.0,-63.517593679003134]
599.0,[-0.26928408223396433,0.10655155698266805,1.228857031174709,6.070736192537387e-5,0.21548661865010943,-2.9084633619290957e-7,49.4937921003338,-1.76253454557782e-5,-59.256397162533]
