182.0,[-0.1278275666057501,-3.520015449491135,-10.179783771491202,0.002112938091158867,0.0358852503268281,0.006892264536872972,55.08178770050037,0.0003582319626123838,-11.733939280540135]
189.0,[-0.5897627962288728,-0.0010861829953986064,-0.008699885256646667,4.7251091928046656e-5,0.0074223294177500065,0.006883738024043851,34.12816366170648,0.000356751665246217,-61.723298472315946]
190.0,[-0.11095435562917069,2.077859543684705,6.070555969017732,-0.001268830374101526,0.09170832981908461,0.0005229594535194337,20.781757791678363,2.8125649957170633e-5,-93.56355588709319]
191.0,[-0.6093572627226725,0.02415513714974319,0.05773017619503662,0.00021609309897030468,-2.3048954744808725,0.004256150987203,35.57352884652976,0.00019687954970019442,-58.2748660755377]
192.0,[-0.5499955288238804,0.0186076931640855,-0.002914646302087931,-0.00022949393496674017,0.3856754915432248,4.263256414560601e-6,31.760349772635443,2.220446049250313e-6,-67.37173460383669]
193.0,[-0.6022392824434064,0.010714984455262309,0.02546443056417047,0.00013512249097402673,-0.31305091852118494,0.0013031353773840237,34.9169086458694,6.957397620984314e-5,-59.84117836175886]
194.0,[-0.5819832722409046,-0.0031349145501735616,-0.019693402464326937,-4.170317424723179e-5,0.2595271553218481,0.00013358203432289883,33.39508650983017,6.661338147750939e-6,-63.47172996713977]
195.0,[-0.5947130811515914,0.002078100654519706,0.0016783019418653566,5.9154103837499854e-5,-0.016842705008457415,0.000716227077646181,34.26455765826928,3.700743415417188e-5,-61.39746285985634]
196.0,[-0.5954311272186411,0.0027156943360751025,0.0036351366361486726,6.6972916101804e-5,0.14240555401556776,0.0003865352482534945,34.3361369676153,2.0724163126336254e-5,-61.22666767233958]
197.0,[-0.5984851914793884,0.005808450017260231,0.012474288269004319,9.731309091876027e-5,0.15496937066927785,0.0003694822225952521,34.59940070975888,2.220446049250313e-5,-60.5985966168581]
198.0,[-0.5987651263694715,0.006139089236967265,0.013389467312663328,0.00010058158750325673,0.20298926983741694,0.00027142732506035827,34.62898183772518,1.4062824978585317e-5,-60.52801434667085]
199.0,[-0.5996216619526725,0.007179323802120051,0.016218848486460047,0.00010974758879456202,0.20837234160353546,0.00026290081223123707,34.70856517697847,1.3322676295501878e-5,-60.3381583427368]
200.0,[-0.5997283381020679,0.007313853226757297,0.01659969939282746,0.000111012354864215,0.22281341216512374,0.00023163693185779266,34.71990577942095,1.4062824978585317e-5,-60.3110958000538]
201.0,[-0.5999817650111557,0.007638808104578249,0.01744524524838198,0.00011378062936273635,0.22468640281658736,0.00022311041902867146,34.74407529477879,1.1842378929335004e-5,-60.253430181741614]
202.0,[-0.6047887003054105,0.015132665491061438,0.0366100039173034,0.00017240324723388764,0.23067769916451653,0.00021600499167107046,35.252248651799334,1.3322676295501878e-5,-59.04107475933935]
203.0,[-0.604927076134724,0.015414040414422438,0.037336178593250224,0.00017516015304863683,0.32299141139446874,2.2737367544323206e-5,35.27842130200745,2.220446049250313e-6,-58.978627188415494]
204.0,[-0.5963432367176816,0.003566450838358529,0.006156142262625508,7.705125426582526e-5,0.32480613754160004,1.2789769243681803e-5,34.427635725620064,1.4802973661668755e-6,-61.00835443183834]
205.0,[-0.5962138042529356,0.0034333424991928037,0.005763922672485933,7.468088369932957e-5,0.17037535826602834,0.0003382183422218077,34.403514714377124,1.6283271027835628e-5,-61.06592361935068]
206.0,[-0.5990025708039562,0.006416674599070877,0.014159695638227277,0.00010278711215505608,0.1674948180152569,0.0003424815986363683,34.64747126594386,1.850371707708594e-5,-60.48391400424537]
207.0,[-0.5989932295354569,0.006407674391084583,0.014129852843325352,0.00010305143405275884,0.21153852003408247,0.00025153212845907547,34.65060190872812,1.258252761241844e-5,-60.47644010972623]
208.0,[-0.5997778297720894,0.007374012511718319,0.01674180793997948,0.00011148131306981667,0.21193216070969356,0.00025295321393059567,34.723620173482736,1.1842378929335004e-5,-60.30223837732203]
209.0,[-0.5997992218453874,0.007402907916305896,0.01681996764091309,0.00011179679404449415,0.22531878585141385,0.00022026824808563106,34.726846122598026,1.3322676295501878e-5,-60.29454218443269]
210.0,[-0.6000301292867031,0.007695177828281884,0.017607248992135283,0.00011434337920945835,0.22578774405701552,0.00021884716261411086,34.74880104218363,1.1842378929335004e-5,-60.24215691370825]
211.0,[-0.6000438285506485,0.007720283671612074,0.017678303265711293,0.00011452812032075597,0.23009647520666476,0.00021600499167107046,34.75045656421048,1.4062824978585317e-5,-60.23821035634163]
212.0,[-0.6001130164653053,0.00780744358053198,0.017917045624926686,0.00011528413779160472,0.2303664814462536,0.00021174173525650986,34.757082907064806,1.1842378929335004e-5,-60.22240078047097]
213.0,[-0.6001191271328329,0.007815496398203928,0.017929835394170368,0.00011537224509083897,0.23147492811403936,0.00020889956431346945,34.75778706768019,1.1842378929335004e-5,-60.22072592973668]
214.0,[-0.5944252639740929,0.0018630430531629825,0.00106439301816863,5.8238924793840845e-5,0.23049864239510498,0.00020605739337042905,34.26219329540544,1.0362081563168127e-5,-61.40306498179728]
215.0,[-0.5942953672880927,0.0017517246912272335,0.0007290168468898628,5.6397198022750665e-5,0.14017729199622408,0.0004035882739117369,34.244362076535396,2.1464311809419694e-5,-61.44561532599775]
216.0,[-0.5984319955132378,0.005743080085570302,0.012299494756007334,9.662528555054449e-5,0.13831567002853262,0.0004021671884402167,34.593134318494045,1.9984014443252818e-5,-60.6135504962627]
217.0,[-0.5855483398894042,-0.002657903526899948,-0.01566178298162413,-1.5830892152735032e-5,0.19900596726074582,0.00027142732506035827,33.618611766683614,1.4062824978585317e-5,-62.938470689134974]
218.0,[-0.5867409527127165,-0.002336264515179209,-0.013994849723530933,-7.779021871101577e-6,0.022090773654781515,0.0006366462912410498,33.68455353635969,3.478698810492157e-5,-62.78118190396396]
219.0,[-0.5960899140215284,0.003306865892227506,0.005397282620833721,7.24952542441315e-5,0.03693543249028153,0.0006053824108676054,34.38169296837014,3.2566542055671256e-5,-61.11799726633243]
220.0,[-0.5965153585899922,0.0037279808869546587,0.006603784186154371,7.75457920099143e-5,0.16366499266950996,0.0003424815986363683,34.42825947151864,1.924386576016938e-5,-61.00688868368057]
221.0,[-0.598886070217001,0.006277881918019071,0.013771739304502262,0.00010160761121369431,0.17178081179736182,0.0003296918293926865,34.63723051558038,1.850371707708594e-5,-60.508343478561855]
222.0,[-0.5990721092530293,0.006502887117676436,0.014388490399142029,0.00010386145277152535,0.20984032289561583,0.00025721647034515627,34.65767159621159,1.258252761241844e-5,-60.45956979505718]
223.0,[-0.5997465469439097,0.007334695813672926,0.016642331956973067,0.0001111317260438227,0.21363888436098932,0.00024868995751603507,34.72077842801439,1.4062824978585317e-5,-60.309018985143275]
224.0,[-0.5998211065616488,0.00742990854026478,0.0168910219144891,0.00011205827377125387,0.2248512487312837,0.00022453150450019166,34.72887308403106,1.4802973661668753e-5,-60.28970744864637]
225.0,[-0.6000214038219079,0.00768759870576711,0.01758309053911944,0.00011424958756833802,0.2261174358864082,0.00022026824808563106,34.748013914003295,1.258252761241844e-5,-60.24403579171381]
226.0,[-0.6000501097484326,0.0077264417086553286,0.017696777376841055,0.00011457359505584462,0.22995578774498426,0.00021316282072803006,34.75103861358924,8.881784197001252e-6,-60.2368247980069]
227.0,[-0.6001105437765849,0.0078036540192745925,0.017892887171910843,0.00011527276910783256,0.23046737851473154,0.00020889956431346945,34.75686506402247,1.1102230246251565e-5,-60.22291846160702]
228.0,[-0.6001208987527207,0.007818338569146968,0.01794262516341405,0.00011539214028744026,0.23144792749008047,0.00021032064978498966,34.7579530028101,1.1842378929335004e-5,-60.220323965560446]
229.0,[-0.6001393539160441,0.007842497022162812,0.017998047496803338,0.00011558825008251004,0.23161703666119138,0.00021458390619955026,34.75973361439642,8.141635513917814e-6,-60.21608202542796]
230.0,[-0.6001429634731418,0.007842023327005638,0.01800373183868942,0.00011564225133042781,0.23191262243926758,0.00021174173525650986,34.76011441424582,1.258252761241844e-5,-60.215168470481984]
231.0,[-0.5944355905285192,0.0018729906514636239,0.0011027623258996755,5.8321347751189016e-5,0.23091644152373192,0.00021032064978498966,34.26304892501119,9.62193288008469e-6,-61.40102572414565]
232.0,[-0.5801465003211584,-0.003113124572943585,-0.021235280200926354,-5.530012003873707e-5,0.13796750408801017,0.0003964828465541359,33.273943228129994,2.0724163126336254e-5,-63.76075845082596]
233.0,[-0.5773851228241256,-0.0027602216808494022,-0.022872370664117625,-7.508447197324131e-5,-0.04168043687968748,0.0007645439836778678,33.097984339951424,4.144832625267251e-5,-64.18057349070035]
234.0,[-0.5880837458486591,-0.0018800960788212249,-0.011930012533412082,2.162892087653745e-6,-0.07059099971229443,0.0008199663170671556,33.768727747540424,3.9227880203422196e-5,-62.5803754214108]
235.0,[-0.5875758499011378,-0.0020648371901188507,-0.012730083653877955,-1.0913936421275139e-6,0.051038284709647996,0.000574118530494161,33.74328904117614,2.9605947323337507e-5,-62.64104968067841]
236.0,[-0.5903502634888961,-0.0008517038925977734,-0.007909761734481435,2.1327650756575164e-5,0.046134118747431785,0.000581223957851762,33.93788499729153,3.0346096006420947e-5,-62.17679932823168]
237.0,[-0.5966084017927642,0.003805666892731096,0.006843947630841285,7.786127298459178e-5,0.08286775710075744,0.0005101696842757519,34.42921593862642,2.8125649957170633e-5,-61.00462002223139]
238.0,[-0.5974014811727102,0.004623264734012385,0.009166001291305292,8.636789061711168e-5,0.17209913494298235,0.0003296918293926865,34.50501085122149,1.4802973661668753e-5,-60.823782835736246]
239.0,[-0.5990534835594493,0.006476833884031899,0.014303225270850817,0.0001034919705489301,0.18554118241809192,0.0003041122909053229,34.65381849740019,1.6283271027835628e-5,-60.46876320299686]
240.0,[-0.6081104970689921,0.022262724996835456,0.053786664011568064,0.0002232695806014817,0.2155644551748992,0.00024584778657299466,35.6931982838966,1.1842378929335004e-5,-57.98909898300865]
241.0,[-0.6085024892854562,0.023357434505063182,0.05638298716803547,0.00023249810965353387,0.40453329575029784,0.0,35.777421424666926,0.0,-57.788148361786234]
242.0,[-0.6030970685818223,0.012210440066458734,0.0293496782433067,0.00015189698387985118,0.41680152662593173,-4.263256414560601e-6,35.078815806867595,-7.401486830834377e-7,-59.454825824494556]
243.0,[-0.6031924328908644,0.012342127320152938,0.029673685730813304,0.0001519907755209715,0.2899227524721937,9.237055564881302e-5,35.076660777552256,4.440892098500626e-6,-59.45997218402356]
244.0,[-0.605712491127027,0.016936496649577745,0.04105373818674707,0.00018600871953822204,0.2907754037551058,8.952838470577262e-5,35.371674717642314,4.440892098500626e-6,-58.75615422772691]
245.0,[-0.6057574542713459,0.017044025450256108,0.04133369202463655,0.0001871882204795838,0.3444256435614079,0.0,35.38314423891649,2.220446049250313e-6,-58.72878310648438]
246.0,[-0.6064500250128427,0.01848879567963498,0.04482956228457624,0.0001975507757379091,0.3467107489996124,5.6843418860808015e-6,35.47321084910774,-2.960594732333751e-6,-58.513906862702115]
247.0,[-0.606483979481709,0.018566007990254242,0.04501288231040235,0.0001982613184736692,0.3628215949902369,-2.8421709430404007e-6,35.479572121228905,-1.4802973661668755e-6,-58.49873373011048]
248.0,[-0.6024148054469455,0.011110046216344925,0.026543034437054303,0.00014298962014436256,0.3628542799560819,0.0,35.000335723490856,-1.4802973661668755e-6,-59.64204876006209]
249.0,[-0.6066422410337206,0.01887912048914586,0.04574900458464981,0.00019981314380856927,0.2770917717498378,0.00011795009413617663,35.491121631745195,6.661338147750939e-6,-58.471192078611374]
250.0,[-0.6055849629168127,0.016704859717719952,0.04049951485285419,0.0001848945885285502,0.36594087760022376,-4.263256414560601e-6,35.36376046289508,0.0,-58.775028272910795]
251.0,[-0.6024506831181498,0.011166889635205733,0.026683721898734802,0.00014325109987112228,0.34182505714852596,-2.8421709430404007e-6,35.002069958335746,2.220446049250313e-6,-59.63791644652312]
252.0,[-0.5966509585656846,0.0038587207503345167,0.007008793545537628,7.971152626851108e-5,0.27438176175564877,0.00011937117960769683,34.44941662605661,7.401486830834377e-6,-60.95639650181641]
253.0,[-0.5952283477957584,0.002534742786034864,0.003106492840743158,6.531308827106841e-5,0.17415970887668664,0.0003311129148642067,34.32234648189587,1.6283271027835628e-5,-61.259566816066325]
254.0,[-0.5931480018261936,0.0008820203826568709,-0.0020023094293719623,4.6117065721773536e-5,0.15123333696465124,0.0003780087354243733,34.15534511240949,2.2944609175586567e-5,-61.657988429228034]
255.0,[-0.5926260750281168,0.0005177488067905263,-0.003197442310920451,4.1313796828035265e-5,0.12080505484846071,0.0004362732397567015,34.11281593861406,2.4424906541753444e-5,-61.759453931894576]
256.0,[-0.5980529920179833,0.005320070310214456,0.01113420466936077,9.25382437344524e-5,0.11470291383375297,0.0004490630090003833,34.55718894008373,2.2944609175586567e-5,-60.69930792916369]
257.0,[-0.5980167259167501,0.0052869116492123185,0.011047518455598038,9.277414392272475e-5,0.19544614815458772,0.0002856381797755603,34.561075225921115,1.4062824978585317e-5,-60.69002418079046]
258.0,[-0.6082093098787785,0.02250336213667954,0.05434941385829006,0.00022482140593638175,0.19879848878190387,0.00027711166694643907,35.70619483384063,1.554312234475219e-5,-57.958095973325335]
259.0,[-0.599727485450785,0.007333274728201406,0.01665654281168827,0.00011246754638705168,0.4036436962451262,-7.105427357601002e-6,34.73634356867446,-1.4802973661668755e-6,-60.27186470549038]
260.0,[-0.5977795372776503,0.005029695178867162,0.010314238352293614,9.060840966412796e-5,0.22616433170696837,0.00022737367544323206,34.542921922709176,1.1842378929335004e-5,-60.73332973041293]
261.0,[-0.604785763395436,0.015112770294460155,0.036556002669385634,0.00017199681678903286,0.19379626792215277,0.0002884803507186007,35.248124951083774,1.6283271027835628e-5,-59.05092389671804]
262.0,[-0.5937607738815132,0.0013405572948007223,-0.0005357492227631155,5.2776272241317195e-5,0.31927811505738646,1.8474111129762605e-5,34.21691257677637,3.7007434154171883e-6,-61.511075598121224]
263.0,[-0.5960671861278873,0.0032945498181409976,0.005348965714802034,7.297558113350533e-5,0.13204015658629942,0.0004163780431554187,34.38798318621773,2.3684757858670007e-5,-61.10298248326477]
264.0,[-0.5983057652277542,0.0056052347948328425,0.011930012533412082,9.55139967118157e-5,0.16462848861920065,0.0003439026841078885,34.584115105971506,1.7763568394002505e-5,-60.63506471524047]
265.0,[-0.59893235970776,0.00633898859329444,0.013942269561084686,0.00010230678526568225,0.200320471321902,0.00027569058147491887,34.6439806715701,1.4802973661668753e-5,-60.49223445968112]
266.0,[-0.6044279340737072,0.014464281624289772,0.03495728151392541,0.0001673214455877314,0.21240254000076675,0.00025437429940211587,35.20795758730404,1.4062824978585317e-5,-59.14674362981844]
267.0,[-0.6046678606708156,0.014927555488005357,0.036141045711701736,0.00017151080555777296,0.3149352778564207,4.263256414560601e-5,35.24668259187765,0.0,-59.054344652460195]
268.0,[-0.5961812329739283,0.0034106051316484805,0.0057056581681536045,7.543121682829224e-5,0.3187324182363227,3.126388037344441e-5,34.413505711096356,0.0,-61.04205851897859]
269.0,[-0.5897107276571963,-0.0011738165994756853,-0.009104894616029924,1.6839862837514374e-5,0.16609220665486646,0.0003424815986363683,33.901482233587245,1.6283271027835628e-5,-62.26363272584682]
270.0,[-0.5928885210929972,0.0006991740519879385,-0.0025977442419389263,4.33146851719357e-5,0.0749153628021304,0.0005286437954055145,34.12912821283341,2.7385501274087194e-5,-61.72054461168435]
271.0,[-0.597192202652271,0.004399206924669366,0.008535039341950323,8.386109584535005e-5,0.11757634865716682,0.0004405364961712621,34.482149245067085,2.4424906541753444e-5,-60.878329171438445]
272.0,[-0.5980586574120631,0.005330965298829445,0.011162626378791174,9.310952009400351e-5,0.18182646499553812,0.0003126388037344441,34.563591908724725,1.6283271027835628e-5,-60.68402516997854]
273.0,[-0.5992346719570681,0.00669568104664601,0.014925660707376665,0.0001055042275766027,0.1964224338735221,0.0002799538378894795,34.671465911203256,1.850371707708594e-5,-60.42666659108623]
274.0,[-0.5936863090028055,0.001279924314682527,-0.0007389644451905042,5.14120301886578e-5,0.2145796429431357,0.00024158453015843406,34.20244048060024,1.1102230246251565e-5,-61.545624216055984]
275.0,[-0.5939617816845081,0.0014892975741531698,-8.668621376273222e-5,5.330775820766575e-5,0.12939977978021489,0.0004135358722123783,34.217050430576606,2.0724163126336254e-5,-61.510781230416406]
276.0,[-0.5982283918607815,0.005510969458555336,0.011654321951937163,9.448228865949203e-5,0.13333760762179736,0.0004035882739117369,34.57447044565162,2.0724163126336254e-5,-60.658078179390685]
277.0,[-0.5983677150804093,0.005679604934509067,0.012119016901124269,9.639506970415822e-5,0.19831105646517244,0.0002799538378894795,34.592679911522914,1.554312234475219e-5,-60.614628491098955]
278.0,[-0.5869785203079422,-0.0022671050222318927,-0.013649525953951525,-4.837374945054762e-6,0.1987928044400178,0.00026858515411731787,33.71411126321792,1.6283271027835628e-5,-62.71063313079139]
279.0,[-0.5791510962656806,-0.0030316490059097605,-0.02191882231272757,-6.273239705478773e-5,0.03821298832917819,0.0006011191544530448,33.20719901318468,3.2566542055671256e-5,-63.92000731888662]
280.0,[-0.5826890401294804,-0.003090387205399262,-0.018992807326867478,-3.8471625884994864e-5,-0.05232436706137378,0.0007830180948076304,33.41617558841741,3.9227880203422196e-5,-63.4214621137679]
281.0,[-0.5879165598798863,-0.0019497292669257147,-0.012218492884130683,1.1795009413617663e-6,-0.012664713722188026,0.0006977529665164184,33.76164019011989,3.700743415417188e-5,-62.597277202972435]
282.0,[-0.5954110993873959,0.0026939043588451264,0.0035768721318163443,6.613731784455013e-5,0.05099565214550239,0.0005783817869087216,34.32679652170025,2.9605947323337507e-5,-61.24896754857088]
283.0,[-0.6021229902823203,0.01062450868024219,0.025274005110986764,0.00013769181350653525,0.15499495020776521,0.0003666400516522117,34.94968211045031,2.220446049250313e-5,-59.76292324508645]
284.0,[-0.6038066828750743,0.013371466896690738,0.03225721911803703,0.0001596163201611489,0.26782487339005456,0.00013358203432289883,35.142520430612755,4.440892098500626e-6,-59.302850883925984]
285.0,[-0.600821285464311,0.008769044749593983,0.020446577764232643,0.00012377086022752337,0.3016111804754473,6.821210263296962e-5,34.832323426136114,4.440892098500626e-6,-60.04288621852538]
286.0,[-0.6013316162049401,0.009473429448310828,0.022305357560981065,0.00012914540548081277,0.24512871732440544,0.00018758328224066645,34.87773306359687,7.401486830834377e-6,-59.934555857970345]
287.0,[-0.6087615626408175,0.023956185183730362,0.0577358605369227,0.00023554207473353014,0.2558380174377817,0.00015916157281026244,35.80045917734385,8.141635513917814e-6,-57.733202092029906]
288.0,[-0.6089281233319829,0.02450188200479412,0.059038995914306724,0.00024073187887552192,0.42348489159849123,-8.526512829121202e-6,35.84941982658464,3.7007434154171883e-6,-57.61638683614885]
289.0,[-0.6034005271734108,0.012717293884634271,0.03064002385144704,0.00015586181234539254,0.429696456194506,4.263256414560601e-6,35.11347582623316,2.220446049250313e-6,-59.372132860906795]
290.0,[-0.6033947101968806,0.012681293052689092,0.030530600270139985,0.00015460841495951172,0.29625937258970225,7.531752999057062e-5,35.09948664383253,4.440892098500626e-6,-59.40551212851071]
291.0,[-0.5957860291042986,0.003042070299367575,0.00460858018414001,7.144080882426351e-5,0.29208848673079046,7.531752999057062e-5,34.37822705152852,4.440892098500626e-6,-61.12623245663989]
292.0,[-0.5955664808728519,0.0028331707350541056,0.004006039944215445,6.840537025709637e-5,0.16128467450471362,0.0003566924533515703,34.34896247673312,1.6283271027835628e-5,-61.1960706870767]
293.0,[-0.5988320594951801,0.006212038291171968,0.013599787962448318,0.00010093970104207982,0.15755716731291614,0.0003609557097661309,34.631016032227976,1.850371707708594e-5,-60.523170475335064]
294.0,[-0.5988124674634795,0.0061945115703565526,0.013555734312831191,0.00010113012649526353,0.20880577267234912,0.00025721647034515627,34.63380118956228,1.4802973661668753e-5,-60.5165208103894]
295.0,[-0.5997229758728887,0.007306274104242522,0.016552803572267294,0.0001108645619751769,0.20919657117701718,0.00025579538487363607,34.71817111910137,1.258252761241844e-5,-60.31523724914223]
296.0,[-0.5939589774091777,0.001489771269310343,-9.094947017729282e-5,5.393303581513464e-5,0.22286315015662694,0.00022168933355715126,34.224587289271966,1.1102230246251565e-5,-61.492789273285915]
297.0,[-0.5941406016063411,0.0016314061213051898,0.0003424815986363683,5.49363221580279e-5,0.13350671679290826,0.0004092726157978177,34.23151018798667,1.924386576016938e-5,-61.476282350473156]
298.0,[-0.5922640013977798,0.000277111666946439,-0.003994671260443283,3.822151484200731e-5,0.13482832628142205,0.0004050093593832571,34.08644544267413,2.0724163126336254e-5,-61.82236437065772]
299.0,[-0.5922599465672344,0.0002742694960033986,-0.003994671260443283,3.800550985033624e-5,0.10856808785320027,0.0004547473508864641,34.084005770789794,2.8125649957170633e-5,-61.828186760846755]
300.0,[-0.6029922587913461,0.011977382049129421,0.02871445303753717,0.00014788383850827813,0.11054623882955639,0.0004590106073010247,35.037188639419355,2.590520390792032e-5,-59.55416781944223]
301.0,[-0.6031556362510552,0.012274862607834315,0.02951452415800304,0.00015143655218707863,0.28387887596181827,0.00010516032489249483,35.07195502745794,6.661338147750939e-6,-59.47120281949278]
302.0,[-0.6010763892542551,0.009114368519173391,0.021378809833549894,0.00012658460946113337,0.2883766114791797,8.810729923425242e-5,34.85636359718756,2.220446049250313e-6,-59.985538314322184]
303.0,[-0.601123067175043,0.0091783173653918,0.021523760551644955,0.00012677787708526012,0.24966766432044096,0.00017337242752546445,34.85729964151012,8.881784197001252e-6,-59.9833133004982]
304.0,[-0.6004642898460588,0.008274980700662125,0.01915196889967774,0.00011934275789826641,0.24989077473946963,0.00017905676941154525,34.79266195176525,9.62193288008469e-6,-60.13752137537917]
305.0,[-0.6004573549489578,0.008264085712047137,0.019113599591946695,0.00011914949027413967,0.23798776283001644,0.00019895196601282805,34.79091112340737,1.1842378929335004e-5,-60.141695306421234]
306.0,[-0.6049782825812144,0.015483673602526928,0.03749534016606049,0.0001750663614075165,0.23916157942949212,0.00019895196601282805,35.275783784391294,8.141635513917814e-6,-58.98493173260379]
307.0,[-0.6087225585815759,0.023896025898769338,0.057629279126558686,0.00023567281459691,0.32856917187018553,7.105427357601002e-6,35.8032634810393,3.7007434154171883e-6,-57.726500658970636]
308.0,[-0.60628732967416,0.018169051448542934,0.04405364961712621,0.00019585968402680007,0.42295766888855724,-2.8421709430404007e-6,35.46017260264389,-7.401486830834377e-7,-58.54501340861264]
309.0,[-0.6033354888283308,0.012592238363140494,0.030298963338282192,0.0001544236738482141,0.35881413396054995,5.6843418860808015e-6,35.0992573129735,2.220446049250313e-6,-59.40605823135619]
310.0,[-0.602300739653098,0.010921989238947086,0.026048496692965273,0.00014101431133894948,0.2935266252279689,8.384404281969182e-5,34.98167142517374,3.7007434154171883e-6,-59.686590654044785]
311.0,[-0.6012233673876229,0.009320899607700993,0.02191171688536997,0.00012812506611226127,0.2724561909417389,0.00012931877790833823,34.86943715805086,5.921189464667502e-6,-59.954344473161264]
312.0,[-0.5341750200689906,0.043410845288841905,0.034495428735681344,-0.00030473756851279177,0.24208901550082373,0.00016910917111090384,31.09677901740539,8.141635513917814e-6,-68.9548359998428]
313.0,[-0.5313797733682198,0.04840453963576388,0.04260698460711865,-0.00031995170957088703,-0.4436429890120053,0.001539035565656377,30.94716254383707,7.919590908992784e-5,-69.31187763419595]
314.0,[-0.5851849399126271,-0.002732747361733345,-0.016129320101754274,-2.2561152945854698e-5,-0.46020716126804473,0.0015660361896152608,33.54497486172673,8.141635513917815e-5,-63.11424170592415]
315.0,[-0.603520068883275,0.012822454209526766,0.030814817364444025,0.00015366765637736535,0.016055423657235224,0.000645172804070171,35.085086027404664,3.478698810492157e-5,-59.439910517409906]
316.0,[-0.6118589889562523,0.034197948176976446,0.08096350256892038,0.00031014053547551157,0.2967823320432217,7.673861546209082e-5,36.44874773258407,7.401486830834377e-6,-56.186565749223]
317.0,[-0.6059438912113061,0.01748598303189889,0.042446401948836865,0.00019188348687748655,0.5403052227848093,1.4210854715202004e-6,35.428262851687876,-3.7007434154171883e-6,-58.62113791213883]
318.0,[-0.6087021612681079,0.023856709200723948,0.05753690857090987,0.000235601760323334,0.35470435477691353,4.263256414560601e-6,35.803432394492056,0.0,-57.72610275503861]
319.0,[-0.6098648270835838,0.027210944608668793,0.0652917719889956,0.0002598767423478421,0.42442138692422304,4.263256414560601e-6,36.015612368681396,2.220446049250313e-6,-57.219896884167355]
320.0,[-0.6074697106820773,0.0208283760609144,0.05042437578595127,0.00021505854874703798,0.46156571897881804,8.526512829121202e-6,35.627732620400955,-1.4802973661668755e-6,-58.14526206547401]
321.0,[-0.6078636071530733,0.0217383444578445,0.052578741360775894,0.0002209759486504481,0.3908041890099412,4.263256414560601e-6,35.67735403183853,0.0,-58.02687549508587]
322.0,[-0.6101778922129597,0.028158808618172767,0.06746745384589303,0.00026650752715795534,0.401485067413887,0.0,36.072854457328674,3.7007434154171883e-6,-57.08332854023216]
323.0,[-0.6072051614106991,0.020215888222689195,0.048972026434057625,0.0002108464514094521,0.4714664214588993,4.263256414560601e-6,35.591095845616024,1.4802973661668755e-6,-58.23268419849878]
324.0,[-0.6040761585760871,0.013874531153608888,0.03353193278599065,0.00016421495274698827,0.3829541128652636,4.263256414560601e-6,35.18487515978444,2.220446049250313e-6,-59.201802571351436]
325.0,[-0.6026853232773041,0.011526424259500343,0.02759321660050773,0.00014581758023268776,0.3091770395258209,4.973799150320701e-5,35.02381426794877,2.220446049250313e-6,-59.586042766568426]
326.0,[-0.601485131331477,0.009702697904382754,0.022892265860718908,0.00013120597941451706,0.2796099352053716,0.00010942358130705543,34.896485860649946,5.921189464667502e-6,-59.88981805720479]
327.0,[-0.6009832323646455,0.008984102350950705,0.021032064978498966,0.00012525163128884742,0.2569706225585833,0.00016058265828178264,34.844115031752196,9.62193288008469e-6,-60.01476801234926]
328.0,[-0.6005860105536461,0.008435563358943908,0.01958397888301988,0.00012068142041243844,0.24716371171962237,0.00017905676941154525,34.80427485801066,9.62193288008469e-6,-60.109812238806626]
329.0,[-0.6004181614116533,0.008206768598029155,0.018987122984981397,0.00011875158634211401,0.23991049147298327,0.00019184653865522705,34.78732394627851,1.1842378929335004e-5,-60.15025531626504]
330.0,[-0.5805450200568885,-0.003133967159859215,-0.020938273337378632,-5.1994675231981084e-5,0.23319017827816424,0.00019753088054130785,33.30495990770735,9.62193288008469e-6,-63.686751364652345]
331.0,[-0.5716037681698557,-0.0008573882344838542,-0.023985080588317942,-0.00011204974725842475,-0.03757492095246562,0.0007545963853772264,32.77616591973553,3.9968028886505635e-5,-64.94834333839857]
332.0,[-0.5880997472710684,-0.0018739380417779707,-0.011905854080396239,1.944044925039634e-6,-0.1295418883273669,0.0009322320693172514,33.76534905301068,5.10702591327572e-5,-62.588447186889034]
333.0,[-0.5930301748927983,0.0007953341688941387,-0.0022723156689608004,4.437765710463281e-5,0.051802828693325864,0.0005726974450226407,34.13803807836008,2.886579864025407e-5,-61.69929329351882]
334.0,[-0.5967533240891498,0.0039539334769263705,0.007261746759468224,7.955520686664386e-5,0.11905427754754783,0.0004362732397567015,34.4446674775437,2.2944609175586567e-5,-60.96774894461175]
335.0,[-0.5980820579528275,0.005356071142159634,0.011227996310481103,9.32914190343581e-5,0.17502514992884244,0.0003268496584496461,34.56507724087475,1.7023419710919068e-5,-60.68048260691025]
336.0,[-0.5932146696826143,0.0009331794596315981,-0.0018559376258053817,4.70151917397743e-5,0.1951775630004704,0.0002856381797755603,34.1641192515094,1.6283271027835628e-5,-61.63704771974413]
337.0,[-0.5935541954234699,0.0011809220268332863,-0.001057287590811029,4.957030341756762e-5,0.12260983339729137,0.0004305888978706207,34.184508849702866,2.2944609175586567e-5,-61.588416144786606]
338.0,[-0.5980946298222989,0.00536933460656049,0.011249312592553906,9.305551884608575e-5,0.12753531564158038,0.0004220623850414995,34.56203637325051,2.3684757858670007e-5,-60.687745368730766]
339.0,[-0.5982573346348848,0.005552654632386595,0.011787903986260062,9.52752543526003e-5,0.1962604301297688,0.0002799538378894795,34.58258807730166,1.850371707708594e-5,-60.6386976187423]
340.0,[-0.5936625200320123,0.001263344984181458,-0.0008000711204658728,5.1068127504549914e-5,0.1986251163543784,0.00027142732506035827,34.19922729572571,1.4062824978585317e-5,-61.55328995711378]
341.0,[-0.5936274476425751,0.0012353969699082275,-0.0008895995051716454,5.02581087857834e-5,0.1289009787797113,0.0004177991286269389,34.1907539672331,1.850371707708594e-5,-61.57351809373982]
342.0,[-0.59821316729843,0.005493442737739921,0.011613110473263077,9.4269125838764e-5,0.1285002326767426,0.0004277467269275803,34.57269153596407,1.9984014443252818e-5,-60.662321134584225]
343.0,[-0.5982798825243663,0.005578707866031133,0.011851852832478471,9.551683888275873e-5,0.19803678696916904,0.00027142732506035827,34.58478437766213,1.554312234475219e-5,-60.633464979023955]
344.0,[-0.5995293103448299,0.007063742183769742,0.015899104255368002,0.00010868177469092187,0.20040005210830714,0.00027569058147491887,34.69919196951212,1.6283271027835628e-5,-60.36052115275327]
345.0,[-0.5995861727114971,0.007135743847660098,0.01610231947779539,0.00010944631867459974,0.22118911147117615,0.00023163693185779266,34.70639270320074,1.1102230246251565e-5,-60.34333515409734]
346.0,[-0.5999502453353974,0.00759570184527547,0.017342927094432525,0.00011344241102051454,0.22242261366045568,0.00023305801732931286,34.740847218290035,1.4062824978585317e-5,-60.261136525241454]
347.0,[-0.5999783449321209,0.007631702677220648,0.01744950850479654,0.00011379768238839459,0.22872370664117625,0.00021884716261411086,34.74408380427263,1.258252761241844e-5,-60.25341292570374]
348.0,[-0.6000871242880143,0.007774758614687015,0.017824675069277873,0.0001150084472101298,0.22928787757336977,0.00021174173525650986,34.75450027568393,1.1842378929335004e-5,-60.22856017092896]
349.0,[-0.600098729819365,0.007787074688773523,0.01786446546248044,0.00011513350273162358,0.23105855007088394,0.00021174173525650986,34.75579669707068,1.1842378929335004e-5,-60.225471340150506]
350.0,[-0.6001316421588854,0.007830180948076302,0.017971046872844454,0.00011548877409950363,0.23127029180614045,0.00020605739337042905,34.75895499570993,9.62193288008469e-6,-60.21793146666304]
351.0,[-0.6001361327889754,0.007839181156062597,0.017993784240388777,0.0001155427753474214,0.23178898800324532,0.00021316282072803006,34.75944301518173,1.4062824978585317e-5,-60.2167682066985]
352.0,[-0.6001460898611791,0.007852918315620626,0.01801936377887614,0.00011562804047571261,0.23186714770417893,0.00021174173525650986,34.760405013460506,5.1810407815840636e-6,-60.21447721390619]
353.0,[-0.6048909047725223,0.015324985724873839,0.03710454166139243,0.00017381012185069264,0.23353692313321517,0.00020037305148434825,35.26474867277772,1.1102230246251565e-5,-59.0112553108416]
354.0,[-0.6049695097469036,0.015494094895984743,0.03753370947379153,0.00017576837763044748,0.32516425108042313,1.2789769243681803e-5,35.28376568961456,2.220446049250313e-6,-58.96586990112545]
355.0,[-0.6017846014098419,0.010147023961811403,0.024073187887552194,0.0001351139644611976,0.3272532467235578,7.105427357601002e-6,34.93141095074866,2.220446049250313e-6,-59.80649169552115]
356.0,[-0.596357987584876,0.0035778195221306906,0.006185985057527432,7.67300889492617e-5,0.26191599999947357,0.00014637180356658064,34.4234745831316,1.0362081563168127e-5,-61.01829390965057]
357.0,[-0.5949661859479723,0.002307369110591632,0.0024158453015843406,6.283187303779414e-5,0.16929817547861603,0.0003382183422218077,34.300645570701434,1.850371707708594e-5,-61.311340004976955]
358.0,[-0.6039411175606801,0.013578945375532687,0.03276454663136974,0.0001602984411874786,0.1499998347753717,0.0003865352482534945,35.1457808431781,1.6283271027835628e-5,-59.29508871206833]
359.0,[-0.5987690675131793,0.0061509316158965995,0.013442047475109575,0.00010138307970919412,0.3023686190317676,6.252776074688882e-5,34.63819974692892,1.4802973661668755e-6,-60.50601289838856]
360.0,[-0.5958142329139567,0.003064333971754725,0.004673950115829939,7.10883796273265e-5,0.20868355932179838,0.00025721647034515627,34.37343407912233,1.4062824978585317e-5,-61.13768031517404]
361.0,[-0.5996760990001349,0.007241377867709767,0.01638369440115639,0.00010998348898283437,0.16198100638575852,0.0003581135388230905,34.7094595247812,1.924386576016938e-5,-60.33602874465162]
362.0,[-0.6078459099020014,0.021621815449179845,0.05225757604421233,0.00021878747702430698,0.22548789502252475,0.00022595258997171186,35.65476855875928,1.4062824978585317e-5,-58.08078132726483]
363.0,[-0.6049049924664965,0.015391776742035288,0.03729354602910462,0.00017555805698066249,0.39586041111761006,2.8421709430404007e-6,35.283453391190584,3.7007434154171883e-6,-58.9666200312422]
364.0,[-0.6029023798722241,0.011877432370965833,0.02850129021680914,0.00014866827768855728,0.3270812953815039,1.8474111129762605e-5,35.04885770832412,-7.401486830834377e-6,-59.52629728816257]
365.0,[-0.6095799941855754,0.026256922562121567,0.06307914190983865,0.0002520181396903354,0.2869256832127576,9.805489753489383e-5,35.94420154731343,5.921189464667502e-6,-57.39026879122581]
366.0,[-0.6092428653422152,0.025390534119651417,0.06112230721555534,0.00024725466118979966,0.4500051886680012,0.0,35.90647470636741,-2.960594732333751e-6,-57.48027019438138]
367.0,[-0.6077549793796303,0.021496759927686068,0.052020254770468455,0.00021967139218759255,0.44164494283904787,4.263256414560601e-6,35.667218373724,4.440892098500626e-6,-58.05106033968904]
368.0,[-0.6105958618718432,0.029521155890203467,0.07053699846437667,0.00027638407118502073,0.39908059079607483,8.526512829121202e-6,36.15826169416704,0.0,-56.87957127520349]
369.0,[-0.6102656489777777,0.028499869131337615,0.06829736776126083,0.00026984423584508477,0.4884142867922492,5.6843418860808015e-6,36.10322611727285,-2.220446049250313e-6,-57.01086536191724]
370.0,[-0.6043809435141156,0.014446754903474355,0.03495159717203933,0.0001691290663075051,0.47555062110404833,-7.105427357601002e-6,35.22972231970228,-7.401486830834377e-7,-59.09481006126173]
371.0,[-0.607997037604946,0.02203629871170657,0.05326938889993471,0.0002224822992502595,0.3186755748174619,3.979039320256561e-5,35.68864570469143,2.220446049250313e-6,-57.999946940461605]
372.0,[-0.6061491527968125,0.017868728718894996,0.04334026471042307,0.00019352910385350694,0.40212171370512806,-2.8421709430404007e-6,35.43975492312074,3.7007434154171883e-6,-58.593729233637404]
373.0,[-0.6030168625178097,0.012067384128992366,0.028990143619012088,0.00015033094769023592,0.3554703198460629,-7.105427357601002e-6,35.0640199244508,2.220446049250313e-6,-59.490129647851326]
374.0,[-0.602237141341296,0.010823460646255018,0.025788438051677076,0.000140207134791126,0.28692994646917214,9.805489753489383e-5,34.9744124014523,4.440892098500626e-6,-59.70390455039316]
375.0,[-0.6011160375389105,0.009168369767091159,0.021510970782401273,0.0001268745108973235,0.2707750468289305,0.00012931877790833823,34.85863350466977,2.220446049250313e-6,-59.980134129286206]
376.0,[-0.6008272445493882,0.008769044749593983,0.020446577764232643,0.00012341558885964332,0.25009541104736854,0.00017337242752546445,34.82810144076669,8.141635513917814e-6,-60.05297085006792]
377.0,[-0.6004668572738107,0.00827971765223386,0.019164758668921422,0.00011932286270166513,0.24450201863146503,0.00018758328224066645,34.7924228349883,9.62193288008469e-6,-60.13808473426252]
378.0,[-0.5946935364894065,0.002081890215777093,0.0017493562154413667,6.074571956560248e-5,0.23641320012757205,0.00019753088054130785,34.284244372271445,1.258252761241844e-5,-61.35045944282476]
379.0,[-0.5877922906923535,-0.0019899933552854536,-0.012386180969770066,1.2079226507921703e-6,0.1429086182724859,0.0003865352482534945,33.7652835299081,2.0724163126336254e-5,-62.58856391890991]
380.0,[-0.5923612131179349,0.00033821834222180763,-0.003771560841414612,3.852278496196959e-5,0.05013589543523267,0.0005798028723802418,34.08694537543732,3.0346096006420947e-5,-61.82118283959426]
381.0,[-0.5967123589319575,0.003909879827309244,0.007125322554202285,7.907203780632699e-5,0.10974616770909051,0.0004575895218295045,34.44037486337539,2.2944609175586567e-5,-60.97799598592246]
382.0,[-0.5979095002809723,0.005163277213190061,0.010687983831303427,9.153495739155913e-5,0.17383854356012307,0.0003225864020350855,34.549722710187254,1.6283271027835628e-5,-60.717110069877634]
383.0,[-0.5931953429202016,0.000919915995230743,-0.0018914647625933867,4.6824766286590595e-5,0.1926593995449366,0.0002870592652470805,34.16238076191759,1.554312234475219e-5,-61.64120134956517]
384.0,[-0.5934958646018155,0.001137815767530507,-0.0011965539670200087,4.9027448767446906e-5,0.12230145784997148,0.0004305888978706207,34.17993244391494,2.1464311809419694e-5,-61.59933109626893]
385.0,[-0.5920105934364983,0.00010989727646422881,-0.004531841568677919,3.595914677134715e-5,0.12539942417788552,0.0004277467269275803,34.06659364449144,2.0724163126336254e-5,-61.869726104240335]
386.0,[-0.6032504415998119,0.012398497043856573,0.029803004508721642,0.00015108696516108466,0.1076131184163387,0.0004675371201301459,35.06484534535342,2.6645352591003757e-5,-59.4881878360606]
387.0,[-0.6072425454325033,0.020222993650046796,0.048967763177643064,0.00020947936718584967,0.2900421236518014,8.668621376273222e-5,35.57519372899984,-2.220446049250313e-6,-58.27060078900104]
388.0,[-0.5957677349973286,0.00302880683496672,0.004592948243953288,7.188134532043478e-5,0.3789651259467064,4.263256414560601e-6,34.38402839895492,0.0,-61.11238194859782]
389.0,[-0.5972401500760801,0.004451313391958441,0.008670042461744742,8.469100976071785e-5,0.16202079677896108,0.0003552713678800501,34.49026985503997,1.850371707708594e-5,-60.85895368609532]
390.0,[-0.5988742941553937,0.006263197368146695,0.013750423022429459,0.00010158771601709303,0.18316086425329559,0.0003126388037344441,34.63716243962965,1.554312234475219e-5,-60.508501828085826]
391.0,[-0.5992728517867363,0.00674447164783487,0.015049295143398922,0.00010600729183352085,0.20980763792977086,0.00025437429940211587,34.67619421145625,1.554312234475219e-5,-60.41538215738131]
392.0,[-0.5997491806889835,0.007340853850716181,0.016650858469802188,0.0001111885694626835,0.21684201101379585,0.00024016344468691386,34.721337927234465,1.1842378929335004e-5,-60.30767707443374]
393.0,[-0.5941180537168597,0.001611510924703907,0.0003097966327914037,5.5365489970427e-5,0.2238863316961215,0.00022311041902867146,34.23718984965114,1.4062824978585317e-5,-61.46271910470855]
394.0,[-0.5874796045191033,-0.0020951536801779485,-0.012882139799330616,-1.3045564628555437e-6,0.13457253089654841,0.0004050093593832571,33.74320820098465,2.3684757858670007e-5,-62.64122934648445]
395.0,[-0.5921735919400817,0.00021221543041368324,-0.0042092551666428335,3.686864147312008e-5,0.04594937763613416,0.0005854872142663226,34.07244987815312,3.0346096006420947e-5,-61.855766984665806]
396.0,[-0.5966325791935864,0.003835035992475847,0.006919265160831856,7.828191428416176e-5,0.1073956923391961,0.0004575895218295045,34.43337240089327,2.516505522483688e-5,-60.99470693600649]
397.0,[-0.5978594022811498,0.005108328574957946,0.010528822258493165,9.10119979380397e-5,0.17273862340516644,0.0003325340003357269,34.545188000919154,1.7763568394002505e-5,-60.72793265080431]
398.0,[-0.5990737292904669,0.0064990975564190485,0.01439985908291419,0.00010376766113040502,0.19324488675920293,0.0002884803507186007,34.65631603384265,1.4062824978585317e-5,-60.46280580968804]
399.0,[-0.5994526380466899,0.006963318810448981,0.015658940810681088,0.00010796270544233265,0.21341577394196065,0.00024442670110147446,34.69321022081628,1.1842378929335004e-5,-60.37478986594839]
400.0,[-0.5998127316312699,0.0074209083322784855,0.01686828454694478,0.00011192184956598793,0.22011050759829232,0.00023590018827235326,34.72760091470176,1.1102230246251565e-5,-60.29273639082281]
401.0,[-0.5999344428649541,0.0075720170874168,0.017277557162742596,0.00011328609161864732,0.22593269477511058,0.00021884716261411086,34.739721412254816,1.0362081563168127e-5,-60.263818316538426]
402.0,[-0.6000448327843818,0.007718862586140554,0.01766551349646761,0.00011451959380792685,0.22851764924780582,0.00022026824808563106,34.75039869965236,1.4062824978585317e-5,-60.23835043476668]
403.0,[-0.5943594392950521,0.0018095155004023882,0.0009038103598868474,5.762217369920108e-5,0.2288473410771985,0.00021884716261411086,34.25683869640571,1.0362081563168127e-5,-61.41583546488099]
404.0,[-0.6000133699520424,0.007664861338222787,0.01751629952195799,0.00011348504358466015,0.14070735687710112,0.0004050093593832571,34.73938486177339,2.220446049250313e-5,-60.2646384858677]
405.0,[-0.6035682531546627,0.012954141463220971,0.03120987912552664,0.0001562170837132726,0.22960193746257573,0.00021316282072803006,35.112000705475744,1.1102230246251565e-5,-59.37566730348668]
406.0,[-0.6001674819344771,0.007886550671779938,0.018125945189240156,0.00011640395314316264,0.295925417503895,7.105427357601002e-5,34.76832820317627,7.401486830834377e-7,-60.19557170182972]
407.0,[-0.6057627691310093,0.017018919606925916,0.041238479298044695,0.0001861820919657475,0.23474342469853582,0.00020605739337042905,35.37197212445207,1.1102230246251565e-5,-58.7554467301743]
408.0,[-0.6050006599404393,0.015563728084089233,0.037690028875658754,0.00017637376004131508,0.3445990159889334,2.8421709430404007e-6,35.28957427011073,2.220446049250313e-6,-58.95201939308338]
409.0,[-0.6020979981258279,0.010614561081941549,0.025283952709287405,0.00013886847227695398,0.3282167426732485,1.2789769243681803e-5,34.96385254506976,0.0,-59.729092275314805]
410.0,[-0.6017863825036329,0.010139444839296628,0.02404334509265027,0.0001346762701359694,0.2689517941689701,0.00013073986337985843,34.92606869051501,6.661338147750939e-6,-59.819236802078585]
411.0,[-0.6090088599345714,0.02462930600207376,0.059330318435968366,0.00024031976408878106,0.2650565988915332,0.00015063505998114124,35.842285466947985,8.881784197001252e-6,-57.63341144009766]
412.0,[-0.6090184001550369,0.024748203486524286,0.05962306204310153,0.00024258213215944122,0.4313477575124125,1.4210854715202004e-6,35.865568293047545,4.440892098500626e-6,-57.57785917889383]
413.0,[-0.6075402438909805,0.020979484816052715,0.0507853314957174,0.0002159822543035261,0.4340506620792439,-5.6843418860808015e-6,35.63479337291589,5.921189464667502e-6,-58.12842017251439]
414.0,[-0.6075534505119625,0.020997958927182477,0.050818016461562365,0.0002157491962861968,0.392057586395822,0.0,35.63176484405772,3.7007434154171883e-6,-58.13565045238128]
415.0,[-0.6028909069755173,0.011871748029079752,0.028489921533036977,0.00014906618162058294,0.3899401690432569,0.0,35.053852781209045,5.1810407815840636e-6,-59.51438148648387]
416.0,[-0.6027829139535849,0.011678480404953005,0.027984015105175786,0.0001468549726268975,0.2851905378520314,0.00010658141036401503,35.03193743076981,5.1810407815840636e-6,-59.566665251103196]
417.0,[-0.595559953353586,0.002835539210839973,0.003997513431386324,6.91812829245464e-5,0.2801670007102075,0.00010658141036401503,34.358464603031166,4.440892098500626e-6,-61.173382042462826]
418.0,[-0.5953189562054225,0.002612902486968475,0.0033367086871294305,6.605489488720195e-5,0.15744774373160908,0.0003595346242946107,34.32835758834546,2.0724163126336254e-5,-61.24522603353658]
419.0,[-0.5859403226319652,-0.002564585580936788,-0.015137402442633174,-1.3125145414960569e-5,0.1512233893663506,0.0003680611371237319,33.64088877061111,1.6283271027835628e-5,-62.88533325817168]
420.0,[-0.5778547536768505,-0.002847855284926481,-0.022649260245088954,-7.156018000387121e-5,0.024873259008018067,0.000623856521997368,33.12999875768168,3.2566542055671256e-5,-64.10418811648404]
421.0,[-0.5896174476068458,-0.001223080895821719,-0.00928963572732755,1.4557599570252931e-5,-0.06490381565527059,0.0008100187187665142,33.87653920523922,4.144832625267251e-5,-62.32316910167616]
422.0,[-0.594385454633084,0.001824673745431937,0.0009393374966748524,5.6743942877801594e-5,0.07189839834609302,0.0005343281372915953,34.24575848447478,2.8125649957170633e-5,-61.44229912154385]
423.0,[-0.6024438240122739,0.011114309472759485,0.0265288235823391,0.0001413951622453169,0.14011902749189176,0.0004035882739117369,34.98173141710532,2.0724163126336254e-5,-59.686469861779706]
424.0,[-0.603592051599359,0.013004826845038526,0.03135625092909322,0.00015689920473960228,0.27385311796024325,0.00012505552149377763,35.11904528995238,2.220446049250313e-6,-59.3588619527249]
425.0,[-0.6055032505022003,0.016522960777365366,0.04004903075838229,0.00018304717741557394,0.2985828473356378,6.394884621840902e-5,35.34628962108923,4.440892098500626e-6,-58.81671581521784]
426.0,[-0.6093233935189346,0.02554827460699016,0.061451999044948025,0.00024748487703618594,0.3410065119169303,-1.4210854715202004e-6,35.90606284686549,2.220446049250313e-6,-57.48125378853989]
427.0,[-0.6097489233525266,0.026866568229403733,0.06449738521041581,0.0002576001634224667,0.4427235467119317,-4.263256414560601e-6,35.99651366070367,-2.220446049250313e-6,-57.265444703651674]
428.0,[-0.6037040710301275,0.013242621813939572,0.03196731768184691,0.0001600028554094024,0.45671129100810504,-4.263256414560601e-6,35.15004324864328,0.0,-59.284894453932274]
429.0,[-0.6037971710763183,0.013367203640276177,0.032240166092378786,0.00015983800949470606,0.3024823058694892,6.821210263296962e-5,35.14508008636026,2.960594732333751e-6,-59.296736156154246]
430.0,[-0.6093529899923548,0.02561648670962313,0.061592686506628525,0.00024761845907050883,0.3044448249056586,7.105427357601002e-5,35.90635387155486,4.440892098500626e-6,-57.4805625319641]
431.0,[-0.6094089902338359,0.025858544934938735,0.06219238457561005,0.00025050326257769484,0.44285286548984004,-4.263256414560601e-6,35.93477558098527,0.0,-57.412757468812615]
432.0,[-0.6076785344551657,0.02131296620670279,0.051589665872597834,0.0002184293634854839,0.44647663344221655,0.0,35.6565653383839,8.141635513917814e-6,-58.076476453347176]
433.0,[-0.6037161313088291,0.013251622021925867,0.03197300202373299,0.0001596305310158641,0.39480596569774207,-2.8421709430404007e-6,35.145202623071576,0.0,-59.296447878815734]
434.0,[-0.6070485198961251,0.019790509971547483,0.04794031838173396,0.0002064922455247142,0.3033591156054172,7.105427357601002e-5,35.54964312279154,2.960594732333751e-6,-58.331566370790306]
435.0,[-0.6059377710698755,0.01742156049052331,0.04226876626489684,0.00019015260477317494,0.3770168177652522,4.263256414560601e-6,35.4096338677702,-1.4802973661668755e-6,-58.66558337532167]
436.0,[-0.6026227955165572,0.011437369569951745,0.02736868509600754,0.00014544525583914947,0.34969644957527635,2.8421709430404007e-6,35.021152498275164,-2.960594732333751e-6,-59.592384868015614]
437.0,[-0.6064846616027353,0.01853900736629536,0.044924775011168094,0.00019740582501981405,0.2807084342748567,0.00011510792319313623,35.47049249130009,6.661338147750939e-6,-58.52039716306276]
438.0,[-0.6056335071965199,0.01680054613946898,0.040735415041126544,0.00018555965652922166,0.36249190316084423,-2.8421709430404007e-6,35.369426509369404,0.0,-58.761505629588235]
439.0,[-0.5971188272724248,0.0043428372009657315,0.008384404281969182,8.48075387693825e-5,0.34139588933612686,9.947598300641403e-6,34.49529215830519,-2.960594732333751e-6,-60.84694551386097]
440.0,[-0.5965464614140122,0.003755928901227889,0.006700417998217745,7.800053936080076e-5,0.18265353673996287,0.0003197442310920451,34.43261505594138,1.7023419710919068e-5,-60.996495473578506]
441.0,[-0.5933453242808658,0.0010250763201232378,-0.0015361933947133366,4.8018478082667564e-5,0.17144259345514,0.0003282707439211663,34.17225900784343,1.6283271027835628e-5,-61.617631631958965]
442.0,[-0.5862235639142455,-0.00248547848968883,-0.01474660393796512,-1.1115730558231006e-5,0.12267236115803826,0.0004234834705130197,33.657572909711334,2.2944609175586567e-5,-62.845536774602806]
443.0,[-0.47020122906360484,0.21688748574888447,0.34442138030499336,-0.0005476778142110561,0.017891466086439323,0.000616751094639767,28.93076437098653,2.9605947323337507e-5,-74.1223625969464]
444.0,[-0.45165177198214224,0.2852705923335937,0.47644590495110606,-0.0006093785032135202,-0.8423910458077444,0.0022225776774575934,28.353556468753236,0.00012434497875801753,-75.49953145209136]
445.0,[-0.5348121779510014,0.0419025999084018,0.03226858780180919,-0.00030691751362610376,-0.9355886732009822,0.002376054908381775,31.050909867277195,0.0001199040866595169,-69.0644351867117]
446.0,[-0.5535469635257565,0.014097167877480386,-0.00894004870133358,-0.00021527455373870905,-0.4431385036696156,0.0015305090528272558,31.865817290255613,7.401486830834376e-5,-67.120229882026]
447.0,[-0.5854475754555702,-0.0026787461138155773,-0.015796786101418547,-1.9596768652263563e-5,-0.29319835448404774,0.0012590817277668975,33.57469086517041,6.365278674517565e-5,-63.04332142040689]
448.0,[-0.5894086427815637,-0.001317819927256399,-0.00964348600973608,1.3397993825492447e-5,0.017280399333685637,0.0006352252057695296,33.86812884700104,3.3306690738754696e-5,-62.3432185875572]
449.0,[-0.5823513712736409,-0.0031145456584151052,-0.019343815438332967,-4.0182612792705186e-5,0.06747455927325063,0.0005385913937061559,33.40392489560858,2.7385501274087194e-5,-63.450670495512895]
450.0,[-0.5834829721607093,-0.003016964456037385,-0.018168577753385762,-3.246896085329354e-5,-0.016910917111090384,0.0007077005648170598,33.46891104912626,3.774758283725532e-5,-63.295652401913166]
451.0,[-0.5952775647225886,0.002581164911437857,0.00326139115713886,6.452864909078926e-5,-0.0024428459255432244,0.0006821210263296962,34.31145220240537,3.478698810492157e-5,-61.285584860927756]
452.0,[-0.6012547828504466,0.00934695284134553,0.021960033791401656,0.00012747705113724805,0.15212009429887985,0.0003709033080667723,34.86118933114504,2.2944609175586567e-5,-59.974045793101794]
453.0,[-0.6037550501029424,0.013284780682928005,0.032025582186179236,0.00015883188098086976,0.2517751340747054,0.00016910917111090384,35.135083983944725,7.401486830834377e-6,-59.32059618122107]
454.0,[-0.6129256746589817,0.039855289439098364,0.09327010275228531,0.00035653897612064606,0.3053244768125296,7.673861546209082e-5,36.852097315193554,5.921189464667502e-6,-55.224284827610454]
455.0,[-0.6129741431474637,0.041225689528801006,0.09629275155020878,0.0003728473529918119,0.6173294764266757,-7.105427357601002e-6,37.00095006168961,0.0,-54.8691484628502]
456.0,[-0.6095420890990985,0.026381030693300996,0.06345146630337695,0.0002558749656600412,0.6403325869541732,-8.526512829121202e-6,35.98583977710366,-2.220446049250313e-6,-57.29093085652234]
457.0,[-0.609706091836415,0.026742933793381475,0.06420179943233961,0.00025690667371236486,0.45542378757090773,-4.263256414560601e-6,35.990577437799885,4.440892098500626e-6,-57.27962206135219]
458.0,[-0.6038922227465567,0.013568050386917697,0.03277307314419886,0.00016246133327513235,0.45562984496427816,0.0,35.171229760935,0.0,-59.2343444135882]
459.0,[-0.5928566035133068,0.0006792788553866557,-0.0026474822334421333,4.458229341253172e-5,0.3035282247765281,6.252776074688882e-5,34.14545197486944,2.220446049250313e-6,-61.681564237200554]
460.0,[-0.5957472334709261,0.002991858612707195,0.00446505055151647,6.982077138673048e-5,0.11891501117133885,0.0004447997525858227,34.36029967537807,2.516505522483688e-5,-61.16903149079787]
461.0,[-0.6073204967075677,0.020352786123112306,0.049244874844589503,0.00020935146949341285,0.16237180489042657,0.0003623767952376511,35.571324887624826,1.850371707708594e-5,-58.27986017590904]
462.0,[-0.5990630522016241,0.006509992545034037,0.014429701877816115,0.00010508074410608968,0.3795861402977607,-8.526512829121202e-6,34.672072638114145,-7.401486830834377e-7,-60.42519982786741]
463.0,[-0.5761398445732387,-0.002483110013902963,-0.02339675120310858,-8.188578703993699e-5,0.2104286522808252,0.00024016344468691386,33.04440643935227,8.881784197001252e-6,-64.30836054148261]
464.0,[-0.5792540018016249,-0.0030439650799962688,-0.02183924152632244,-6.27238705419586e-5,-0.08361524805877707,0.0008469669410260394,33.20456957958767,4.440892098500626e-5,-63.92629866728125]
465.0,[-0.5996868329323964,0.007232377659723472,0.016345325093425345,0.0001084515588445356,-0.04899618488707347,0.0007787548383930698,34.69126537599882,3.9227880203422196e-5,-60.37946625221074]
466.0,[-0.6005321419403723,0.008362614304739205,0.019383605831535533,0.0001198486643261276,0.22131843024908449,0.00022311041902867146,34.796501009911815,1.4062824978585317e-5,-60.128366539759426]
467.0,[-0.5999676962649877,0.00761938660313414,0.017406875940650934,0.00011376357633707811,0.23869830556577654,0.00019184653865522705,34.74401104810028,8.881784197001252e-6,-60.25359056138768]
468.0,[-0.604983010058883,0.015495515981456263,0.03752518296096241,0.00017506920357845954,0.23065638288244372,0.00022311041902867146,35.27546297647347,1.0362081563168127e-5,-58.98569708863631]
469.0,[-0.6049292267107376,0.015422093232094387,0.037347547277022386,0.0001752141542965546,0.32698750374038354,1.2789769243681803e-5,35.279136950439515,1.4802973661668755e-6,-58.976915795483364]
470.0,[-0.6018154768601865,0.010195814563000264,0.024171242785087088,0.00013549481536756502,0.3264347014919622,4.263256414560601e-6,34.93448543087358,4.440892098500626e-6,-59.799153819182855]
471.0,[-0.6061749218133627,0.017875834146252597,0.04333173819759395,0.0001925911874423036,0.26495428073758376,0.00014779288903810084,35.428040753898614,8.141635513917814e-6,-58.621677924618005]
472.0,[-0.6054183832778411,0.016371852022227053,0.039685232877673116,0.0001823764250730164,0.35466882764012553,-4.263256414560601e-6,35.341763421314965,-5.1810407815840636e-6,-58.82751200455719]
473.0,[-0.606574976321402,0.018757380833752297,0.04546762966128881,0.00019942376638937273,0.33915057429112494,0.0,35.48905169736827,1.4802973661668755e-6,-58.476117154831236]
474.0,[-0.6063905099532955,0.0183637401581412,0.04453397650650004,0.000196840233002149,0.3654520241980208,-8.526512829121202e-6,35.46748566165122,2.220446049250313e-6,-58.52757770493814]
475.0,[-0.6024582148711488,0.011181100489920935,0.026703617095336085,0.00014350121091410983,0.36015705973113654,1.4210854715202004e-6,35.004725345888964,0.0,-59.63157840532014]
476.0,[-0.6023091903747021,0.010928620971147513,0.026075497316924157,0.000140980205287633,0.27638407118502073,0.00012079226507921703,34.98089110458848,5.921189464667502e-6,-59.68844720070722]
477.0,[-0.6055236099200556,0.016553277267424466,0.0401200850319583,0.00018311823168914995,0.2734680037974613,0.00013358203432289883,35.346139428522925,5.1810407815840636e-6,-58.81707210164677]
478.0,[-0.6090770057198824,0.02485904815330286,0.05986890982967452,0.00024259634301415642,0.34105056556654745,0.0,35.86370599032035,-2.960594732333751e-6,-57.58230413123653]
479.0,[-0.606454136686807,0.01853095454862341,0.04494751237871242,0.000198528482542315,0.43391992221586406,0.0,35.483509038554644,-4.440892098500626e-6,-58.48934035514373]
480.0,[-0.6075388417533153,0.02095248419209383,0.05069722419648315,0.00021516370907193047,0.364867958069226,-5.6843418860808015e-6,35.62636982496225,0.0,-58.1485244716922]
481.0,[-0.6067240387134613,0.019099862432388665,0.04630464900401421,0.00020226877950335617,0.39077434621503926,0.0,35.51500948285688,-1.4802973661668755e-6,-58.41419538553185]
482.0,[-0.6070314289748543,0.01977629911683228,0.047904791244945955,0.00020690436031145507,0.3704883511090884,-8.526512829121202e-6,35.554985808499886,2.220446049250313e-6,-58.31881923411077]
483.0,[-0.6067886602068029,0.019239602503754817,0.046622972149634734,0.00020311858861532525,0.37789220641570864,0.0,35.52232722208583,0.0,-58.396730245086864]
484.0,[-0.6068747306168613,0.019430027956938524,0.04706919298769208,0.00020444588244572512,0.3717559593496844,-4.263256414560601e-6,35.53346657499896,0.0,-58.37015594676944]
485.0,[-0.6068029658005495,0.01926470834708501,0.046695447508682264,0.00020334312011982544,0.3736317921720911,4.263256414560601e-6,35.52387041879397,-1.4802973661668755e-6,-58.39304252828827]
486.0,[-0.6025922042833068,0.011390000054234404,0.027254998258285923,0.00014522356650559232,0.37091467675054446,1.4210854715202004e-6,35.01988883843971,-7.401486830834377e-7,-59.59540162945944]
487.0,[-0.6024725583605081,0.011183942660863975,0.026710722522693686,0.00014296688277681824,0.27882691711056395,0.00011368683772161603,34.998352160476415,5.921189464667502e-6,-59.646795185536966]
488.0,[-0.6009861408529105,0.008989786692836786,0.021046275833214168,0.00012543068805825897,0.2754305228336307,0.00013358203432289883,34.84613646201423,3.7007434154171883e-6,-60.009934291623985]
489.0,[-0.6008981756622234,0.008864731171343008,0.02070947857646388,0.00012420002803992247,0.24745645532675553,0.00017763568394002505,34.834889038529305,1.0362081563168127e-5,-60.036775550997845]
490.0,[-0.5881893419730962,-0.0018360424292040987,-0.011741008165699895,5.002220859751105e-6,0.24315767177540693,0.00018189894035458565,33.80039923266887,8.141635513917814e-6,-62.50476758395962]
491.0,[-0.5630724141762281,0.0046336860274701994,-0.020156676328042522,-0.00016178489659068873,0.05121592039358802,0.0005698552740796003,32.34460906694044,3.0346096006420947e-5,-65.97789844623289]
492.0,[-0.5827724483727555,-0.0030865976441418748,-0.018911805454990827,-3.8764369492128026e-5,-0.20935573274982744,0.0010942358130705543,33.40985516186668,5.3290705182007514e-5,-63.43656723726911]
493.0,[-0.5974316366064159,0.004642212540299321,0.009234213393938262,8.530776085535761e-5,-0.011513634490256663,0.0006721734280290548,34.49157818971809,3.478698810492157e-5,-60.85585774988951]
494.0,[-0.6011299736504346,0.00917689627992028,0.021523760551644955,0.00012631744539248757,0.1850253283919301,0.0003055333763768431,34.85182633507131,1.7023419710919068e-5,-59.996382211530936]
495.0,[-0.6042329421992084,0.014118010464396015,0.03411315674384241,0.00016506191968801431,0.2501494122952863,0.00017337242752546445,35.18926095291032,5.921189464667502e-6,-59.191346427464204]
496.0,[-0.6051903843247904,0.015912841414926028,0.03857536512441584,0.00017872139324026645,0.31156588420344633,4.263256414560601e-5,35.309098027305836,4.440892098500626e-6,-58.90544027157116]
497.0,[-0.6060194740105848,0.017579774673019223,0.04262403763277689,0.00019091430658590977,0.3331535936013097,2.8421709430404007e-6,35.41537224494217,-2.960594732333751e-6,-58.65189832223093]
498.0,[-0.5965678345395039,0.003784350610658293,0.00680842049405328,7.9424467003264e-5,0.3498470846352575,5.6843418860808015e-6,34.44878309424011,0.0,-60.95789676204991]
499.0,[-0.6020573171857299,0.01052692747786447,0.02502815732441377,0.0001370977997794398,0.175381842382194,0.0003296918293926865,34.94497721130538,1.850371707708594e-5,-59.77414576006725]
500.0,[-0.604106986656916,0.013899636996939078,0.03356035449542105,0.00016356693777197506,0.267012012500345,0.00013784529073745944,35.17652351705376,4.440892098500626e-6,-59.221729234845306]
501.0,[-0.6054189517120298,0.01635906225298337,0.03963975814258447,0.0001819330464059021,0.3089098754571751,5.115907697472721e-5,35.33695768466801,2.220446049250313e-6,-58.838973058885]
502.0,[-0.6059920754826938,0.017523878644472763,0.04248619234203943,0.00019058461475651709,0.33834908208518755,0.0,35.41238839092667,0.0,-58.659023035748504]
503.0,[-0.6020130551102435,0.010489505560447771,0.02495852413630928,0.00013803571619064314,0.3502563572510553,1.1368683772161603e-5,34.95719344066415,0.0,-59.74498102594745]
504.0,[-0.6021437854997203,0.010674246671745397,0.025417534743610304,0.00013890826267015655,0.26779645168062416,0.00013358203432289883,34.962806728276654,1.1842378929335004e-5,-59.73159237068363]
505.0,[-0.6007899836883249,0.008721201538719468,0.020321522242738865,0.00012315126696194056,0.26889921400652383,0.00014068746168049984,34.82620978028573,7.401486830834377e-6,-60.057480766317894]
506.0,[-0.6007870373044474,0.008709832854947306,0.020301627046137583,0.0001229210511155543,0.24414674726358498,0.00019184653865522705,34.82360034399925,8.141635513917814e-6,-60.06371121104946]
507.0,[-0.6003657138838511,0.00814329344696792,0.01880238187368377,0.00011815473044407553,0.24372468487854348,0.00018189894035458565,34.78256543732238,1.1842378929335004e-5,-60.16160369881618]
508.0,[-0.5946751950129207,0.0020667319707475445,0.0017038814803527202,6.0569504967133973e-5,0.23480737354475423,0.00020037305148434825,34.282608847555124,9.62193288008469e-6,-61.35435626219987]
509.0,[-0.594391394770355,0.0018341476485754051,0.0009634959496906959,5.7318061408295755e-5,0.144039802307816,0.0003907985046680551,34.25230909283391,1.850371707708594e-5,-61.42666007592977]
510.0,[-0.5924932698538518,0.0004286941172419271,-0.00347597506333841,4.0256509237224236e-5,0.13868515225112787,0.0004021671884402167,34.104130298250105,2.1464311809419694e-5,-61.780170312886185]
511.0,[-0.5923443590442427,0.00032921813423551305,-0.003815614491031738,3.8770053834014107e-5,0.11150689260830404,0.0004561684363579843,34.090659769499105,2.2944609175586567e-5,-61.81231932649618]
512.0,[-0.5917632582471318,-4.310625930277941e-5,-0.005059064278611913,3.3728042581060436e-5,0.10933547400782118,0.0004533262654149439,34.04675461054951,2.7385501274087194e-5,-61.91705738599142]
513.0,[-0.5846898147865431,-0.0028379076866258397,-0.016757439880166203,-2.2885160433361303e-5,0.0999733629214461,0.0004760636329592671,33.555013937086166,2.7385501274087194e-5,-63.09021318072285]
514.0,[-0.5913846431819062,-0.00027474319116057205,-0.005844924544362584,2.982289970532292e-5,0.011945644473598804,0.0006579625733138528,34.01082327280404,3.2566542055671256e-5,-62.00279654779349]
515.0,[-0.589541068999703,-0.001256239556823857,-0.009420375590707408,1.4986767382652031e-5,0.09474234730078024,0.0004845901457883883,33.88368718006603,2.3684757858670007e-5,-62.306095774796894]
516.0,[-0.5842916171635201,-0.0029042250086301156,-0.017251977624255233,-2.6031443667307027e-5,0.07021299097687006,0.0005343281372915953,33.52706663193742,2.7385501274087194e-5,-63.15689254116868]
517.0,[-0.5835867682435492,-0.0030018062110078363,-0.018053469830192626,-3.1593572202837095e-5,0.005657341262121918,0.0006622258297284134,33.47709633125234,3.478698810492157e-5,-63.27611856704607]
518.0,[-0.5892652457835842,-0.0013808213831604612,-0.009879386198008433,1.2096279533579944e-5,-0.0022595258997171186,0.0006835421118012164,33.856572103414976,3.4046839421838136e-5,-62.37079678125416]
519.0,[-0.5956487901433624,0.002901382837687075,0.004196465397399152,6.853326794953318e-5,0.0681822598380677,0.0005428546501207165,34.34777199854471,2.6645352591003757e-5,-61.1989260538134]
521.0,[-0.6121626086041942,0.0353651330442517,0.08355272029803018,0.0003178797669534106,0.16282086789942696,0.0003652189661806915,36.512985476118395,1.6283271027835628e-5,-56.03333416307318]
522.0,[-0.6132018863051295,0.044266812437854235,0.10259242344545783,0.00040340637497138227,0.557416512947384,7.105427357601002e-6,37.26497327615853,-3.7007434154171883e-6,-54.23929191497986]
523.0,[-0.6114444393764037,0.032920866033236955,0.0782847564551048,0.0003043737706320826,0.6897948878759053,-2.8421709430404007e-6,36.407820471004285,-8.141635513917814e-6,-56.284190260872236]
524.0,[-0.6101571159433661,0.02819244097433208,0.06757829851267161,0.0002679172439457034,0.5324551466401317,1.9895196601282805e-5,36.088020077252885,-2.960594732333751e-6,-57.04713755351674]
525.0,[-0.6086613192716565,0.023804602733434873,0.05745164344261866,0.0002363123030590941,0.4745558612739842,1.4210854715202004e-6,35.81202230305029,7.401486830834377e-6,-57.70562389833296]
526.0,[-0.6108545752188851,0.03044533514184877,0.07260467782543856,0.0002833104417732102,0.42576573378028115,-2.8421709430404007e-6,36.21880801927295,-7.401486830834377e-6,-56.73511895208451]
527.0,[-0.6075024145957286,0.020925957263292123,0.0506588548887521,0.00021604762423521604,0.4984755719306122,-1.5631940186722204e-5,35.63684330998229,2.960594732333751e-6,-58.123518442698696]
528.0,[-0.6082714302616902,0.022758683826396005,0.05497042820934439,0.0002281808519910555,0.3922210112250468,7.105427357601002e-6,35.739744364259884,-7.401486830834377e-7,-57.8780381082262]
529.0,[-0.610193959952691,0.028210441390304666,0.06759250936738681,0.00026708448785939254,0.412811118621903,-1.4210854715202004e-5,36.0776618958744,-9.62193288008469e-6,-57.0718705310875]
530.0,[-0.6103732630435843,0.028846613986388544,0.06899369964230573,0.00027211513042857405,0.4739504788631166,-1.4210854715202004e-5,36.12294218902877,1.0362081563168127e-5,-56.963845703908845]
531.0,[-0.608039963860089,0.0222191450423755,0.05370850431063445,0.00022506583263748323,0.4805997377843596,-4.263256414560601e-6,35.714920894300334,-2.220446049250313e-6,-57.93727301092336]
532.0,[-0.5708129151571484,-0.0004613790830868917,-0.02389697328908369,-0.00011462759630376239,0.3988176899838436,-7.105427357601002e-6,32.76375099369557,-5.921189464667502e-6,-64.9779059764504]
533.0,[-0.5910856373247952,-0.00045095778962907685,-0.006481570835603634,2.6349766812927552e-5,-0.1332850274593511,0.0009521272659185342,33.97724395915634,4.958996176659033e-5,-62.08292648222726]
534.0,[-0.607888940370079,0.02166586909879697,0.052369841796462424,0.00021803714389534432,0.09434444336875458,0.0004902744876744691,35.64526260318901,2.6645352591003757e-5,-58.103479107428164]
535.0,[-0.5917463852256333,-4.8316906031686806e-5,-0.005063327535026474,3.544755600159988e-5,0.3919325308743282,-2.8421709430404007e-6,34.068206619049086,-4.440892098500626e-6,-61.86584857102519]
536.0,[-0.5912378924222139,-0.00035763984366591706,-0.006160405519040069,2.9203306439740114e-5,0.10332001920687617,0.0004718003765447065,34.00738330991864,2.4424906541753444e-5,-62.010991135658905]
537.0,[-0.5915681432118921,-0.00016531960985351663,-0.005476863407238852,3.1957370083546266e-5,0.09400196177011821,0.0004831690603168681,34.03100141007555,2.6645352591003757e-5,-61.95464408165208]
538.0,[-0.5975379148518792,0.004756846768335284,0.009544010026729666,8.720917321625164e-5,0.09965503977582557,0.0004803268893738277,34.51059350465617,2.6645352591003757e-5,-60.81047843053966]
539.0,[-0.6029162401925229,0.011869853248451058,0.028457236567192012,0.0001476138322686893,0.1881289790617302,0.0002955857780762017,35.03662020523075,1.4062824978585317e-5,-59.55551379039597]
540.0,[-0.6133421474411686,0.04461308359774799,0.10328164989914512,0.0004034149014842114,0.28918236694153165,0.00010800249583553523,37.259371050888014,9.62193288008469e-6,-54.252657223839506]
541.0,[-0.6130625251898891,0.04624875297546774,0.10664820138117648,0.0004307111112211714,0.6928871698619332,-4.263256414560601e-6,37.50604298193955,8.881784197001252e-6,-53.66413497703044]
542.0,[-0.6102189426352803,0.02854771234221213,0.06839542265879572,0.00027231124022364384,0.7317183303712227,-1.4210854715202004e-5,36.130010600088156,-1.1102230246251565e-5,-56.94700178082712]
543.0,[-0.6104989533165887,0.029266307895644175,0.06996856427576859,0.0002753182570813806,0.48198245394814876,0.0,36.1504499788206,-5.1810407815840636e-6,-56.8982291123835]
544.0,[-0.6081281374766453,0.022441781766247,0.05423856919151149,0.00022665744836558585,0.4859884938923642,1.5631940186722204e-5,35.72902410391844,-9.62193288008469e-6,-57.90361663165251]
545.0,[-0.6081421020098787,0.022435623729203748,0.054220095080381725,0.0002260492237837752,0.409328038131207,-8.526512829121202e-6,35.72178763035568,2.220446049250313e-6,-57.92085642854415]
546.0,[-0.5919999921388808,0.00011131836193574901,-0.004524736141320318,3.77355036107474e-5,0.4041069701088418,-1.4210854715202004e-6,34.08834603812362,5.921189464667502e-6,-61.81779964111099]
547.0,[-0.5844741508553852,-0.0028753296040425385,-0.01702886720522656,-2.4448354452033524e-5,0.10570886388450162,0.0004718003765447065,33.541573191563614,2.3684757858670007e-5,-63.122282004509806]
548.0,[-0.5976668167780493,0.004893270973601223,0.009944756129698362,8.784581950749269e-5,0.010801670669025043,0.0006565414878423326,34.51409048115031,3.552713678800501e-5,-60.80213868894394]
549.0,[-0.5960350790701341,0.0032637596329247263,0.005270806013868423,7.307505711651174e-5,0.18735590856522322,0.0002984279490192421,34.38996462185871,1.4062824978585317e-5,-61.09824316321725]
550.0,[-0.6042160502299035,0.014067798777735636,0.03398241688046255,0.00016407284419983625,0.1662854742789932,0.0003424815986363683,35.17874194209823,1.850371707708594e-5,-59.21645294750176]
551.0,[-0.6040021768664398,0.01372436978878492,0.03314397645226563,0.00016258070445474004,0.3095010470133275,4.405364961712621e-5,35.16886965281808,1.4802973661668755e-6,-59.23998612291013]
552.0,[-0.6015145667485436,0.009746277858842706,0.023024426809570286,0.00013178009794501122,0.3064556608478597,6.252776074688882e-5,34.90193151123377,2.960594732333751e-6,-59.87681817032353]
553.0,[-0.6014205193120384,0.009607011482633727,0.022640733732259832,0.0001302794316870859,0.2579213287390303,0.00015063505998114124,34.887835960160125,7.401486830834377e-6,-59.91044511282391]
554.0,[-0.6052615333373979,0.016031738899376553,0.03884963462041924,0.00017920172012964028,0.2566409307291906,0.00016768808563938364,35.311993382585385,0.0,-58.898548007034286]
555.0,[-0.6052919350925853,0.016111319685781684,0.03906706069756183,0.00018038122107100205,0.33375471275576274,0.0,35.32391986367885,4.440892098500626e-6,-58.87007960479553]
556.0,[-0.6063074996139525,0.01817568318074336,0.044067860471841414,0.00019523156424838814,0.3355751232447801,-1.4210854715202004e-6,35.453167587313615,0.0,-58.561716238208255]
557.0,[-0.609679612277129,0.026596561989814894,0.0638635810901178,0.0002550791577959899,0.3603034315347031,0.0,35.97234329439645,2.220446049250313e-6,-57.32312250269648]
558.0,[-0.6067053656503655,0.019086598967987808,0.046283332721941406,0.00020262689304217926,0.453717063919612,-1.9895196601282805e-5,35.51956036016328,-2.960594732333751e-6,-58.40332002143052]
559.0,[-0.6038007711595128,0.013387572532034632,0.032301272767654154,0.00016044907624745974,0.3700606043821608,-8.526512829121202e-6,35.152215722421,2.960594732333751e-6,-59.27971764257174]
560.0,[-0.6024777500594306,0.011191995478535922,0.026753355086839292,0.00014325678421300836,0.30304789788715425,6.394884621840902e-5,35.00122922034421,1.4802973661668755e-6,-59.63992626740427]
561.0,[-0.5959054950229378,0.0031477043194172434,0.004921218987874454,7.249241207318846e-5,0.2743504978752753,0.00011084466677857563,34.38664379188709,1.1842378929335004e-5,-61.10615759423256]
562.0,[-0.5952131421812131,0.0025214793216340086,0.003065281362069072,6.506866156996693e-5,0.16268160152321798,0.0003439026841078885,34.32014847963663,1.850371707708594e-5,-61.264814681700436]
563.0,[-0.5929077815380879,0.0007105427357601001,-0.002538058652135078,4.3985437514493235e-5,0.15089369753695792,0.0003737454790098127,34.13680888197469,1.850371707708594e-5,-61.702209563918586]
564.0,[-0.5857246871225167,-0.0026105340111826076,-0.015435830391652416,-1.4998136066424193e-5,0.11638405794656137,0.0004405364961712621,33.62397657707595,2.2944609175586567e-5,-62.9256870102576]
565.0,[-0.5917553001684913,-5.1159076974727207e-5,-0.005093170329928398,3.3088554118876345e-5,0.024442670110147446,0.000630961949354969,34.039334331919775,3.2566542055671256e-5,-61.93477121639392]
566.0,[-0.5825822502932473,-0.00309844002307121,-0.019107915250060614,-3.834941253444413e-5,0.09883933671517298,0.0004718003765447065,33.420637541513166,2.590520390792032e-5,-63.41079483718204]
567.0,[-0.5763722488912512,-0.002542321908549638,-0.023312907160288887,-8.161293862940511e-5,-0.015160139810177498,0.000702016222930979,33.041691485342156,3.700743415417188e-5,-64.31486708282007]
568.0,[-0.5886852818548505,-0.0016385115486627908,-0.010908252079389058,6.929212759132496e-6,-0.08130740525302826,0.0008412825991399586,33.809679261177656,4.292862361883939e-5,-62.482679855487994]
569.0,[-0.5940434088339922,0.0015485094687998449,8.810729923425242e-5,5.3549342737824184e-5,0.05965006266706041,0.0005542233338928781,34.21763290543005,2.886579864025407e-5,-61.509400747386934]
