101.0,[-0.03037398908749096,-0.0017424791588695092,-0.004966893359068295,-0.00014189690697148717,0.0,0.0,59.00216482300755,0.0,-27.84125578984365]
102.0,[-0.03145258443345551,-0.005017674061942071,-0.012302878337709565,-0.00029023002646495527,0.0,0.0,58.84561791555777,0.0,-32.2091735962054]
103.0,[-0.0053335432319431345,0.13599217440473876,0.5843500411163112,-0.001258007463261365,0.0,0.0,57.57954145924968,0.0,-67.53480211108004]
104.0,[-0.026251719410112298,-0.0010876621501223688,-0.0029430245620196156,7.487022729651332e-5,0.0,0.0,59.233937452506915,0.0,-21.37441583810371]
105.0,[-0.026339756458082605,-0.0009733466384258342,-0.002645269877592411,8.243230789814112e-5,0.0,0.0,59.24001365509972,0.0,-21.204848117340283]
106.0,[-0.026649225738153114,-0.0007047606789058207,-0.0019461936619807134,6.91845934942969e-5,0.0,0.0,59.22593404114843,0.0,-21.59772426082423]
107.0,[-0.026649301209261532,-0.0007058705382426802,-0.0019461936619807134,6.907200668633223e-5,9.680235920207737e-6,0.0,59.22584000333094,0.0,-21.60034807156684]
108.0,[-0.026093494231312683,-0.0012197354112086565,-0.0032882473845439104,9.264017848693891e-5,0.0,0.0,59.25089938221359,0.0,-20.901149926927484]
109.0,[-0.02494074852132684,-0.0027036173445898885,-0.007301462696388841,0.0001379376042247292,0.0,0.0,59.299238219361094,0.0,-19.552447980870266]
110.0,[-0.02315944168487661,-0.005994350278378484,-0.016557749625321503,0.00020029193136916873,0.0,0.0,59.36639708285003,0.0,-17.678541315804175]
111.0,[-0.024332828743014942,-0.0036925020137317565,-0.010041668850175432,0.000160698903901589,0.0,0.0,59.32355889153286,0.0,-18.873829363862715]
112.0,[-0.024914069484500864,-0.0027413525620431133,-0.007400714257864575,0.00013934493932428772,0.0,0.0,59.3006861751533,0.0,-19.51201600569196]
113.0,[-0.02433445137184594,-0.0036925020137317565,-0.010041668850175432,0.0001602673211377244,0.0,0.0,59.32316461249085,0.0,-18.884830401675107]
114.0,[-0.02492406940636633,-0.0027258145313270796,-0.007361876690330592,0.00013896964996440545,0.0,0.0,59.300287364168284,0.0,-19.52311188003722]
115.0,[-0.02492244677753533,-0.002729144109337658,-0.0073705072608937,0.0001389133565604231,0.0,0.0,59.30023184786639,0.0,-19.524692488918312]
116.0,[-0.02550681957002062,-0.0019056284813878646,-0.005122243629204228,0.00011665869751940434,0.0,0.0,59.27642441824069,0.0,-20.18892756510794]
117.0,[-0.02607953207625524,-0.0012330537232509713,-0.00332276966679634,9.355963741865049e-5,0.0,0.0,59.25181483470193,0.0,-20.875575675231435]
118.0,[-0.026084588640519286,-0.0012286142859035329,-0.003309823810951679,9.320311252676233e-5,0.0,0.0,59.251447747318,0.0,-20.885881245136147]
119.0,[-0.024936861759243284,-0.002709166641274186,-0.007314408552233502,0.0001380877199686821,0.0,0.0,59.2993968373665,0.0,-19.54799066382559]
120.0,[-0.02493323914603919,-0.002712496219284765,-0.007327354408078163,0.0001385005382645526,0.0,0.0,59.29979564835152,0.0,-19.53686317730271]
121.0,[-0.025506970512237458,-0.0019056284813878646,-0.005117928343922674,0.00011665869751940434,0.0,0.0,59.27641648734042,0.0,-20.189180462528913]
122.0,[-0.02433999849831471,-0.0036836231390368797,-0.01001577713848611,0.00015992956071383035,0.0,0.0,59.32282924870799,0.0,-18.894219218428784]
123.0,[-0.023747588032782832,-0.004779054304517266,-0.013101206114796997,0.0001807956491232847,0.0,0.0,59.345263499601174,0.0,-18.268234877161557]
124.0,[-0.02491905057765649,-0.002732473687348237,-0.007379137831456807,0.00013928864592030536,0.0,0.0,59.30060573316484,0.0,-19.51426047030311]
125.0,[-0.02607145666765445,-0.0012419325979458476,-0.0033443460932041083,9.406627805449156e-5,0.0,0.0,59.25231448141896,0.0,-20.86163470490021]
126.0,[-0.024929465590618257,-0.002721375093979641,-0.007344615549204378,0.00013833165805260557,0.0,0.0,59.299694812619514,0.0,-19.539676661111052]
127.0,[-0.02434528147590401,-0.003673634405005144,-0.009989885426796788,0.00015989203177784212,0.0,0.0,59.322744274776525,0.0,-18.8965585195728]
128.0,[-0.025505310147852248,-0.0019056284813878646,-0.005126558914485782,0.0001168651066673396,0.0,0.0,59.27661589283293,0.0,-20.183648331445095]
129.0,[-0.02663473528533674,-0.0007158592722744162,-0.0019720853736700356,7.008528795801436e-5,0.0,0.0,59.22683703079349,0.0,-21.57252935525964]
130.0,[-0.026644131438334856,-0.0007092001162532589,-0.001954824232543821,6.931594477025569e-5,9.680235920207737e-6,0.0,59.22608586123931,0.0,-21.593488229022906]
131.0,[-0.027716047591204367,-0.00012763382373884942,-0.00052646480434955,1.9533811181872274e-5,0.0,0.0,59.173343108470284,0.0,-23.06512993385137]
132.0,[-0.028218647437718097,-6.215212286413537e-5,-0.00042289795759226144,-6.755208477880902e-6,0.0,0.0,59.14560648425353,0.0,-23.83899604203346]
133.0,[-0.028700454993862503,-0.00013873241710744502,-0.0007033915008932512,-3.383233579338685e-5,0.0,0.0,59.11707790299549,0.0,-24.63499067455082]
134.0,[-0.02956308976308721,-0.0006781240548211912,-0.0022180566347185958,-8.899987169608088e-5,0.0,0.0,59.05898405851551,0.0,-26.255873469931885]
135.0,[-0.02870879455134276,-0.00014095213578116413,-0.0007120220714563586,-3.5108319616986574e-5,0.0,0.0,59.11582821971004,0.0,-24.669858906467688]
136.0,[-0.027221145797749337,-0.0003251887856998511,-0.0009925156147573483,4.248275553867323e-5,9.680235920207737e-6,0.0,59.19776348338831,0.0,-22.383729445213095]
137.0,[-0.027209447775944452,-0.0003307380823841489,-0.0010011461853204557,4.364615255430827e-5,0.0,0.0,59.198896469141204,0.0,-22.3521488797689]
138.0,[-0.02772091547769737,-0.00012541410506513028,-0.00052646480434955,1.910222841800766e-5,0.0,0.0,59.172888781183374,0.0,-23.07780641707772]
139.0,[-0.027199485589633195,-0.0003362873790684467,-0.0010140920411651167,4.390885510622586e-5,0.0,0.0,59.19921823709503,0.0,-22.343139409146684]
140.0,[-0.02666028225553644,-0.0006969916635478037,-0.001924617235572945,6.843401477453236e-5,0.0,0.0,59.225163610836454,0.0,-21.619220541607067]
141.0,[-0.027196881836392753,-0.0003385070977421658,-0.001022722611728224,4.4453024678055155e-5,0.0,0.0,59.19970315499727,0.0,-22.32964100930217]
142.0,[-0.029139998729292484,-0.0003429465350896041,-0.0012945855844661064,-5.9952475241193e-5,0.0,0.0,59.08948743394085,0.0,-25.40481042399732]
143.0,[-0.02822460965528317,-6.104226352727581e-5,-0.00042721324287381515,-7.78725421755715e-6,0.0,0.0,59.14461625470549,0.0,-23.86665669745255]
144.0,[-0.026118248754873986,-0.0011953185057977463,-0.0032192028200390514,9.108272764342749e-5,0.0,0.0,59.249326797988566,0.0,-20.945027629466566]
145.0,[-0.02666130111550009,-0.0006947719448740846,-0.0019203019502913913,6.873424626243817e-5,0.0,0.0,59.225433261445644,0.0,-21.611696843333075]
146.0,[-0.026648055935972626,-0.0007058705382426802,-0.0019505089472622672,6.912830009031456e-5,0.0,0.0,59.22589665261858,0.0,-21.59876746268575]
147.0,[-0.02609360743797531,-0.001218625551871797,-0.0032882473845439104,9.264017848693891e-5,0.0,0.0,59.250897116242086,0.0,-20.90121315128273]
148.0,[-0.0260919470735901,-0.001220845270545516,-0.0032925626698254644,9.288411657086239e-5,0.0,0.0,59.251120314435404,0.0,-20.894985552291228]
149.0,[-0.026088399931494425,-0.0012241748485560947,-0.0033141390962332326,9.307176125080353e-5,0.0,0.0,59.25128006542656,0.0,-20.890559847424175]
150.0,[-0.026088286724831797,-0.0012252847078929544,-0.003305508525670125,9.305299678280943e-5,0.0,0.0,59.25128233139807,0.0,-20.89043339871369]
151.0,[-0.026088286724831797,-0.0012252847078929544,-0.003305508525670125,9.307176125080353e-5,0.0,0.0,59.251283464383825,0.0,-20.890401786536067]
152.0,[-0.026088286724831797,-0.0012252847078929544,-0.003305508525670125,9.307176125080353e-5,0.0,0.0,59.251283464383825,0.0,-20.89043339871369]
153.0,[-0.026088286724831797,-0.0012241748485560947,-0.003305508525670125,9.305299678280943e-5,0.0,0.0,59.251283464383825,0.0,-20.89043339871369]
154.0,[-0.026088286724831797,-0.0012241748485560947,-0.003305508525670125,9.305299678280943e-5,0.0,0.0,59.251283464383825,0.0,-20.89043339871369]
155.0,[-0.025517498731861855,-0.0018923101693455499,-0.005087721346951799,0.00011592688326763392,0.0,0.0,59.27570383930185,0.0,-20.209064522253037]
156.0,[-0.025515800631922436,-0.0018934200286824096,-0.005096351917514906,0.00011615205688356328,0.0,0.0,59.275913441666134,0.0,-20.203247881570622]
157.0,[-0.026083230160567752,-0.001230834004577252,-0.0033270849520778936,9.346581507867992e-5,0.0,0.0,59.25165508371077,0.0,-20.880064604453732]
158.0,[-0.026084701847181913,-0.0012275044265666734,-0.003309823810951679,9.318434805876822e-5,0.0,0.0,59.251443215374984,0.0,-20.88597608166901]
159.0,[-0.02608821125372338,-0.001226394567229814,-0.003309823810951679,9.305299678280943e-5,0.0,0.0,59.25128799632684,0.0,-20.8903069500032]
160.0,[-0.02608824898927759,-0.0012252847078929544,-0.003305508525670125,9.307176125080353e-5,0.0,0.0,59.251284597369576,0.0,-20.890401786536067]
161.0,[-0.02664628236492479,-0.0007069803975795398,-0.0019505089472622672,6.939100264223215e-5,0.0,0.0,59.22614137754121,0.0,-21.591939232319437]
162.0,[-0.02664775405153895,-0.0007058705382426802,-0.0019461936619807134,6.914706455830867e-5,0.0,0.0,59.225914780390625,0.0,-21.59823005566618]
163.0,[-0.026093531966866892,-0.0012197354112086565,-0.0032882473845439104,9.264017848693891e-5,0.0,0.0,59.25090051519935,0.0,-20.90108670257224]
164.0,[-0.02609190933803589,-0.0012197354112086565,-0.0032925626698254644,9.288411657086239e-5,0.0,0.0,59.251120314435404,0.0,-20.89501716446885]
165.0,[-0.025517574202970274,-0.0018923101693455499,-0.005092036632233352,0.00011592688326763392,0.0,0.0,59.275700440344586,0.0,-20.209190970963522]
166.0,[-0.02608670183155501,-0.0012252847078929544,-0.0033011932403885715,9.325940593074468e-5,0.0,0.0,59.251497598691124,0.0,-20.884458697143163]
167.0,[-0.027185183814587868,-0.0003429465350896041,-0.0010313531822913316,4.516607446183147e-5,0.0,0.0,59.200456590522954,0.0,-22.308618911183657]
168.0,[-0.026649188002598904,-0.0007058705382426802,-0.0019461936619807134,6.890312647438519e-5,0.0,0.0,59.22568478428279,0.0,-21.604678939901028]
169.0,[-0.026097230051179404,-0.0012141861145243587,-0.0032796168139808033,9.250882721098012e-5,0.0,0.0,59.25073736525093,0.0,-20.905670468327404]
170.0,[-0.025521272287282785,-0.0018878707319981117,-0.005074775491107138,0.0001157580030556869,0.0,0.0,59.27554295532493,0.0,-20.213585063652957]
171.0,[-0.025515876103030855,-0.0018934200286824096,-0.005092036632233352,0.00011615205688356328,0.0,0.0,59.27590890972312,0.0,-20.20334271810349]
172.0,[-0.026641452213985995,-0.0007103099755901185,-0.0019591395178253745,6.978505647010853e-5,0.0,0.0,59.226522060754185,0.0,-21.581349152816127]
173.0,[-0.026644244644997487,-0.0007092001162532589,-0.001954824232543821,6.929718030226158e-5,0.0,0.0,59.226079063324796,0.0,-21.593677902088636]
174.0,[-0.026093456495758473,-0.0012197354112086565,-0.0032882473845439104,9.265894295493303e-5,0.0,0.0,59.25090504714235,0.0,-20.900991866039377]
175.0,[-0.025521234551728576,-0.0018878707319981117,-0.005079090776388691,0.000115776767523681,0.0,0.0,59.27554635428219,0.0,-20.21349022712009]
176.0,[-0.02608673956710922,-0.0012252847078929544,-0.003305508525670125,9.325940593074468e-5,0.0,0.0,59.251495332719614,0.0,-20.884521921498408]
177.0,[-0.026084701847181913,-0.0012275044265666734,-0.003309823810951679,9.31655835907741e-5,0.0,0.0,59.25143981641772,0.0,-20.886070918201877]
178.0,[-0.025517460996307646,-0.0018934200286824096,-0.005087721346951799,0.00011592688326763392,0.0,0.0,59.27570610527335,0.0,-20.209001297897792]
179.0,[-0.026086626360446587,-0.0012252847078929544,-0.0033011932403885715,9.327817039873878e-5,0.0,0.0,59.25149986466263,0.0,-20.884395472787922]
180.0,[-0.026642810693937532,-0.0007103099755901185,-0.001954824232543821,6.954111838618505e-5,0.0,0.0,59.22630226151812,0.0,-21.587418690919517]
181.0,[-0.02664771631598474,-0.0007058705382426802,-0.0019505089472622672,6.914706455830867e-5,0.0,0.0,59.225917046362134,0.0,-21.598166831310934]
182.0,[-0.026651263458080415,-0.0007036508195689611,-0.0019375630914176061,6.899694881435577e-5,0.0,0.0,59.22575049745646,0.0,-21.602845433598965]
183.0,[-0.025523045858330623,-0.0018856510133243925,-0.005070460205825584,0.00011555159390775165,0.0,0.0,59.27532882101763,0.0,-20.21955976522348]
184.0,[-0.024938937214724795,-0.002704727203926748,-0.0073057779816703946,0.00013812524890467032,0.0,0.0,59.299441023810864,0.0,-19.546726176720718]
185.0,[-0.02608168300284517,-0.0012297241452403926,-0.0033141390962332326,9.361593082263283e-5,0.0,0.0,59.25186015413205,0.0,-20.874342800304184]
186.0,[-0.02608123017619466,-0.0012319438639141116,-0.003318454381514786,9.3315699334727e-5,0.0,0.0,59.251595035465876,0.0,-20.881803274222932]
187.0,[-0.02608817351816917,-0.0012252847078929544,-0.003305508525670125,9.307176125080353e-5,0.0,0.0,59.25129026229834,0.0,-20.890275337825578]
188.0,[-0.02664624462937058,-0.0007069803975795398,-0.0019505089472622672,6.940976711022626e-5,0.0,0.0,59.226143643512714,0.0,-21.591876007964192]
189.0,[-0.02664771631598474,-0.0007069803975795398,-0.0019461936619807134,6.916582902630279e-5,9.680235920207737e-6,0.0,59.225914780390625,0.0,-21.5982616678438]
190.0,[-0.026651263458080415,-0.0007036508195689611,-0.0019418783766991597,6.901571328234988e-5,0.0,0.0,59.2257493644707,0.0,-21.602877045776587]
191.0,[-0.026093531966866892,-0.0012197354112086565,-0.0032882473845439104,9.264017848693891e-5,0.0,0.0,59.25089824922784,0.0,-20.901149926927484]
192.0,[-0.025521272287282785,-0.0018878707319981117,-0.005079090776388691,0.000115776767523681,0.0,0.0,59.27554408831069,0.0,-20.213521839297712]
193.0,[-0.025515838367476645,-0.001894529888019269,-0.005092036632233352,0.00011615205688356328,0.0,0.0,59.27590890972312,0.0,-20.203311105925867]
194.0,[-0.025512178018718343,-0.0018989693253667072,-0.005104982488078013,0.00011630217262751619,0.0,0.0,59.27606412877127,0.0,-20.198980237591677]
195.0,[-0.025512102547609924,-0.0018989693253667072,-0.005109297773359567,0.00011630217262751619,0.0,0.0,59.27606752772853,0.0,-20.198917013236432]
196.0,[-0.026083154689459334,-0.0012319438639141116,-0.0033270849520778936,9.346581507867992e-5,0.0,0.0,59.251658482668034,0.0,-20.879938155743243]
197.0,[-0.025513838383103553,-0.0018967496066929883,-0.00510066720279646,0.00011609576347958094,0.0,0.0,59.275859058349994,0.0,-20.204702041741225]
198.0,[-0.024347319195831316,-0.003670304826994565,-0.009981254856233681,0.00015966685816191275,0.0,0.0,59.32254600226977,0.0,-18.902090650656618]
199.0,[-0.025508819554393714,-0.0019011890440404264,-0.005117928343922674,0.00011671499092338669,0.0,0.0,59.27646633871355,0.0,-20.18778952671355]
200.0,[-0.026076324554147448,-0.00123638330126155,-0.003331400237359447,9.369098869460929e-5,0.0,0.0,59.2519575909068,0.0,-20.871592540851086]
201.0,[-0.026084588640519286,-0.0012275044265666734,-0.003309823810951679,9.318434805876822e-5,0.0,0.0,59.25144888030375,0.0,-20.885818020780903]
202.0,[-0.026088060311506543,-0.0012219551298823757,-0.0032882473845439104,9.295917444283885e-5,0.0,0.0,59.25128912931259,0.0,-20.890275337825578]
203.0,[-0.02608824898927759,-0.001226394567229814,-0.003309823810951679,9.305299678280943e-5,0.0,0.0,59.251284597369576,0.0,-20.89043339871369]
204.0,[-0.027188504543358288,-0.0003429465350896041,-0.0010270378970097778,4.5015958717878565e-5,0.0,0.0,59.20029004161727,0.0,-22.313202676938822]
205.0,[-0.027713934400168647,-0.00012763382373884942,-0.00052646480434955,1.9439988841901707e-5,0.0,0.0,59.173267198424846,0.0,-23.06721633757441]
206.0,[-0.02719933464741636,-0.0003362873790684467,-0.0010184073264466705,4.394638404221409e-5,0.0,0.0,59.19923069993831,0.0,-22.342791675192842]
207.0,[-0.027201674251777334,-0.0003351775197315871,-0.001009776755883563,4.402144191419054e-5,0.0,0.0,59.199289615197465,0.0,-22.341116229778887]
208.0,[-0.027198127109681662,-0.00033739723840530626,-0.0010140920411651167,4.417155765814345e-5,0.0,0.0,59.19946409500341,0.0,-22.336279566602748]
209.0,[-0.026656584171223928,-0.0006992113822215228,-0.0019332478061360524,6.856536605049115e-5,0.0,0.0,59.22533695765665,0.0,-21.614383878430928]
210.0,[-0.02609734325784203,-0.0012152959738612184,-0.0032753015286992493,9.249006274298601e-5,0.0,0.0,59.2507283013649,0.0,-20.90592336574838]
211.0,[-0.025521347758391204,-0.0018878707319981117,-0.005074775491107138,0.000115776767523681,0.0,0.0,59.275539556367676,0.0,-20.213648288008198]
212.0,[-0.025515876103030855,-0.0018934200286824096,-0.005092036632233352,0.00011615205688356328,0.0,0.0,59.27590890972312,0.0,-20.20334271810349]
213.0,[-0.026083192425013543,-0.0012297241452403926,-0.00332276966679634,9.34282861426917e-5,0.0,0.0,59.25165395072502,0.0,-20.880096216631355]
214.0,[-0.026084664111627704,-0.0012286142859035329,-0.003309823810951679,9.31655835907741e-5,0.0,0.0,59.25144208238923,0.0,-20.886007693846633]
215.0,[-0.02608824898927759,-0.0012252847078929544,-0.003305508525670125,9.305299678280943e-5,0.0,0.0,59.251286863341086,0.0,-20.890338562180823]
216.0,[-0.027188504543358288,-0.0003418366757527445,-0.0010270378970097778,4.5015958717878565e-5,0.0,0.0,59.20029117460303,0.0,-22.313202676938822]
217.0,[-0.027713934400168647,-0.00012652396440198985,-0.00052646480434955,1.9439988841901707e-5,0.0,0.0,59.173267198424846,0.0,-23.06721633757441]
218.0,[-0.026657867180067043,-0.0006992113822215228,-0.001924617235572945,6.832142796656767e-5,-9.680235920207737e-6,4.826794957844973e-6,59.22510809453456,0.0,-21.620801150488155]
219.0,[-0.026658735097813857,-0.0006969916635478037,-0.001924617235572945,6.867795285845583e-5,0.0,0.0,59.22540040485881,0.0,-21.61264520866173]
220.0,[-0.02552315906499325,-0.0018856510133243925,-0.005070460205825584,0.00011555159390775165,0.0,0.0,59.275320890117364,0.0,-20.219781050466832]
221.0,[-0.025519611922897575,-0.0018900904506718309,-0.005079090776388691,0.00011602070560760448,0.0,0.0,59.275751424703465,0.0,-20.20773681079292]
222.0,[-0.025512215754272552,-0.0018978594660298477,-0.005109297773359567,0.00011630217262751619,0.0,0.0,59.276061862799764,0.0,-20.199106686302162]
223.0,[-0.024931390103882935,-0.0027169356566322032,-0.00733598497864127,0.00013842548039257613,0.0,0.0,59.29974466399264,0.0,-19.538285725295694]
224.0,[-0.025510404447670505,-0.001900079184703567,-0.005109297773359567,0.00011650858177545144,0.0,0.0,59.2762725981498,0.0,-20.193195209086884]
225.0,[-0.02550859314106846,-0.0019034087627141454,-0.005117928343922674,0.00011643352390347498,0.0,0.0,59.27621708184791,0.0,-20.194744205790354]
226.0,[-0.026083079218350916,-0.001230834004577252,-0.00332276966679634,9.344705061068581e-5,0.0,0.0,59.25166074863954,0.0,-20.879874931388002]
227.0,[-0.025513800647549344,-0.0018967496066929883,-0.005104982488078013,0.00011609576347958094,0.0,0.0,59.275860191335745,0.0,-20.204702041741225]
228.0,[-0.026644810678310624,-0.0007080902569163994,-0.001954824232543821,6.963494072615563e-5,0.0,0.0,59.22636570872028,0.0,-21.58571163332794]
229.0,[-0.028210798442442564,-6.104226352727581e-5,-0.00042289795759226144,-5.8732784821575615e-6,0.0,0.0,59.14646528745423,0.0,-23.8150023992185]
230.0,[-0.027719406055528997,-0.00012652396440198985,-0.00052646480434955,1.8745703526119503e-5,0.0,0.0,59.17258853995885,0.0,-23.086152031969878]
231.0,[-0.026108362039671148,-0.0012053072398294823,-0.003249409817009927,9.166442615124501e-5,0.0,0.0,59.249929546409106,0.0,-20.92820995097176]
232.0,[-0.02494874845881921,-0.0026914088918844332,-0.007271255699417964,0.00013761860826882926,0.0,0.0,59.29891418543576,0.0,-19.561457451492487]
233.0,[-0.025514328945308272,-0.001894529888019269,-0.005096351917514906,0.00011635846603149853,0.0,0.0,59.27610491625837,0.0,-20.19787381137491]
234.0,[-0.024927918432895678,-0.002721375093979641,-0.007348930834485931,0.00013855683166853495,0.0,0.0,59.299884021240246,0.0,-19.534365815270586]
235.0,[-0.024929503326172466,-0.0027180455159690627,-0.007340300263922824,0.0001386506540085055,0.0,0.0,59.29994633545666,0.0,-19.53269036985663]
236.0,[-0.026636622063047205,-0.0007147494129375566,-0.001967770088388482,7.017911029798492e-5,0.0,0.0,59.226898212024146,0.0,-21.570822297668062]
237.0,[-0.027183108359106357,-0.00034405639442646363,-0.0010356684675728851,4.510978105784913e-5,0.0,0.0,59.20039201033504,0.0,-22.31038919313048]
238.0,[-0.027194391289814938,-0.0003385070977421658,-0.001022722611728224,4.43779668060787e-5,0.0,0.0,59.19965783556716,0.0,-22.33087388422942]
239.0,[-0.027720575857709484,-0.00012652396440198985,-0.0005221495190679962,1.910222841800766e-5,0.0,0.0,59.17291257388418,0.0,-23.077110949170038]
240.0,[-0.027721783395444184,-0.00012541410506513028,-0.0005221495190679962,1.8820761398095956e-5,0.0,0.0,59.17265538611828,0.0,-23.084286913490192]
241.0,[-0.02720303273172887,-0.0003351775197315871,-0.001009776755883563,4.3758739362272954e-5,0.0,0.0,59.19904262430333,0.0,-22.348039296678067]
242.0,[-0.02666028225553644,-0.0006969916635478037,-0.001924617235572945,6.841525030653825e-5,0.0,0.0,59.22516021187919,0.0,-21.61931537813993]
243.0,[-0.02552697035596839,-0.0018812115759769543,-0.005057514349980923,0.00011540147816379873,0.0,0.0,59.2751588731547,0.0,-20.22426997968913]
244.0,[-0.025519649658451785,-0.0018889805913349712,-0.005079090776388691,0.00011600194113961037,0.0,0.0,59.27574802574621,0.0,-20.207831647325786]
245.0,[-0.02493154104609977,-0.0027169356566322032,-0.00733598497864127,0.00013842548039257613,0.0,0.0,59.29973899906388,0.0,-19.5384437861838]
246.0,[-0.024929578797280888,-0.0027180455159690627,-0.007340300263922824,0.0001386506540085055,-9.680235920207737e-6,0.0,59.29994406948515,0.0,-19.532753594211876]
247.0,[-0.02550689504112904,-0.0019045186220510051,-0.005122243629204228,0.00011663993305141023,0.0,0.0,59.276419886297674,0.0,-20.189085625996047]
248.0,[-0.02550855540551425,-0.0019034087627141454,-0.005122243629204228,0.00011643352390347498,0.0,0.0,59.27621821483366,0.0,-20.19468098143511]
249.0,[-0.026083041482796707,-0.0012297241452403926,-0.003318454381514786,9.34282861426917e-5,0.0,0.0,59.25166301461105,0.0,-20.879874931388002]
250.0,[-0.026642772958383323,-0.0007103099755901185,-0.001954824232543821,6.955988285417917e-5,0.0,0.0,59.226307926446886,0.0,-21.58729224220903]
251.0,[-0.02771280233354237,-0.00012763382373884942,-0.00052646480434955,1.9702691393819298e-5,0.0,0.0,59.17351418931897,0.0,-23.06029327067523]
252.0,[-0.028218647437718097,-6.104226352727581e-5,-0.00042289795759226144,-6.755208477880902e-6,0.0,0.0,59.14560988321079,0.0,-23.838932817678216]
253.0,[-0.0277263116619493,-0.00012319438639141116,-0.0005221495190679962,1.8389178634231342e-5,0.0,0.0,59.17221918660341,0.0,-23.09645760187459]
254.0,[-0.026665565233125743,-0.0006925522262003654,-0.0019073560944467302,6.798366754267363e-5,0.0,0.0,59.22474327312213,0.0,-21.63094865950476]
255.0,[-0.027723217346504136,-0.00012430424572827073,-0.0005221495190679962,1.9177286289984117e-5,0.0,0.0,59.172956760328546,0.0,-23.075878074242787]
256.0,[-0.028218836115489147,-6.104226352727581e-5,-0.00042721324287381515,-6.773972945875015e-6,0.0,0.0,59.14559402141025,0.0,-23.8393437759873]
257.0,[-0.026663263364318974,-0.000693662085537225,-0.001911671379728284,6.788984520270306e-5,0.0,0.0,59.224679825919964,0.0,-21.63268732927396]
258.0,[-0.02610511678200915,-0.0012064170991663418,-0.0032580403875730347,9.215230231909197e-5,0.0,0.0,59.25038387369602,0.0,-20.915533467745412]
259.0,[-0.024940974934652096,-0.0027036173445898885,-0.007301462696388841,0.00013791883975673507,0.0,0.0,59.299226889503565,0.0,-19.552732490468863]
260.0,[-0.024345658831446106,-0.003673634405005144,-0.009989885426796788,0.0001598545028418539,0.0,0.0,59.322729545961735,0.0,-18.896969477881886]
261.0,[-0.02550538561896067,-0.0019056284813878646,-0.005126558914485782,0.0001168651066673396,0.0,0.0,59.276611360889916,0.0,-20.183743167977962]
262.0,[-0.024336489091773245,-0.003690282295058037,-0.010037353564893879,0.00016006091198978914,0.0,0.0,59.32296407401259,0.0,-18.89042575711417]
263.0,[-0.024339734349435243,-0.00368251327970002,-0.010011461853204557,0.00016022979220173616,0.0,0.0,59.32307397363062,0.0,-18.887359375884852]
264.0,[-0.024332677800798105,-0.0036947217324054754,-0.010045984135456987,0.00016045496581766551,0.0,0.0,59.32334362423981,0.0,-18.87983567761086]
265.0,[-0.023740418277483067,-0.00479348247589644,-0.013135728397049427,0.00018103958720720815,0.0,0.0,59.34552861826736,0.0,-18.260837627598054]
266.0,[-0.02433082875864185,-0.0036969414510791944,-0.01005029942073854,0.00016064261049760666,0.0,0.0,59.32352716793178,0.0,-18.8746828926585]
267.0,[-0.024917277006608653,-0.0027358032653588154,-0.007392083687301468,0.00013925111698431713,0.0,0.0,59.30056041373473,0.0,-19.515524957407983]
268.0,[-0.02607462645420803,-0.00123638330126155,-0.003331400237359447,9.393492677853275e-5,0.0,0.0,59.25217512417136,0.0,-20.86555461492532]
269.0,[-0.026639301287396066,-0.0007125296942638375,-0.001963454803106928,6.970999859813209e-5,0.0,0.0,59.2264710763953,0.0,-21.58274008863149]
270.0,[-0.027189636609984566,-0.0003429465350896041,-0.0010313531822913316,4.47907851019492e-5,0.0,0.0,59.200067976409706,0.0,-22.31943027593032]
271.0,[-0.02719442902536915,-0.0003396169570790254,-0.001022722611728224,4.43779668060787e-5,0.0,0.0,59.199652170638394,0.0,-22.331031945117527]
272.0,[-0.027197976167464822,-0.0003362873790684467,-0.0010140920411651167,4.417155765814345e-5,0.0,0.0,59.19947315888943,0.0,-22.336026669181773]
273.0,[-0.025528706191462018,-0.0018801017166400948,-0.005053199064699369,0.00011515754007987525,0.0,0.0,59.27494247287589,0.0,-20.230307905614897]
274.0,[-0.024942823976808352,-0.00269917790724245,-0.0072885168405441795,0.00013799389762871153,0.0,0.0,59.29928240580546,0.0,-19.551183493765393]
275.0,[-0.02664016920514288,-0.000711419834926978,-0.0019591395178253745,6.999146561804378e-5,0.0,0.0,59.22672826416121,0.0,-21.575564124311335]
276.0,[-0.026640923916227067,-0.000711419834926978,-0.0019591395178253745,6.946606051420861e-5,0.0,0.0,59.22623314938719,0.0,-21.58937864593207]
277.0,[-0.026093418760204264,-0.0012197354112086565,-0.0032882473845439104,9.265894295493303e-5,0.0,0.0,59.25090731311386,0.0,-20.90089702950651]
278.0,[-0.02609190933803589,-0.001220845270545516,-0.0032925626698254644,9.288411657086239e-5,0.0,0.0,59.25112144742116,0.0,-20.894922327935987]
279.0,[-0.026646357836033207,-0.0007058705382426802,-0.0019505089472622672,6.939100264223215e-5,0.0,0.0,59.22613797858395,0.0,-21.592034068852303]
280.0,[-0.02664775405153895,-0.0007058705382426802,-0.0019461936619807134,6.914706455830867e-5,0.0,0.0,59.22591364740487,0.0,-21.598293280021423]
281.0,[-0.026093494231312683,-0.0012197354112086565,-0.0032882473845439104,9.264017848693891e-5,0.0,0.0,59.25090051519935,0.0,-20.90108670257224]
282.0,[-0.0260919470735901,-0.001220845270545516,-0.0032882473845439104,9.288411657086239e-5,0.0,0.0,59.25111918144965,0.0,-20.89501716446885]
283.0,[-0.025517574202970274,-0.0018923101693455499,-0.005087721346951799,0.00011592688326763392,0.0,0.0,59.275699307358835,0.0,-20.209190970963522]
284.0,[-0.025515762896368227,-0.001894529888019269,-0.005096351917514906,0.00011613329241556917,0.0,0.0,59.275912308680375,0.0,-20.203247881570622]
285.0,[-0.026083154689459334,-0.0012286142859035329,-0.0033141390962332326,9.34282861426917e-5,0.0,0.0,59.25165508371077,0.0,-20.880064604453732]
286.0,[-0.026642772958383323,-0.0007103099755901185,-0.0019591395178253745,6.954111838618505e-5,0.0,0.0,59.226305660475376,0.0,-21.587355466564272]
287.0,[-0.024938786272507958,-0.002706946922600467,-0.007314408552233502,0.0001378437818847586,0.0,0.0,59.29918496903071,0.0,-19.553902141040872]
288.0,[-0.02434924370909599,-0.0036669752489839865,-0.00996830900038902,0.0001597231515658951,0.0,0.0,59.32259018871413,0.0,-18.900857775729367]
289.0,[-0.026076701909689543,-0.0012352734419246903,-0.0033270849520778936,9.397245571452098e-5,0.0,0.0,59.25221477867271,0.0,-20.86441657653093]
290.0,[-0.02492618259740205,-0.0027258145313270796,-0.007361876690330592,0.0001384817737965585,0.0,0.0,59.29982623896685,0.0,-19.536009648506923]
291.0,[-0.02493312593937656,-0.002712496219284765,-0.007327354408078163,0.00013851930273254672,0.0,0.0,59.299803579251794,0.0,-19.536641892059357]
292.0,[-0.028205439993744842,-5.9932404190416246e-5,-0.00042289795759226144,-4.991348486434222e-6,0.0,0.0,59.14734108544122,0.0,-23.790597798094456]
293.0,[-0.028685549449949825,-0.00013429297976000676,-0.0006904456450485901,-3.2950405797663506e-5,0.0,0.0,59.11800355235561,0.0,-24.609131913256174]
294.0,[-0.026111720503995777,-0.0012030875211557631,-0.00324077924644682,9.115778551540394e-5,0.0,0.0,59.24945482537864,0.0,-20.94148706557292]
295.0,[-0.025537083484496483,-0.0018678932639346396,-0.005022992067728493,0.00011515754007987525,0.0,0.0,59.27487336074497,0.0,-20.232236248449826]
296.0,[-0.0255160647808019,-0.001894529888019269,-0.005092036632233352,0.00011613329241556917,0.0,0.0,59.27589531389408,0.0,-20.20372206423495]
297.0,[-0.02608326789612196,-0.0012286142859035329,-0.0033141390962332326,9.340952167469758e-5,0.0,0.0,59.25165055176777,0.0,-20.88022266534184]
298.0,[-0.025513838383103553,-0.0018978594660298477,-0.00510066720279646,0.00011607699901158683,0.0,0.0,59.27585792536424,0.0,-20.20476526609647]
299.0,[-0.024935012717087025,-0.0027113863599479053,-0.007318723837515056,0.00013829412911661734,0.0,0.0,59.29959964181627,0.0,-19.542332084031287]
300.0,[-0.026081569796182542,-0.001230834004577252,-0.0033141390962332326,9.363469529062694e-5,0.0,0.0,59.25186468607506,0.0,-20.874247963771317]
301.0,[-0.02608123017619466,-0.001230834004577252,-0.00332276966679634,9.3315699334727e-5,0.0,0.0,59.251595035465876,0.0,-20.881740049867688]
302.0,[-0.02608817351816917,-0.0012252847078929544,-0.003305508525670125,9.303423231481531e-5,0.0,0.0,59.25128912931259,0.0,-20.890275337825578]
303.0,[-0.0243492814446502,-0.0036691949676577055,-0.009972624285670573,0.0001594604490139775,0.0,0.0,59.32234546379151,0.0,-18.90768600609568]
304.0,[-0.02315732849384089,-0.005997679856389063,-0.01656638019588461,0.00020047957604910988,0.0,0.0,59.36657722758474,0.0,-17.673546591739928]
305.0,[-0.02314264936325347,-0.006025426339810552,-0.01664837061623413,0.0002012113903008803,0.0,0.0,59.3673023384666,0.0,-17.653314798061967]
306.0,[-0.020784592316268224,-0.012040863945589368,-0.03434104027060425,0.0002730605382503413,0.0,0.0,59.445980268105274,0.0,-15.45803873529248]
307.0,[-0.01908856783233102,-0.017375957777873274,-0.05067439506128496,0.00031969024121571366,0.0,0.0,59.49795712250534,0.0,-14.007798474713987]
308.0,[-0.02192688527773809,-0.008892193006918795,-0.024972555924351193,0.00024011013245267782,0.0,0.0,59.40955590913527,0.0,-16.47437024583391]
309.0,[-0.025469234958028154,-0.0019489129955253875,-0.005247386902369285,0.00011881661133872741,0.0,0.0,59.27860314984352,0.0,-20.128168959718806]
310.0,[-0.02991957754370251,-0.001074343838080054,-0.003253725102291481,-0.0001135625603003756,0.0,0.0,59.03302055700204,0.0,-26.980329744491076]
311.0,[-0.03083089117785722,-0.002833470887002457,-0.0075992173808160455,-0.00020421370517993847,0.0,0.0,58.937742120111864,0.0,-29.638755821597808]
312.0,[-0.02872105860646078,-0.00014650143246546193,-0.0007249679273010196,-3.6966001948403825e-5,0.0,0.0,59.114040368191965,0.0,-24.719742922754914]
313.0,[-0.027237372086059336,-0.0003174197703418342,-0.0009752544736311336,4.173217681890868e-5,0.0,0.0,59.19694773364622,0.0,-22.40652182527843]
314.0,[-0.026668508606354068,-0.0006892226481897868,-0.0019030408091651764,6.803996094665596e-5,0.0,0.0,59.224763666865684,0.0,-21.630379640307567]
315.0,[-0.02665541436904344,-0.0007003212415583824,-0.0019332478061360524,6.880930413441463e-5,0.0,0.0,59.22554995897819,0.0,-21.608440789038028]
316.0,[-0.02665148987140567,-0.0007025409602321015,-0.0019418783766991597,6.899694881435577e-5,0.0,0.0,59.22573690162742,0.0,-21.603224779730425]
317.0,[-0.02609360743797531,-0.001218625551871797,-0.0032882473845439104,9.265894295493303e-5,0.0,0.0,59.250897116242086,0.0,-20.90121315128273]
318.0,[-0.0260919470735901,-0.001220845270545516,-0.0032925626698254644,9.288411657086239e-5,0.0,0.0,59.25111918144965,0.0,-20.895048776646473]
319.0,[-0.026646357836033207,-0.0007058705382426802,-0.0019505089472622672,6.939100264223215e-5,0.0,0.0,59.22613797858395,0.0,-21.592034068852303]
320.0,[-0.02664775405153895,-0.0007069803975795398,-0.0019461936619807134,6.916582902630279e-5,0.0,0.0,59.22591364740487,0.0,-21.598293280021423]
321.0,[-0.025522970387222205,-0.0018867608726612522,-0.005074775491107138,0.00011555159390775165,0.0,0.0,59.27533108698914,0.0,-20.219464928690613]
322.0,[-0.024938899479170586,-0.0027058370632636075,-0.0073057779816703946,0.00013814401337266445,0.0,0.0,59.29944328978237,0.0,-19.546694564543095]
323.0,[-0.02608164526729096,-0.001230834004577252,-0.003318454381514786,9.363469529062694e-5,0.0,0.0,59.25186015413205,0.0,-20.874342800304184]
324.0,[-0.025510328976562087,-0.001902298903377286,-0.005117928343922674,0.00011622711475553973,0.0,0.0,59.27600408052636,0.0,-20.200687295183254]
325.0,[-0.026086588624892378,-0.001226394567229814,-0.0033011932403885715,9.327817039873878e-5,0.0,0.0,59.25150552959139,0.0,-20.884269024077433]
326.0,[-0.026642772958383323,-0.0007103099755901185,-0.001954824232543821,6.954111838618505e-5,0.0,0.0,59.226304527489624,0.0,-21.587355466564272]
327.0,[-0.030581383693425297,-0.002205290502339946,-0.006110443958680023,-0.0001728207502257864,0.0,0.0,58.97057038230216,0.0,-28.722824587183272]
328.0,[-0.03027282006665581,-0.0016226143504886768,-0.004664823389359537,-0.00014681319758594493,0.0,0.0,58.99829454367564,0.0,-27.9492746007774]
329.0,[-0.023820832743503093,-0.004660299355473293,-0.012760298577554256,0.00017647982148463856,0.0,0.0,59.3409932762985,0.0,-18.387381174618188]
330.0,[-0.023193743303652866,-0.005917769984135174,-0.016337670075962263,0.00019939123690545127,0.0,0.0,59.365371730743654,0.0,-17.70718194872954]
331.0,[-0.02491474872447663,-0.002738022984032535,-0.007392083687301468,0.0001395888774082112,0.0,0.0,59.30088331467431,0.0,-19.50645226243052]
332.0,[-0.024915993997765538,-0.002740242702706254,-0.007400714257864575,0.00013913853017635247,0.0,0.0,59.300491301603806,0.0,-19.51748491242054]
333.0,[-0.024337923042833196,-0.0036869527170474586,-0.01002872299433077,0.0001601359698617656,0.0,0.0,59.32303092017201,0.0,-18.88856063863448]
334.0,[-0.02433614947178536,-0.003688062576384318,-0.010033038279612326,0.00016034237900970085,0.0,0.0,59.323212197892474,0.0,-18.88350269021499]
335.0,[-0.024332715536352315,-0.0036947217324054754,-0.010045984135456987,0.00016045496581766551,0.0,0.0,59.32334475722556,0.0,-18.879804065433238]
336.0,[-0.024332677800798105,-0.0036947217324054754,-0.010045984135456987,0.00016045496581766551,0.0,0.0,59.323347023197066,0.0,-18.879740841077993]
337.0,[-0.024332640065243893,-0.0036947217324054754,-0.010045984135456987,0.00016045496581766551,0.0,0.0,59.323347023197066,0.0,-18.87970922890037]
338.0,[-0.025501725270202367,-0.0019100679187353028,-0.005139504770330443,0.0001169964579432984,0.0,0.0,59.27676657993806,0.0,-20.179412299643772]
339.0,[-0.02607617361193061,-0.0012374931605984095,-0.0033270849520778936,9.369098869460929e-5,0.0,0.0,59.25196552180707,0.0,-20.871402867785353]
340.0,[-0.026084550904965077,-0.0012286142859035329,-0.003309823810951679,9.318434805876822e-5,0.0,0.0,59.25145114627525,0.0,-20.88575479642566]
341.0,[-0.02608809804706075,-0.0012241748485560947,-0.0032925626698254644,9.30154678468212e-5,0.0,0.0,59.25128912931259,0.0,-20.890275337825578]
342.0,[-0.02608821125372338,-0.0012241748485560947,-0.0032925626698254644,9.299670337882708e-5,0.0,0.0,59.251284597369576,0.0,-20.890370174358445]
343.0,[-0.02664628236492479,-0.0007069803975795398,-0.0019461936619807134,6.939100264223215e-5,0.0,0.0,59.22614137754121,0.0,-21.591907620141814]
344.0,[-0.02608987161810859,-0.0012230649892192352,-0.0033011932403885715,9.280905869888595e-5,0.0,0.0,59.25106139917626,0.0,-20.896629385527564]
345.0,[-0.02376121056785239,-0.004757966977116934,-0.013027846265010586,0.00017989495465956724,0.0,0.0,59.34441489327225,0.0,-18.29194401037792]
346.0,[-0.02492988068171456,-0.0027158257972953433,-0.00733598497864127,0.0001389133565604231,0.0,0.0,59.30016953364998,0.0,-19.52639954650989]
347.0,[-0.02663028248994004,-0.0007191888502849949,-0.0019807159442331427,7.044181284990251e-5,0.0,0.0,59.227191655334146,0.0,-21.562634743664013]
348.0,[-0.02608277733391724,-0.0012297241452403926,-0.003318454381514786,9.310929018679176e-5,0.0,0.0,59.25138203414433,0.0,-20.88771475143821]
349.0,[-0.026091758395819054,-0.0012219551298823757,-0.0032925626698254644,9.290288103885651e-5,0.0,0.0,59.25113164429293,0.0,-20.894669430515012]
350.0,[-0.025517460996307646,-0.0018923101693455499,-0.005092036632233352,0.00011592688326763392,0.0,0.0,59.27570270631609,0.0,-20.20909613443066]
351.0,[-0.025515762896368227,-0.001894529888019269,-0.005092036632233352,0.00011615205688356328,0.0,0.0,59.275912308680375,0.0,-20.203247881570622]
352.0,[-0.026083116953905125,-0.0012286142859035329,-0.003309823810951679,9.339075720670347e-5,0.0,0.0,59.25165508371077,0.0,-20.880064604453732]
353.0,[-0.026084664111627704,-0.0012286142859035329,-0.003309823810951679,9.31655835907741e-5,0.0,0.0,59.25144208238923,0.0,-20.886007693846633]
354.0,[-0.025517423260753437,-0.0018923101693455499,-0.005087721346951799,0.00011592688326763392,0.0,0.0,59.2757072382591,0.0,-20.20896968572017]
355.0,[-0.02608670183155501,-0.0012275044265666734,-0.003309823810951679,9.329693486673289e-5,0.0,0.0,59.25149986466263,0.0,-20.884395472787922]
356.0,[-0.026084739582736122,-0.0012275044265666734,-0.003309823810951679,9.318434805876822e-5,0.0,0.0,59.25144094940348,0.0,-20.886039306024255]
357.0,[-0.025517460996307646,-0.0018934200286824096,-0.005087721346951799,0.00011592688326763392,0.0,0.0,59.27570610527335,0.0,-20.209001297897792]
358.0,[-0.025515762896368227,-0.0018934200286824096,-0.005096351917514906,0.00011615205688356328,0.0,0.0,59.275914574651885,0.0,-20.203184657215377]
359.0,[-0.026083116953905125,-0.0012286142859035329,-0.003305508525670125,9.340952167469758e-5,0.0,0.0,59.25165508371077,0.0,-20.880096216631355]
360.0,[-0.02718514607903366,-0.0003429465350896041,-0.0010356684675728851,4.5184838929825585e-5,0.0,0.0,59.20045885649446,0.0,-22.308524074650794]
361.0,[-0.026649112531490486,-0.0007047606789058207,-0.0019461936619807134,6.890312647438519e-5,0.0,0.0,59.22568591726854,0.0,-21.604678939901028]
362.0,[-0.026097192315625194,-0.0012152959738612184,-0.0032753015286992493,9.249006274298601e-5,0.0,0.0,59.25073736525093,0.0,-20.905670468327404]
363.0,[-0.02609198480914431,-0.001220845270545516,-0.0032925626698254644,9.288411657086239e-5,0.0,0.0,59.25111691547815,0.0,-20.895080388824095]
364.0,[-0.025517574202970274,-0.0018923101693455499,-0.005087721346951799,0.00011594564773562804,0.0,0.0,59.275699307358835,0.0,-20.209222583141145]
365.0,[-0.025515800631922436,-0.0018934200286824096,-0.005092036632233352,0.00011615205688356328,0.0,0.0,59.275912308680375,0.0,-20.203247881570622]
366.0,[-0.026083116953905125,-0.0012286142859035329,-0.003309823810951679,9.339075720670347e-5,0.0,0.0,59.25165508371077,0.0,-20.880064604453732]
367.0,[-0.025513838383103553,-0.0018967496066929883,-0.005104982488078013,0.00011609576347958094,0.0,0.0,59.27585792536424,0.0,-20.20476526609647]
368.0,[-0.025515725160814018,-0.001894529888019269,-0.005092036632233352,0.00011615205688356328,0.0,0.0,59.27591684062339,0.0,-20.203121432860133]
369.0,[-0.026083116953905125,-0.0012286142859035329,-0.003305508525670125,9.340952167469758e-5,0.0,0.0,59.25165621669653,0.0,-20.88003299227611]
370.0,[-0.026642772958383323,-0.0007092001162532589,-0.001954824232543821,6.954111838618505e-5,0.0,0.0,59.226304527489624,0.0,-21.587355466564272]
371.0,[-0.02664767858043053,-0.0007058705382426802,-0.0019461936619807134,6.914706455830867e-5,0.0,0.0,59.225918179347886,0.0,-21.598166831310934]
372.0,[-0.027716123062312786,-0.00012652396440198985,-0.00052646480434955,1.9552575649866386e-5,0.0,0.0,59.17333631055577,0.0,-23.06525638256186]
373.0,[-0.02665432003797137,-0.000701431100895242,-0.0019375630914176061,6.849030817851469e-5,9.680235920207737e-6,0.0,59.225273510454485,0.0,-21.61615416037775]
374.0,[-0.02495052202986705,-0.0026891891732107143,-0.007262625128854857,0.000137412199120894,0.0,0.0,59.29871251397175,0.0,-19.56711603128679]
375.0,[-0.024937239114785376,-0.002706946922600467,-0.007310093266951948,0.0001383504225205997,0.0,0.0,59.29963476437461,0.0,-19.54135210652501]
376.0,[-0.02433830039837529,-0.003685842857710599,-0.010024407709049218,0.00016011720539377147,0.0,0.0,59.323011659414206,0.0,-18.889098045654052]
377.0,[-0.025505310147852248,-0.001906738340724724,-0.005126558914485782,0.0001168651066673396,0.0,0.0,59.27661702581868,0.0,-20.183616719267473]
378.0,[-0.025505083734526993,-0.0019078482000615838,-0.005135189485048889,0.00011656487517943378,0.0,0.0,59.27636323701003,0.0,-20.19066623487714]
379.0,[-0.024931239161666095,-0.0027158257972953433,-0.00733598497864127,0.00013844424486057026,0.0,0.0,59.299752594892915,0.0,-19.53806444005234]
380.0,[-0.025510366712116296,-0.001900079184703567,-0.005113613058641121,0.00011650858177545144,0.0,0.0,59.276273731135554,0.0,-20.19316359690926]
381.0,[-0.02550859314106846,-0.0019034087627141454,-0.005117928343922674,0.00011643352390347498,0.0,0.0,59.27621594886215,0.0,-20.194775817967976]
382.0,[-0.025512064812055715,-0.0018989693253667072,-0.005104982488078013,0.00011630217262751619,0.0,0.0,59.27607092668578,0.0,-20.19882217670357]
383.0,[-0.026083003747242494,-0.0012286142859035329,-0.003309823810951679,9.34282861426917e-5,0.0,0.0,59.251659615653786,0.0,-20.879938155743243]
384.0,[-0.025513838383103553,-0.0018967496066929883,-0.00510066720279646,0.00011607699901158683,0.0,0.0,59.275859058349994,0.0,-20.204702041741225]
385.0,[-0.02551568742525981,-0.0018934200286824096,-0.005096351917514906,0.00011615205688356328,0.0,0.0,59.27591684062339,0.0,-20.203121432860133]
386.0,[-0.025512140283164134,-0.0018989693253667072,-0.005104982488078013,0.00011630217262751619,0.0,0.0,59.27606639474277,0.0,-20.198980237591677]
387.0,[-0.025512140283164134,-0.0018978594660298477,-0.005109297773359567,0.00011630217262751619,0.0,0.0,59.27606752772853,0.0,-20.198917013236432]
388.0,[-0.026083079218350916,-0.0012286142859035329,-0.003309823810951679,9.339075720670347e-5,0.0,0.0,59.251658482668034,0.0,-20.879969767920866]
389.0,[-0.026084664111627704,-0.0012286142859035329,-0.003318454381514786,9.320311252676233e-5,0.0,0.0,59.251443215374984,0.0,-20.88597608166901]
390.0,[-0.02664624462937058,-0.0007069803975795398,-0.0019505089472622672,6.940976711022626e-5,0.0,0.0,59.226144776498465,0.0,-21.591844395786573]
391.0,[-0.02664767858043053,-0.0007069803975795398,-0.0019461936619807134,6.914706455830867e-5,0.0,0.0,59.22591591337638,0.0,-21.59823005566618]
392.0,[-0.026651263458080415,-0.0007036508195689611,-0.0019418783766991597,6.899694881435577e-5,0.0,0.0,59.2257493644707,0.0,-21.602877045776587]
393.0,[-0.026651338929188834,-0.0007036508195689611,-0.0019418783766991597,6.899694881435577e-5,0.0,0.0,59.2257470984992,0.0,-21.60294027013183]
394.0,[-0.026651338929188834,-0.0007036508195689611,-0.0019375630914176061,6.899694881435577e-5,0.0,0.0,59.22574596551345,0.0,-21.603003494487073]
395.0,[-0.026651338929188834,-0.0007025409602321015,-0.0019418783766991597,6.899694881435577e-5,0.0,0.0,59.22574596551345,0.0,-21.60297188230945]
396.0,[-0.0260935697024211,-0.001218625551871797,-0.0032882473845439104,9.265894295493303e-5,0.0,0.0,59.250897116242086,0.0,-20.901181539105107]
397.0,[-0.026649867242574673,-0.0007047606789058207,-0.0019418783766991597,6.924088689827925e-5,0.0,0.0,59.225972562664026,0.0,-21.596649446785086]
398.0,[-0.02664779178709316,-0.0007058705382426802,-0.0019505089472622672,6.916582902630279e-5,0.0,0.0,59.22591024844762,0.0,-21.598356504376667]
399.0,[-0.026651263458080415,-0.0007036508195689611,-0.0019418783766991597,6.899694881435577e-5,0.0,0.0,59.22574823148495,0.0,-21.60294027013183]
400.0,[-0.026651338929188834,-0.0007036508195689611,-0.0019418783766991597,6.899694881435577e-5,0.0,0.0,59.22574596551345,0.0,-21.60294027013183]
401.0,[-0.0260935697024211,-0.001218625551871797,-0.0032882473845439104,9.265894295493303e-5,0.0,0.0,59.250897116242086,0.0,-20.901181539105107]
402.0,[-0.02609198480914431,-0.001220845270545516,-0.0032925626698254644,9.290288103885651e-5,0.0,0.0,59.2511180484639,0.0,-20.89501716446885]
403.0,[-0.026088286724831797,-0.0012241748485560947,-0.0033011932403885715,9.30154678468212e-5,0.0,0.0,59.25128006542656,0.0,-20.890559847424175]
404.0,[-0.026088286724831797,-0.0012241748485560947,-0.0033011932403885715,9.30154678468212e-5,0.0,0.0,59.25128233139807,0.0,-20.89043339871369]
405.0,[-0.026088286724831797,-0.0012241748485560947,-0.0033011932403885715,9.303423231481531e-5,0.0,0.0,59.251283464383825,0.0,-20.89043339871369]
406.0,[-0.026646320100478998,-0.0007069803975795398,-0.001954824232543821,6.940976711022626e-5,9.680235920207737e-6,4.826794957844973e-6,59.22614137754121,0.0,-21.59197084449706]
407.0,[-0.0260899093536628,-0.0012230649892192352,-0.003296877955107018,9.280905869888595e-5,0.0,0.0,59.25106253216201,0.0,-20.896597773349942]
408.0,[-0.025521196816174367,-0.0018878707319981117,-0.005074775491107138,0.000115776767523681,0.0,0.0,59.27554748726794,0.0,-20.213458614942468]
409.0,[-0.026086777302663428,-0.0012275044265666734,-0.0033141390962332326,9.329693486673289e-5,0.0,0.0,59.251495332719614,0.0,-20.884521921498408]
410.0,[-0.026084739582736122,-0.0012275044265666734,-0.003309823810951679,9.31655835907741e-5,0.0,0.0,59.25143981641772,0.0,-20.886070918201877]
411.0,[-0.02608821125372338,-0.0012241748485560947,-0.0033011932403885715,9.303423231481531e-5,0.0,0.0,59.251286863341086,0.0,-20.890370174358445]
412.0,[-0.02664628236492479,-0.0007069803975795398,-0.0019461936619807134,6.939100264223215e-5,0.0,0.0,59.22614251052696,0.0,-21.591907620141814]
413.0,[-0.02664771631598474,-0.0007058705382426802,-0.0019505089472622672,6.916582902630279e-5,0.0,0.0,59.225914780390625,0.0,-21.5982616678438]
414.0,[-0.026093531966866892,-0.001218625551871797,-0.0032882473845439104,9.265894295493303e-5,0.0,0.0,59.2509016481851,0.0,-20.901118314749862]
415.0,[-0.0260919470735901,-0.001220845270545516,-0.003296877955107018,9.288411657086239e-5,0.0,0.0,59.25111918144965,0.0,-20.894985552291228]
416.0,[-0.026088286724831797,-0.0012241748485560947,-0.0033011932403885715,9.303423231481531e-5,0.0,0.0,59.25128006542656,0.0,-20.890559847424175]
417.0,[-0.026088286724831797,-0.0012241748485560947,-0.0033011932403885715,9.305299678280943e-5,0.0,0.0,59.25128233139807,0.0,-20.890465010891308]
418.0,[-0.02608824898927759,-0.0012230649892192352,-0.0033011932403885715,9.30154678468212e-5,0.0,0.0,59.251283464383825,0.0,-20.89043339871369]
419.0,[-0.02608824898927759,-0.0012241748485560947,-0.0033011932403885715,9.303423231481531e-5,0.0,0.0,59.251283464383825,0.0,-20.89043339871369]
420.0,[-0.02608824898927759,-0.0012241748485560947,-0.0033011932403885715,9.30154678468212e-5,0.0,0.0,59.251283464383825,0.0,-20.89043339871369]
421.0,[-0.025517460996307646,-0.0018923101693455499,-0.005092036632233352,0.00011592688326763392,0.0,0.0,59.27570383930185,0.0,-20.209064522253037]
422.0,[-0.025515762896368227,-0.001894529888019269,-0.005092036632233352,0.00011615205688356328,0.0,0.0,59.275913441666134,0.0,-20.203216269393]
423.0,[-0.026083116953905125,-0.0012275044265666734,-0.003305508525670125,9.340952167469758e-5,0.0,0.0,59.25165508371077,0.0,-20.880096216631355]
424.0,[-0.026084664111627704,-0.0012286142859035329,-0.003309823810951679,9.318434805876822e-5,0.0,0.0,59.25144208238923,0.0,-20.88597608166901]
425.0,[-0.02664620689381637,-0.0007069803975795398,-0.0019505089472622672,6.940976711022626e-5,0.0,0.0,59.22614590948422,0.0,-21.59181278360895]
426.0,[-0.02608987161810859,-0.0012230649892192352,-0.0033011932403885715,9.279029423089183e-5,0.0,0.0,59.25106366514776,0.0,-20.89656616117232]
427.0,[-0.025521196816174367,-0.0018878707319981117,-0.005074775491107138,0.000115776767523681,0.0,0.0,59.27554748726794,0.0,-20.213427002764845]
428.0,[-0.026086815038217637,-0.0012275044265666734,-0.0033141390962332326,9.329693486673289e-5,0.0,0.0,59.251495332719614,0.0,-20.884521921498408]
429.0,[-0.026084739582736122,-0.0012275044265666734,-0.003309823810951679,9.318434805876822e-5,0.0,0.0,59.25143981641772,0.0,-20.886070918201877]
430.0,[-0.02608821125372338,-0.0012241748485560947,-0.0033011932403885715,9.305299678280943e-5,0.0,0.0,59.251286863341086,0.0,-20.890370174358445]
431.0,[-0.02608824898927759,-0.0012241748485560947,-0.0033011932403885715,9.303423231481531e-5,0.0,0.0,59.251284597369576,0.0,-20.890401786536067]
432.0,[-0.02608824898927759,-0.0012241748485560947,-0.003296877955107018,9.303423231481531e-5,0.0,0.0,59.251283464383825,0.0,-20.890401786536067]
433.0,[-0.02608824898927759,-0.0012241748485560947,-0.003296877955107018,9.303423231481531e-5,0.0,0.0,59.251284597369576,0.0,-20.89043339871369]
434.0,[-0.026088286724831797,-0.0012241748485560947,-0.0033011932403885715,9.303423231481531e-5,0.0,0.0,59.251283464383825,0.0,-20.89043339871369]
435.0,[-0.02608824898927759,-0.0012241748485560947,-0.003296877955107018,9.303423231481531e-5,0.0,0.0,59.251283464383825,0.0,-20.890401786536067]
436.0,[-0.02608824898927759,-0.0012241748485560947,-0.0033011932403885715,9.303423231481531e-5,0.0,0.0,59.251283464383825,0.0,-20.890401786536067]
437.0,[-0.02608824898927759,-0.0012241748485560947,-0.003296877955107018,9.303423231481531e-5,0.0,0.0,59.251283464383825,0.0,-20.890401786536067]
438.0,[-0.02608824898927759,-0.0012241748485560947,-0.0033011932403885715,9.303423231481531e-5,0.0,0.0,59.251283464383825,0.0,-20.890401786536067]
439.0,[-0.026088286724831797,-0.0012241748485560947,-0.0033011932403885715,9.303423231481531e-5,0.0,0.0,59.251283464383825,0.0,-20.89043339871369]
440.0,[-0.02664628236492479,-0.0007069803975795398,-0.0019505089472622672,6.939100264223215e-5,0.0,0.0,59.22614137754121,0.0,-21.591939232319437]
441.0,[-0.02664771631598474,-0.0007069803975795398,-0.0019461936619807134,6.914706455830867e-5,0.0,0.0,59.22591591337638,0.0,-21.59823005566618]
442.0,[-0.026093494231312683,-0.0012197354112086565,-0.0032882473845439104,9.264017848693891e-5,0.0,0.0,59.25090051519935,0.0,-20.90108670257224]
443.0,[-0.025521234551728576,-0.0018878707319981117,-0.005079090776388691,0.00011579553199167512,0.0,0.0,59.27554408831069,0.0,-20.213521839297712]
444.0,[-0.025515838367476645,-0.0018934200286824096,-0.005096351917514906,0.00011615205688356328,0.0,0.0,59.27591004270887,0.0,-20.203311105925867]
445.0,[-0.026083116953905125,-0.0012286142859035329,-0.003309823810951679,9.340952167469758e-5,0.0,0.0,59.25165395072502,0.0,-20.880096216631355]
446.0,[-0.026084664111627704,-0.0012275044265666734,-0.003309823810951679,9.318434805876822e-5,0.0,0.0,59.251443215374984,0.0,-20.88597608166901]
447.0,[-0.02608817351816917,-0.0012241748485560947,-0.003296877955107018,9.303423231481531e-5,0.0,0.0,59.251286863341086,0.0,-20.890338562180823]
448.0,[-0.02608824898927759,-0.0012241748485560947,-0.003296877955107018,9.30154678468212e-5,0.0,0.0,59.251284597369576,0.0,-20.890401786536067]
449.0,[-0.02608824898927759,-0.0012241748485560947,-0.0033011932403885715,9.30154678468212e-5,0.0,0.0,59.251283464383825,0.0,-20.890401786536067]
450.0,[-0.02608824898927759,-0.0012230649892192352,-0.0033011932403885715,9.303423231481531e-5,0.0,0.0,59.251283464383825,0.0,-20.89043339871369]
451.0,[-0.02608824898927759,-0.0012241748485560947,-0.0033011932403885715,9.303423231481531e-5,0.0,0.0,59.251283464383825,0.0,-20.89043339871369]
452.0,[-0.02608824898927759,-0.0012241748485560947,-0.003296877955107018,9.303423231481531e-5,0.0,0.0,59.251283464383825,0.0,-20.890401786536067]
453.0,[-0.02608824898927759,-0.0012241748485560947,-0.0033011932403885715,9.303423231481531e-5,0.0,0.0,59.251283464383825,0.0,-20.89043339871369]
454.0,[-0.02608824898927759,-0.0012241748485560947,-0.0033011932403885715,9.303423231481531e-5,0.0,0.0,59.251283464383825,0.0,-20.890401786536067]
455.0,[-0.02608824898927759,-0.0012241748485560947,-0.0033011932403885715,9.303423231481531e-5,0.0,0.0,59.251283464383825,0.0,-20.890401786536067]
456.0,[-0.02608824898927759,-0.0012241748485560947,-0.0033011932403885715,9.303423231481531e-5,0.0,0.0,59.251283464383825,0.0,-20.89043339871369]
457.0,[-0.02664628236492479,-0.0007069803975795398,-0.0019505089472622672,6.940976711022626e-5,0.0,0.0,59.22614251052696,0.0,-21.591907620141814]
458.0,[-0.02664775405153895,-0.0007058705382426802,-0.0019505089472622672,6.914706455830867e-5,0.0,0.0,59.225914780390625,0.0,-21.5982616678438]
459.0,[-0.026093531966866892,-0.0012197354112086565,-0.0032882473845439104,9.264017848693891e-5,0.0,0.0,59.25090051519935,0.0,-20.90108670257224]
460.0,[-0.0260919470735901,-0.001220845270545516,-0.0032925626698254644,9.290288103885651e-5,0.0,0.0,59.251120314435404,0.0,-20.894985552291228]
461.0,[-0.026646320100478998,-0.0007069803975795398,-0.0019461936619807134,6.939100264223215e-5,0.0,0.0,59.22613797858395,0.0,-21.592034068852303]
462.0,[-0.02664779178709316,-0.0007069803975795398,-0.001954824232543821,6.916582902630279e-5,0.0,0.0,59.22591364740487,0.0,-21.598293280021423]
463.0,[-0.026093494231312683,-0.0012197354112086565,-0.0032882473845439104,9.264017848693891e-5,0.0,0.0,59.25090051519935,0.0,-20.90108670257224]
464.0,[-0.0260919470735901,-0.001220845270545516,-0.0032925626698254644,9.290288103885651e-5,0.0,0.0,59.251120314435404,0.0,-20.89501716446885]
465.0,[-0.026088324460386007,-0.0012241748485560947,-0.0033011932403885715,9.30154678468212e-5,0.0,0.0,59.25127893244081,0.0,-20.890528235246553]
466.0,[-0.02608824898927759,-0.0012241748485560947,-0.0033011932403885715,9.30154678468212e-5,0.0,0.0,59.25128233139807,0.0,-20.890465010891308]
467.0,[-0.02608824898927759,-0.0012230649892192352,-0.0033011932403885715,9.30154678468212e-5,0.0,0.0,59.251283464383825,0.0,-20.890401786536067]
468.0,[-0.02608824898927759,-0.0012241748485560947,-0.003296877955107018,9.303423231481531e-5,0.0,0.0,59.251284597369576,0.0,-20.890465010891308]
469.0,[-0.02664628236492479,-0.0007069803975795398,-0.0019461936619807134,6.939100264223215e-5,0.0,0.0,59.22614137754121,0.0,-21.591939232319437]
470.0,[-0.02608987161810859,-0.0012230649892192352,-0.003296877955107018,9.280905869888595e-5,0.0,0.0,59.25106253216201,0.0,-20.896629385527564]
471.0,[-0.025521196816174367,-0.0018878707319981117,-0.005070460205825584,0.0001157580030556869,0.0,0.0,59.27554748726794,0.0,-20.213427002764845]
472.0,[-0.026086777302663428,-0.001226394567229814,-0.003309823810951679,9.329693486673289e-5,0.0,0.0,59.25149646570537,0.0,-20.884490309320785]
473.0,[-0.026084739582736122,-0.0012275044265666734,-0.003305508525670125,9.318434805876822e-5,0.0,0.0,59.25143868343197,0.0,-20.8861025303795]
474.0,[-0.025517460996307646,-0.0018923101693455499,-0.005087721346951799,0.00011594564773562804,0.0,0.0,59.27570610527335,0.0,-20.209001297897792]
475.0,[-0.025515725160814018,-0.001894529888019269,-0.005092036632233352,0.00011615205688356328,0.0,0.0,59.275913441666134,0.0,-20.203184657215377]
476.0,[-0.026083116953905125,-0.0012286142859035329,-0.003309823810951679,9.339075720670347e-5,0.0,0.0,59.25165508371077,0.0,-20.880064604453732]
477.0,[-0.026084664111627704,-0.0012275044265666734,-0.003309823810951679,9.318434805876822e-5,0.0,0.0,59.251443215374984,0.0,-20.88597608166901]
478.0,[-0.025517460996307646,-0.0018934200286824096,-0.005087721346951799,0.00011594564773562804,0.0,0.0,59.2757072382591,0.0,-20.20896968572017]
479.0,[-0.025515762896368227,-0.0018934200286824096,-0.005092036632233352,0.00011615205688356328,0.0,0.0,59.275914574651885,0.0,-20.203153045037755]
480.0,[-0.026083116953905125,-0.0012286142859035329,-0.003309823810951679,9.340952167469758e-5,0.0,0.0,59.25165508371077,0.0,-20.880096216631355]
481.0,[-0.02718514607903366,-0.0003429465350896041,-0.0010356684675728851,4.5184838929825585e-5,0.0,0.0,59.20045885649446,0.0,-22.308524074650794]
482.0,[-0.027190995089936103,-0.00034072681641588495,-0.0010270378970097778,4.452808255003161e-5,0.0,0.0,59.199824384472834,0.0,-22.326258506296632]
483.0,[-0.026098852680010404,-0.0012141861145243587,-0.0032709862434176958,9.224612465906253e-5,0.0,0.0,59.2505096351146,0.0,-20.91205612820701]
484.0,[-0.02609572062901103,-0.0012175156925349373,-0.003283932099262357,9.271523635891537e-5,0.0,0.0,59.25095149955823,0.0,-20.89966415457926]
485.0,[-0.026088362195940216,-0.0012230649892192352,-0.003296877955107018,9.30154678468212e-5,0.0,0.0,59.25127666646931,0.0,-20.89065468395704]
486.0,[-0.026088324460386007,-0.0012230649892192352,-0.003296877955107018,9.303423231481531e-5,0.0,0.0,59.25128233139807,0.0,-20.890465010891308]
487.0,[-0.02608824898927759,-0.0012241748485560947,-0.0033011932403885715,9.30154678468212e-5,0.0,0.0,59.251283464383825,0.0,-20.89043339871369]
488.0,[-0.02608824898927759,-0.0012241748485560947,-0.003296877955107018,9.303423231481531e-5,0.0,0.0,59.251283464383825,0.0,-20.890465010891308]
489.0,[-0.02664628236492479,-0.0007080902569163994,-0.0019505089472622672,6.939100264223215e-5,0.0,0.0,59.22614137754121,0.0,-21.591939232319437]
490.0,[-0.02608987161810859,-0.0012219551298823757,-0.0033011932403885715,9.279029423089183e-5,0.0,0.0,59.25106139917626,0.0,-20.896629385527564]
491.0,[-0.025521196816174367,-0.0018878707319981117,-0.005074775491107138,0.000115776767523681,0.0,0.0,59.27554748726794,0.0,-20.213458614942468]
492.0,[-0.026644923884973252,-0.0007080902569163994,-0.0019505089472622672,6.963494072615563e-5,0.0,0.0,59.226358910805764,0.0,-21.585869694216047]
493.0,[-0.026644282380551696,-0.0007092001162532589,-0.001954824232543821,6.929718030226158e-5,0.0,0.0,59.226074531381784,0.0,-21.593772738621503]
494.0,[-0.025522932651667996,-0.0018867608726612522,-0.005070460205825584,0.00011557035837574575,0.0,0.0,59.275333352960644,0.0,-20.21940170433537]
495.0,[-0.025519498716234948,-0.0018900904506718309,-0.005079090776388691,0.00011600194113961037,0.0,0.0,59.27575595664648,0.0,-20.207610362082434]
496.0,[-0.026083192425013543,-0.0012286142859035329,-0.003309823810951679,9.339075720670347e-5,0.0,0.0,59.25165168475352,0.0,-20.880159440986596]
497.0,[-0.026084701847181913,-0.0012275044265666734,-0.003305508525670125,9.318434805876822e-5,0.0,0.0,59.25144094940348,0.0,-20.886039306024255]
498.0,[-0.02664620689381637,-0.0007080902569163994,-0.0019505089472622672,6.939100264223215e-5,0.0,0.0,59.22614590948422,0.0,-21.59181278360895]
499.0,[-0.027189749816647193,-0.0003418366757527445,-0.0010270378970097778,4.4772020633955086e-5,0.0,0.0,59.20006004550944,0.0,-22.319651561173675]
500.0,[-0.02719450449647757,-0.0003385070977421658,-0.001022722611728224,4.435920233808459e-5,0.0,0.0,59.199649904666884,0.0,-22.33109516947277]
501.0,[-0.02665643322900709,-0.0006992113822215228,-0.0019332478061360524,6.860289498647938e-5,0.0,0.0,59.225342622585416,0.0,-21.614194205365198]
502.0,[-0.02552693262041418,-0.0018812115759769543,-0.005061829635262477,0.00011538271369580462,0.0,0.0,59.275164538083466,0.0,-20.22411191880102]
503.0,[-0.025519611922897575,-0.0018900904506718309,-0.005079090776388691,0.00011598317667161625,0.0,0.0,59.27574915873196,0.0,-20.207800035148164]
504.0,[-0.025512215754272552,-0.0018989693253667072,-0.005104982488078013,0.00011630217262751619,0.0,0.0,59.276060729814006,0.0,-20.199106686302162]
505.0,[-0.025512140283164134,-0.0018989693253667072,-0.005104982488078013,0.00011630217262751619,0.0,0.0,59.27606639474277,0.0,-20.198917013236432]
506.0,[-0.025512102547609924,-0.0018989693253667072,-0.005109297773359567,0.00011630217262751619,0.0,0.0,59.27606866071428,0.0,-20.19888540105881]
507.0,[-0.025512064812055715,-0.0018989693253667072,-0.005104982488078013,0.00011628340815952207,0.0,0.0,59.27606866071428,0.0,-20.19888540105881]
508.0,[-0.026083041482796707,-0.0012275044265666734,-0.003305508525670125,9.340952167469758e-5,0.0,0.0,59.251658482668034,0.0,-20.879969767920866]
509.0,[-0.025513800647549344,-0.0018967496066929883,-0.00510066720279646,0.00011607699901158683,0.0,0.0,59.275859058349994,0.0,-20.204733653918847]
510.0,[-0.02608670183155501,-0.001226394567229814,-0.0033141390962332326,9.3315699334727e-5,0.0,0.0,59.25150213063414,0.0,-20.884332248432678]
511.0,[-0.026084664111627704,-0.0012275044265666734,-0.003309823810951679,9.31655835907741e-5,9.680235920207737e-6,0.0,59.25144094940348,0.0,-20.886039306024255]
512.0,[-0.025517460996307646,-0.0018934200286824096,-0.005092036632233352,0.00011594564773562804,0.0,0.0,59.27570610527335,0.0,-20.209001297897792]
513.0,[-0.02608670183155501,-0.001226394567229814,-0.003309823810951679,9.327817039873878e-5,0.0,0.0,59.251498731676875,0.0,-20.884395472787922]
514.0,[-0.027185221550142077,-0.00034405639442646363,-0.0010356684675728851,4.516607446183147e-5,0.0,0.0,59.200456590522954,0.0,-22.30858729900604]
515.0,[-0.02771385892906023,-0.00012652396440198985,-0.00052646480434955,1.9439988841901707e-5,0.0,0.0,59.17326946439635,0.0,-23.067153113219167]
516.0,[-0.026657904915621252,-0.0006981015228846633,-0.0019289325208544986,6.83589569025559e-5,0.0,0.0,59.22510809453456,0.0,-21.620769538310533]
517.0,[-0.02610115454881717,-0.00121085653651378,-0.003266670958136142,9.23399469990331e-5,0.0,0.0,59.250560619473475,0.0,-20.910601968036406]
518.0,[-0.026092098015806937,-0.001220845270545516,-0.0032925626698254644,9.288411657086239e-5,0.0,0.0,59.251111250549386,0.0,-20.895206837534584]
519.0,[-0.026088362195940216,-0.0012230649892192352,-0.003296877955107018,9.30154678468212e-5,0.0,0.0,59.25127779945506,0.0,-20.890591459601797]
520.0,[-0.026088286724831797,-0.0012241748485560947,-0.003296877955107018,9.30154678468212e-5,0.0,0.0,59.25128233139807,0.0,-20.890465010891308]
521.0,[-0.025517498731861855,-0.0018923101693455499,-0.005087721346951799,0.00011592688326763392,0.0,0.0,59.27570383930185,0.0,-20.209064522253037]
522.0,[-0.025515762896368227,-0.001894529888019269,-0.005096351917514906,0.00011615205688356328,0.0,0.0,59.275913441666134,0.0,-20.203247881570622]
523.0,[-0.026083116953905125,-0.0012286142859035329,-0.003305508525670125,9.339075720670347e-5,0.0,0.0,59.25165508371077,0.0,-20.880096216631355]
524.0,[-0.026084701847181913,-0.0012286142859035329,-0.0033141390962332326,9.318434805876822e-5,0.0,0.0,59.251443215374984,0.0,-20.88597608166901]
525.0,[-0.02608817351816917,-0.0012230649892192352,-0.003296877955107018,9.30154678468212e-5,0.0,0.0,59.251286863341086,0.0,-20.8903069500032]
526.0,[-0.02608824898927759,-0.0012230649892192352,-0.003296877955107018,9.30154678468212e-5,0.0,0.0,59.251284597369576,0.0,-20.890401786536067]
527.0,[-0.02608821125372338,-0.0012241748485560947,-0.0032925626698254644,9.30154678468212e-5,0.0,0.0,59.251283464383825,0.0,-20.89043339871369]
528.0,[-0.02664628236492479,-0.0007069803975795398,-0.0019461936619807134,6.939100264223215e-5,0.0,0.0,59.22614137754121,0.0,-21.591907620141814]
529.0,[-0.02664775405153895,-0.0007058705382426802,-0.0019505089472622672,6.914706455830867e-5,0.0,0.0,59.225914780390625,0.0,-21.5982616678438]
530.0,[-0.026093494231312683,-0.0012197354112086565,-0.0032882473845439104,9.265894295493303e-5,0.0,0.0,59.2509016481851,0.0,-20.901118314749862]
531.0,[-0.025521234551728576,-0.0018878707319981117,-0.005079090776388691,0.000115776767523681,0.0,0.0,59.27554408831069,0.0,-20.21349022712009]
532.0,[-0.025515838367476645,-0.001894529888019269,-0.005096351917514906,0.00011613329241556917,0.0,0.0,59.27591004270887,0.0,-20.203311105925867]
533.0,[-0.026083154689459334,-0.0012286142859035329,-0.003309823810951679,9.339075720670347e-5,0.0,0.0,59.25165395072502,0.0,-20.880096216631355]
534.0,[-0.026084701847181913,-0.0012275044265666734,-0.0033141390962332326,9.318434805876822e-5,0.0,0.0,59.251443215374984,0.0,-20.88597608166901]
535.0,[-0.02608821125372338,-0.0012241748485560947,-0.0032925626698254644,9.30154678468212e-5,0.0,0.0,59.251286863341086,0.0,-20.8903069500032]
536.0,[-0.02608821125372338,-0.0012230649892192352,-0.003296877955107018,9.299670337882708e-5,0.0,0.0,59.251284597369576,0.0,-20.890401786536067]
537.0,[-0.025517498731861855,-0.0018923101693455499,-0.005087721346951799,0.00011592688326763392,0.0,0.0,59.27570383930185,0.0,-20.209064522253037]
538.0,[-0.025515800631922436,-0.0018934200286824096,-0.005096351917514906,0.00011615205688356328,0.0,0.0,59.275913441666134,0.0,-20.203247881570622]
539.0,[-0.026083116953905125,-0.0012275044265666734,-0.003305508525670125,9.340952167469758e-5,0.0,0.0,59.25165508371077,0.0,-20.880096216631355]
540.0,[-0.026084701847181913,-0.0012286142859035329,-0.0033141390962332326,9.318434805876822e-5,0.0,0.0,59.25144208238923,0.0,-20.88597608166901]
541.0,[-0.02608821125372338,-0.0012241748485560947,-0.003296877955107018,9.303423231481531e-5,0.0,0.0,59.251286863341086,0.0,-20.890338562180823]
542.0,[-0.02608821125372338,-0.0012230649892192352,-0.003296877955107018,9.303423231481531e-5,0.0,0.0,59.251284597369576,0.0,-20.890401786536067]
543.0,[-0.02608824898927759,-0.0012241748485560947,-0.0033011932403885715,9.30154678468212e-5,0.0,0.0,59.251283464383825,0.0,-20.890401786536067]
544.0,[-0.025517460996307646,-0.0018923101693455499,-0.005092036632233352,0.00011592688326763392,0.0,0.0,59.27570270631609,0.0,-20.20909613443066]
545.0,[-0.025515762896368227,-0.001894529888019269,-0.005092036632233352,0.00011615205688356328,0.0,0.0,59.275913441666134,0.0,-20.203216269393]
546.0,[-0.026083116953905125,-0.0012286142859035329,-0.003309823810951679,9.340952167469758e-5,0.0,0.0,59.25165508371077,0.0,-20.880096216631355]
547.0,[-0.026084664111627704,-0.0012275044265666734,-0.003309823810951679,9.31655835907741e-5,0.0,0.0,59.251443215374984,0.0,-20.886007693846633]
548.0,[-0.02608817351816917,-0.0012241748485560947,-0.003296877955107018,9.303423231481531e-5,0.0,0.0,59.251286863341086,0.0,-20.890338562180823]
549.0,[-0.02608821125372338,-0.0012241748485560947,-0.0033011932403885715,9.305299678280943e-5,0.0,0.0,59.251284597369576,0.0,-20.890370174358445]
550.0,[-0.02608824898927759,-0.0012241748485560947,-0.0033011932403885715,9.30154678468212e-5,0.0,0.0,59.251283464383825,0.0,-20.89043339871369]
551.0,[-0.02608824898927759,-0.0012241748485560947,-0.0033011932403885715,9.30154678468212e-5,0.0,0.0,59.251283464383825,0.0,-20.89043339871369]
552.0,[-0.02608821125372338,-0.0012241748485560947,-0.0033011932403885715,9.30154678468212e-5,0.0,0.0,59.251283464383825,0.0,-20.89043339871369]
553.0,[-0.02608821125372338,-0.0012241748485560947,-0.0033011932403885715,9.30154678468212e-5,0.0,0.0,59.251283464383825,0.0,-20.89043339871369]
554.0,[-0.02608824898927759,-0.0012241748485560947,-0.003296877955107018,9.303423231481531e-5,0.0,0.0,59.251283464383825,0.0,-20.89043339871369]
555.0,[-0.02608824898927759,-0.0012241748485560947,-0.0033011932403885715,9.303423231481531e-5,0.0,0.0,59.251283464383825,0.0,-20.89043339871369]
556.0,[-0.02608824898927759,-0.0012241748485560947,-0.003296877955107018,9.303423231481531e-5,0.0,0.0,59.251284597369576,0.0,-20.89043339871369]
557.0,[-0.027188504543358288,-0.0003418366757527445,-0.0010270378970097778,4.503472318587268e-5,0.0,0.0,59.20029004161727,0.0,-22.313234289116444]
558.0,[-0.02719107056104452,-0.0003418366757527445,-0.0010270378970097778,4.45093180820375e-5,0.0,0.0,59.19981985252982,0.0,-22.326321730651877]
559.0,[-0.026098890415564614,-0.0012141861145243587,-0.0032709862434176958,9.224612465906253e-5,0.0,0.0,59.25050736914309,0.0,-20.91202451602939]
560.0,[-0.02609568289345682,-0.0012164058331980779,-0.003283932099262357,9.271523635891537e-5,0.0,0.0,59.25095263254398,0.0,-20.89966415457926]
561.0,[-0.026088324460386007,-0.0012230649892192352,-0.003296877955107018,9.30154678468212e-5,0.0,0.0,59.25127553348356,0.0,-20.89065468395704]
562.0,[-0.026088286724831797,-0.0012241748485560947,-0.0032925626698254644,9.303423231481531e-5,0.0,0.0,59.25128119841232,0.0,-20.890465010891308]
563.0,[-0.02608824898927759,-0.0012230649892192352,-0.003296877955107018,9.30154678468212e-5,0.0,0.0,59.251283464383825,0.0,-20.890401786536067]
564.0,[-0.02664628236492479,-0.0007080902569163994,-0.0019505089472622672,6.939100264223215e-5,0.0,0.0,59.22614137754121,0.0,-21.591939232319437]
565.0,[-0.02664771631598474,-0.0007058705382426802,-0.0019505089472622672,6.914706455830867e-5,0.0,0.0,59.225914780390625,0.0,-21.5982616678438]
566.0,[-0.026093494231312683,-0.001218625551871797,-0.0032882473845439104,9.264017848693891e-5,0.0,0.0,59.2509016481851,0.0,-20.901118314749862]
567.0,[-0.0260919470735901,-0.001220845270545516,-0.0032925626698254644,9.290288103885651e-5,0.0,0.0,59.251120314435404,0.0,-20.894985552291228]
568.0,[-0.026088286724831797,-0.0012230649892192352,-0.0032925626698254644,9.30154678468212e-5,0.0,0.0,59.25127893244081,0.0,-20.890528235246553]
569.0,[-0.02608824898927759,-0.0012241748485560947,-0.0032925626698254644,9.30154678468212e-5,9.680235920207737e-6,0.0,59.251283464383825,0.0,-20.890465010891308]
570.0,[-0.02608824898927759,-0.0012230649892192352,-0.0032925626698254644,9.297793891083297e-5,0.0,0.0,59.251283464383825,0.0,-20.890401786536067]
571.0,[-0.02608821125372338,-0.0012241748485560947,-0.0032925626698254644,9.30154678468212e-5,0.0,0.0,59.251283464383825,0.0,-20.89043339871369]
572.0,[-0.02608821125372338,-0.0012241748485560947,-0.0032925626698254644,9.30154678468212e-5,0.0,0.0,59.251283464383825,0.0,-20.89043339871369]
573.0,[-0.02608821125372338,-0.0012230649892192352,-0.003296877955107018,9.30154678468212e-5,0.0,0.0,59.251283464383825,0.0,-20.89043339871369]
574.0,[-0.02608821125372338,-0.0012241748485560947,-0.0032925626698254644,9.30154678468212e-5,0.0,0.0,59.251283464383825,0.0,-20.89043339871369]
575.0,[-0.025517498731861855,-0.0018923101693455499,-0.005087721346951799,0.00011592688326763392,0.0,0.0,59.27570383930185,0.0,-20.209064522253037]
576.0,[-0.025515762896368227,-0.001894529888019269,-0.005092036632233352,0.00011615205688356328,0.0,0.0,59.275913441666134,0.0,-20.203247881570622]
577.0,[-0.026083116953905125,-0.0012275044265666734,-0.003305508525670125,9.340952167469758e-5,0.0,0.0,59.25165508371077,0.0,-20.880064604453732]
578.0,[-0.026084664111627704,-0.0012275044265666734,-0.003309823810951679,9.318434805876822e-5,0.0,0.0,59.251443215374984,0.0,-20.88597608166901]
579.0,[-0.02608813578261496,-0.0012241748485560947,-0.003296877955107018,9.30154678468212e-5,0.0,0.0,59.251286863341086,0.0,-20.890338562180823]
580.0,[-0.02664624462937058,-0.0007080902569163994,-0.0019505089472622672,6.939100264223215e-5,0.0,0.0,59.226143643512714,0.0,-21.591876007964192]
581.0,[-0.025519272302909693,-0.0018912003100086904,-0.005083406061670245,0.00011570170965170456,0.0,0.0,59.27548743902304,0.0,-20.215102448178804]
582.0,[-0.024938861743616376,-0.0027058370632636075,-0.0073057779816703946,0.00013814401337266445,0.0,0.0,59.29944555575388,0.0,-19.546631340187854]
583.0,[-0.026640093734034462,-0.000711419834926978,-0.001963454803106928,7.00102300860379e-5,0.0,0.0,59.22673279610422,0.0,-21.575406063423227]
584.0,[-0.026640923916227067,-0.0007125296942638375,-0.0019591395178253745,6.94472960462145e-5,0.0,0.0,59.22623428237294,0.0,-21.58934703375445]
585.0,[-0.026093418760204264,-0.0012197354112086565,-0.0032882473845439104,9.265894295493303e-5,0.0,0.0,59.250908446099615,0.0,-20.900928641684132]
586.0,[-0.025521196816174367,-0.0018889805913349712,-0.005079090776388691,0.000115776767523681,0.0,0.0,59.27554635428219,0.0,-20.213458614942468]
587.0,[-0.025515838367476645,-0.001894529888019269,-0.005092036632233352,0.00011613329241556917,0.0,0.0,59.27591004270887,0.0,-20.20334271810349]
588.0,[-0.025512178018718343,-0.0018989693253667072,-0.005104982488078013,0.00011628340815952207,0.0,0.0,59.27606412877127,0.0,-20.1990118497693]
589.0,[-0.026641414478431786,-0.000711419834926978,-0.001963454803106928,6.978505647010853e-5,0.0,0.0,59.22652545971144,0.0,-21.58122270410564]
590.0,[-0.027709632546988786,-0.00012874368307570896,-0.0005307800896311037,1.9871571605766317e-5,0.0,0.0,59.17368413718191,0.0,-23.05558305620958]
591.0,[-0.026096814960083103,-0.0012175156925349373,-0.003283932099262357,9.215230231909197e-5,0.0,0.0,59.25044392194093,0.0,-20.913889634509076]
592.0,[-0.025528932604787273,-0.0018778819979663756,-0.0050488837794178155,0.00011547653603577519,0.0,0.0,59.27522232035686,0.0,-20.22253130991993]
593.0,[-0.02664503709163588,-0.0007080902569163994,-0.001954824232543821,6.963494072615563e-5,0.0,0.0,59.22635211289125,0.0,-21.58605936728178]
594.0,[-0.026644320116105905,-0.0007080902569163994,-0.0019505089472622672,6.931594477025569e-5,0.0,0.0,59.22607339839603,0.0,-21.59386757515437]
595.0,[-0.026093456495758473,-0.0012197354112086565,-0.0032882473845439104,9.264017848693891e-5,0.0,0.0,59.2509039141566,0.0,-20.901023478216995]
596.0,[-0.02609190933803589,-0.001220845270545516,-0.0032925626698254644,9.288411657086239e-5,0.0,0.0,59.251120314435404,0.0,-20.89495394011361]
597.0,[-0.026088286724831797,-0.0012230649892192352,-0.003296877955107018,9.30154678468212e-5,0.0,0.0,59.25128006542656,0.0,-20.890528235246553]
598.0,[-0.02608824898927759,-0.0012230649892192352,-0.0032925626698254644,9.299670337882708e-5,0.0,0.0,59.25128233139807,0.0,-20.89043339871369]
599.0,[-0.02608817351816917,-0.0012230649892192352,-0.0032925626698254644,9.299670337882708e-5,0.0,0.0,59.251283464383825,0.0,-20.89043339871369]
