81.0,[0.02503877091693404,0.006194551349908746,-2.209258479397102,-0.00019304896148821232,-0.041849152198957275,-0.4178946918243823,0.9100250723230723,0.08260904018463315,-0.550515958281565]
87.0,[0.032652825179074633,-0.0024986731249949947,1.2824140897748704,9.750480969616776e-5,-0.041849152198957275,0.19548697814171037,0.7699953195489038,0.08260903816339107,-1.3403022871484238]
88.0,[0.023297429227989268,0.0027320523470044738,1.1459027930395127,0.00011770688941888148,-4.815523883334151,0.3081381376730218,1.6189852807751512,9.505674942062472,-1.4620058643931193]
89.0,[0.04572234725884398,-0.1273268540899924,-1.8093066327140548,-0.0002818515961314091,-7.740654485405117,-0.12064980839144686,2.2523262515816604,15.279741375594652,-0.8985977336019507]
90.0,[0.038872812299621834,-0.053747436888715514,-2.242048220287586,-0.00015318974134565007,0.0,-0.45463716449397806,0.8568778243167532,0.0,-0.8072280042181122]
91.0,[0.04820017967966236,-0.11411577158486359,-1.3826141994551222,-7.594880861272712e-5,2.9084633619290957e-7,-0.3648591223445936,0.8287941202148144,0.0,-0.9656238104936719]
94.0,[0.04051462771659648,0.057557883095343015,0.9745040648045763,7.100502937023879e-5,0.0,0.035695102422627106,0.7758921103466339,0.0,-1.2639981444580268]
95.0,[0.04937106725391446,-0.001986653256101471,-0.08945930740560457,7.674093687771674e-6,-3.005269529006552,0.03001455255290072,1.3481040752082176,5.932256846534002,-1.1277946827793217]
96.0,[0.039576176683576395,-0.06831494772055395,-2.2065326259096594,-0.00013786964362489358,0.0,-0.3322125615629993,0.8529377772099866,0.0,-0.8294503911217292]
97.0,[0.05031630918825795,-0.06176184102046701,-0.6819144686927814,-3.294354713403594e-5,-1.4542316809645478e-7,-0.25666004095241424,0.8132658127791813,0.0,-1.0532055186413531]
98.0,[0.04805256499262975,0.024550382825768588,0.18899752734155686,2.1438024533335802e-5,0.0,-0.03613880105751009,0.7944444709673527,0.0,-1.1593603763001286]
99.0,[0.05021937781354148,-0.07652120775819117,-0.8382722192442459,-3.652216915388261e-5,-0.6997296040431814,-0.116487492626116,0.943682821871108,1.381243737985028,-1.037367212505251]
100.0,[0.049184197844597766,-0.10870026230461506,-1.228057222639286,-6.89544845707976e-5,0.0,-0.2245899865603617,0.825098554761511,0.0,-0.9864672885297363]
101.0,[0.05012373468568854,-0.030390217964216173,-0.36830400111120903,-1.1426871567296913e-5,0.0,-0.13902859062139583,0.8063745914319964,0.0,-1.0920729186662428]
102.0,[0.04972734112578385,-0.012824642884268949,-0.1968914207706138,-4.719062004193416e-7,1.4542316809645478e-7,-0.06687474118685321,0.802591298193083,0.0,-1.113411193018493]
103.0,[0.04999178139981098,-0.08669037900986394,-0.9579002082435272,-4.412884767016581e-5,0.0,-0.15349256244696907,0.818738329644583,0.0,-1.0223397995714796]
104.0,[0.04973144511222048,-0.0933921007902868,-1.0418626387644898,-4.9522061389244e-5,0.0,-0.20729479487410657,0.8207346948442955,0.0,-1.0110800357496879]
105.0,[0.05003572902138359,-0.02526496777696904,-0.31832620616015755,-7.34263576128666e-6,0.0,-0.1204626701917003,0.8052862952107118,0.0,-1.0982110533229574]
106.0,[0.04299551512283407,0.060011900975260865,0.7857456368519975,6.0016356417616974e-5,0.0,0.06947354747688213,0.7807064571371007,0.0,-1.2368445916788728]
107.0,[0.04161364951939086,0.059776804243825345,0.8936944939846218,6.87859466420764e-5,-2.390881802007111,0.15313337783777808,1.2136972295488846,4.719530802786067,-1.2539464667184002]
108.0,[0.05074102577563343,-0.06713602904452426,-0.6418270771820269,-2.8314372025160495e-5,-2.7334273832668234,-0.045052012409955364,1.3110379402479648,5.3956805539776065,-1.0572563688200647]
116.0,[0.0450292336392177,-0.11715596532889357,-1.8615621956477637,-0.00010971257366653953,0.0,-0.30911004896847977,0.8418408522511912,0.0,-0.8920385158807574]
117.0,[0.04840782667053494,-0.11295918053137245,-1.3514638251560696,-6.152757984515034e-5,0.0,-0.31359532904627646,0.8279905659022464,0.0,-0.97015596311725]
118.0,[0.05023378777488627,-0.03765730343570614,-0.4392641225423791,-1.5089762551504184e-5,1.4542316809645478e-7,-0.15599779963712468,0.8079005391494186,0.0,-1.083466371675216]
119.0,[0.042394529557475996,0.060376215033514626,0.8353831518162161,6.285902948204777e-5,0.0,0.06983575044413355,0.7794681720174186,0.0,-1.2438286835642998]
120.0,[0.03749372562869851,0.040965024530334,1.1386479032671453,8.83026387879906e-5,-2.5455368690838336,0.20052763610262594,1.234272317591331,5.024783713924371,-1.2969597536271338]
121.0,[0.05016352311024464,-0.022161731334006632,-0.19971002313942332,-1.6853792872119341e-6,-3.6548047269263932,0.032749184955648915,1.4697284527510488,7.2144606586655415,-1.1099408027847413]
122.0,[0.05094609627277897,-0.058763170592560796,-0.5102429142029152,-2.5067207931798833e-5,0.0,-0.10053547027675153,0.8104604213845884,0.0,-1.0690282972268312]
123.0,[0.033857115154145107,0.007342655886235897,1.2538739339942837,0.0001021789282527022,0.0,0.14702120276541042,0.7637489027306316,0.0,-1.3324874418144754]
124.0,[0.03731690454491726,0.03955363590199096,1.1450379398340405,9.107789668093292e-5,-4.450333442607963,0.245633978957669,1.581229378305682,8.784802767624967,-1.2993260475830575]
125.0,[0.04831374784244484,-0.13157152709151024,-1.482598095834006,-8.269594369253223e-5,-3.6873347262442255,-0.13366496834801442,1.5044017663612033,7.27866473175568,-0.9478338318634895]
126.0,[0.050968751014050274,-0.06489579057316573,-0.5705567890371951,-2.9505373388123595e-5,1.4542316809645478e-7,-0.18660998708599025,0.81201437773952,0.0,-1.060263777815041]
127.0,[0.04980522485044686,-0.09245252210427461,-1.0266042432487228,-5.131418136464602e-5,0.0,-0.1917985445918668,0.8203530062323874,0.0,-1.013232810013721]
141.0,[0.03625463458478641,0.030618747747846235,1.193417322245173,9.525201938226114e-5,0.0,0.10281734897043546,0.7681455896188172,0.0,-1.3076895461356335]
142.0,[0.033979609027339104,0.008457622593637028,1.2478530861564656,0.00010489800683607078,-3.9294811702123216,0.2639373022361073,1.480312478443231,7.7566267184412165,-1.3327544013933432]
143.0,[0.05050976706010521,-0.10255390224860178,-0.9662855502907355,-7.968473269938024e-5,-4.407285858080723,-0.047810791677186985,1.6236912782610637,8.699880035837987,-1.0155842453863722]
144.0,[0.04763611158870741,-0.13226277412050974,-1.5504210164662169,-8.775769948512541e-5,0.0,-0.28164299061858067,0.8338371895563217,0.0,-0.937180232269371]
145.0,[0.046480609362711055,-0.12127071379382952,-1.6140491581457017,-0.00012499896380155178,1.4542316809645478e-7,-0.32872032128708356,0.8340297814632015,0.0,-0.9360939884369462]
146.0,[0.04799924997600669,-0.11495886665311861,-1.45227463201623,-7.667913963718563e-5,0.0,-0.30415390503325623,0.8302696053972906,0.0,-0.9573018788753344]
147.0,[0.04804027143684645,-0.115809336908909,-1.421907805085088,-5.6106276471285286e-5,-1.4542316809645478e-7,-0.29016381542317027,0.8295655215043155,0.0,-0.9612730051736529]
148.0,[0.049654904845000854,-0.09584268365135257,-1.074008557874577,-4.644905315556091e-5,0.0,-0.2413056534990146,0.8215420989001574,0.0,-1.0065261700646555]
149.0,[0.04754033963616811,-0.11900976417939224,-1.4679991810006847,-0.00012931353477681434,1.4542316809645478e-7,-0.27270563240165197,0.8305257332688392,0.0,-0.9558572837971238]
150.0,[0.05028382696377066,-0.069574286249709,-0.7640237283827981,-3.942102152788714e-5,1.4542316809645478e-7,-0.20354297580499398,0.8148057891096415,0.0,-1.0445198484169727]
151.0,[0.047457174099364674,0.03284565026366136,0.2857617125529928,2.8173923751226166e-5,1.4542316809645478e-7,-0.02639855959650741,0.7923576707092774,0.0,-1.1711302058145718]
152.0,[0.0469061541087845,-0.11975546636019395,-1.6068749719454327,-3.2145800938088955e-5,-0.961468620602577,-0.21373295261700048,1.0089943973148654,1.897894277968566,-0.9382147042207462]
153.0,[0.03781670752090925,-0.03940976923006823,-2.2844224137629494,-0.00016293123362573505,0.0,-0.4410907735187751,0.856550401900777,0.0,-0.8090747099583164]
154.0,[0.03868636617141744,-0.05388867678151606,-2.247274679979152,-0.00014548194007213416,-2.9084633619290957e-7,-0.49645651542121455,0.85437693991662,0.0,-0.8213333230721775]
155.0,[0.04465422497724743,-0.11764636478501218,-1.6069111078732379,0.002030994399709528,1.4542316809645478e-7,-0.41647908189404137,0.8402827044337484,0.0,-0.9008266756955912]
156.0,[0.04989203428552139,-0.019197411094621294,-0.25926082763154906,-6.308936465130007e-6,0.0,-0.16665562194849762,0.8042230587429023,0.0,-1.104207847654964]
157.0,[0.050147548849137004,-0.07990460029753119,-0.8768804467768389,-3.9325516701611795e-5,0.0,-0.14851529000532251,0.8170015314394686,0.0,-1.0321355712061069]
158.0,[0.043069239650480574,-0.10437789725906027,-1.9892490988130793,-0.0001141282673990348,0.0,-0.3370389161016244,0.8442841325395395,0.0,-0.8782580918374991]
159.0,[0.04878623998493024,-0.10957659623176234,-1.28633483794174,-6.706124183816286e-5,0.0,-0.30911608568460064,0.8264944867409716,0.0,-0.978594047500351]
160.0,[0.05015209452021257,-0.031601365199475755,-0.37998072391601223,-1.0887550195389095e-5,0.0,-0.14453407572361734,0.8066402657761148,0.0,-1.0905744802198536]
161.0,[0.04957718675207744,-0.09748118764379833,-1.0938140576391713,-5.256697996814022e-5,-1.4542316809645478e-7,-0.1826529196687685,0.821774205375737,0.0,-1.0052170588374563]
162.0,[0.048211313813268486,-0.11501978772276004,-1.4006857769505279,-5.429168477205377e-5,0.0,-0.263315520475659,0.8289275101429432,0.0,-0.964871473653121]
163.0,[0.04995484552188124,-0.021855206416440936,-0.2851263224890838,-7.202187487352332e-6,0.0,-0.13823476245150312,0.804660889081543,0.0,-1.1017384266252752]
164.0,[0.049716556659183536,-0.09395988920054363,-1.0473065162883506,-5.574111095905604e-5,1.4542316809645478e-7,-0.17134615037440346,0.820719374032889,0.0,-1.0111664471527821]
165.0,[0.04590065902828158,-0.11799259447930936,-1.7447461840971945,-9.607785523299499e-5,-1.4542316809645478e-7,-0.3099551892253997,0.8375985888594789,0.0,-0.9159654426110945]
166.0,[0.05002698734623828,-0.025206875546382266,-0.3177805536502983,-9.449359870301577e-6,1.4542316809645478e-7,-0.16581953676575895,0.805430605519606,0.0,-1.0973971240902538]
167.0,[0.044066802811009546,0.05769811268848118,0.6890284283467084,5.1774851703150615e-5,0.0,0.0540557745042135,0.7830849241023646,0.0,-1.2234297233518436]
168.0,[0.04911711699006169,0.004419151753210661,-0.025031959456160328,1.1415635705382168e-5,-2.098909454223631,0.018689673110173097,1.1815205362352006,4.143185346892491,-1.1351083585126502]
169.0,[0.04546729278339391,-0.11076834571350425,-1.7979135769425227,-0.000265407912219178,-0.12744551978686675,-0.2562646360464981,0.8622197024222368,0.2515734482215588,-0.9081876115258181]
170.0,[0.0494425281477865,-0.10075071941118828,-1.1414785509452232,-3.2022206457026747e-5,0.0,-0.2766264795221485,0.82318848565482,0.0,-0.9972403309709389]
171.0,[0.04684886393041117,0.0398202539828927,0.37423330459858717,3.182557887351869e-5,0.0,-0.0359275159932801,0.7904876707708008,0.0,-1.1816772528463695]
172.0,[0.042644799116004425,0.060239622519161026,0.8140406705889719,6.270172741524132e-5,-1.203759324353425,0.11335141860133081,0.9993783325556986,2.376165411912871,-1.2416654692498668]
173.0,[0.037397916869105964,0.040020293316043676,1.1486509303491022,8.713972707981437e-5,-2.478635376870564,0.2016897039558909,1.2221019350864704,4.892722849959114,-1.2967887734754688]
174.0,[0.04280446811297425,0.05728540527639948,0.8235654988929725,6.0055681934318584e-5,-3.6880720217064744,0.1704889366852418,1.4528504652917897,7.2801603384862945,-1.2393693120360025]
175.0,[0.050699249770202175,-0.09894288919532783,-0.9397605747507549,-7.193198797820535e-5,-2.476685106763222,-0.09373209120854575,1.2711518826543649,4.88889768309264,-1.0181473835887673]
176.0,[0.04960709248283769,-0.11255829362534059,-1.1890731814575186,-3.223006990244955e-5,0.0,-0.2321902121565206,0.8249001547116082,0.0,-0.9875862910571591]
177.0,[0.05025035094884579,-0.07262326960080168,-0.7969080249510393,-3.617385743452548e-5,-1.4542316809645478e-7,-0.1949798939875584,0.8154836943633458,0.0,-1.040696373107264]
178.0,[0.04981435299965122,-0.01614630611423763,-0.22950289108392538,-2.9325599597487655e-6,0.0,-0.0952956006838477,0.8033620902339964,0.0,-1.1090638239411055]
179.0,[0.05008893361684691,-0.02805874943334485,-0.3455034351970229,-1.1539230186444376e-5,0.0,-0.0775265267821053,0.8056925542687049,0.0,-1.0959196984926263]
180.0,[0.05034192689731535,-0.04881151685819815,-0.5487668245706292,-2.2162737626836932e-5,0.0,-0.10932492894871923,0.8100089254640821,0.0,-1.071574793946037]
181.0,[0.04994437391523349,-0.0883507054750171,-0.9754857575099523,-4.2752454585609396e-5,1.4542316809645478e-7,-0.1756533473266349,0.8192155635917668,0.0,-1.0196481369769779]
182.0,[0.045937318853311995,-0.12142397625261238,-1.6889438798494,-9.488123593907451e-5,0.0,-0.29717546119754557,0.8359933851879047,0.0,-0.925019003668161]
183.0,[0.04222260381177612,-0.11260699006906724,-1.933248046962356,-0.00010888111988484832,-2.9084633619290957e-7,-0.37199753915750694,0.8414408297335375,0.0,-0.8942946957985539]
184.0,[0.04307361968981654,-0.10643799930061668,-1.9683577144179372,-5.031980758519098e-5,-1.4542316809645478e-7,-0.4021992299101543,0.8442211171394419,0.0,-0.8786135070302387]
185.0,[0.046907681601494104,-0.11676801025854015,-1.6802929387328231,-9.513966076311368e-5,0.0,-0.36581292349168903,0.8362569221333656,0.0,-0.923532620432952]
186.0,[0.046512778727245775,-0.11961786354617798,-1.6504621280641256,-7.414545277541036e-5,-1.4542316809645478e-7,-0.3387322149735248,0.8352234873748735,0.0,-0.9293613291819964]
187.0,[0.04555572172881115,-0.11770950851391085,-1.733547057804884,-8.987565945605507e-5,0.0,-0.3474914900648882,0.8373084431497033,0.0,-0.9176019027970617]
188.0,[0.04574284878750055,-0.11769465710887389,-1.7491083928487516,-9.685874763606986e-5,-1.4542316809645478e-7,-0.35476573299052083,0.8376222042209905,0.0,-0.9158322488481367]
189.0,[0.04819068345992557,-0.11443047992969456,-1.3917066011563866,-7.224097418086087e-5,0.0,-0.3058351304729149,0.8288893815049024,0.0,-0.9650865242156369]
190.0,[0.04995418299492286,-0.08689385336186702,-0.9598280599919372,-4.6106359367161146e-5,-1.4542316809645478e-7,-0.2248767305761024,0.8190272554503123,0.0,-1.0207102198057127]
191.0,[0.04773206757651293,-0.11739540634887732,-1.4732870717695197,-6.483092324808573e-5,0.0,-0.266837944332179,0.8306583404196166,0.0,-0.9551093619243871]
192.0,[0.04664592824235374,-0.12030365495700064,-1.6096935743142422,-0.00011056088124110288,0.0,-0.31632694309096426,0.8340294950109329,0.0,-0.9360956040656354]
193.0,[0.04962799888907994,-0.09577398327431082,-1.0717277785646022,-5.933096884081746e-5,0.0,-0.2530832866508065,0.8215385796736387,0.0,-1.0065460189677733]
194.0,[0.050321683018031485,-0.04794649828726951,-0.5407669324200102,-2.2775092101190604e-5,0.0,-0.15139178523691085,0.8099780516605499,0.0,-1.0717489262821953]
195.0,[0.049289944508566025,-0.10286658999410798,-1.172444632012469,-6.489272048861684e-5,-1.4542316809645478e-7,-0.20165348365916574,0.8235527339080437,0.0,-0.9951859226370369]
196.0,[0.04837705597402347,-0.11301636349226309,-1.3577623173725246,-7.005559903844273e-5,0.0,-0.2622349482900256,0.8279203384962257,0.0,-0.9705520549774586]
197.0,[0.04814507952095701,0.02315687650144965,0.17336994309671294,1.9578489386445303e-5,1.4542316809645478e-7,-0.07627088982896704,0.794918477286006,0.0,-1.1566869179575163]
198.0,[0.04486855244828369,0.054397261631557496,0.6083489468668528,4.881982001957236e-5,-0.657613309484431,0.07090424919752522,0.9048315323238656,1.298108229198498,-1.2131738321882533]
199.0,[0.04999454192880424,-0.021134155547401258,-0.2553268296244841,-3.0393006479388545e-6,-1.862664718686393,-0.015789031014101333,1.143545048414227,3.676831485751396,-1.1062900326933325]
200.0,[0.05063934629104856,-0.05762597729258734,-0.5676610966890677,-2.6904271354859842e-5,0.0,-0.10750184068022044,0.8110371642478114,0.0,-1.065775391182021]
201.0,[0.047266623984723644,0.03514387993564042,0.31405253043172326,2.9044703049619e-5,0.0,-0.01393877752305868,0.7917022502481939,0.0,-1.1748268639194284]
202.0,[0.04128291974247238,0.05928893053686267,0.9191835729275185,7.078031213194386e-5,-1.0386995204457379,0.1267800936121771,0.9665129074907134,2.050344546905457,-1.2572538729199652]
203.0,[0.0486336011351299,0.014235122242915848,0.1108529811972396,1.7460529415515637e-5,-2.8174944808190308,0.053255909618199954,1.3099692064146589,5.561606209491369,-1.1497437955170038]
204.0,[0.050478517871901565,-0.03448314395644475,-0.3077702993827805,-1.219652810845703e-5,-0.4733657910854252,-0.0543425185199542,0.8921454418033138,0.9344111005607982,-1.0952117647479536]
205.0,[0.03853922997607699,0.0480998617760186,1.0917488893651013,8.024652579511756e-5,1.4542316809645478e-7,0.11720586184449798,0.7721798885348937,0.0,-1.2849355665591131]
206.0,[0.04411045597615621,0.05739855883858589,0.6827787196327904,5.634784750245233e-5,-3.442384232748893,0.14479667287487463,1.4107089919034026,6.795154637176017,-1.2243286978043249]
207.0,[0.04924940153941843,-0.12197317514908143,-1.3210524305806344,-9.752728141999725e-5,-2.080156700428089,-0.14864507940192093,1.2072264348571735,4.106122665608692,-0.9708112719132275]
208.0,[0.049812770296361754,-0.10639708216429034,-1.1135490923445452,-7.141513833012702e-5,0.0,-0.24425760768211363,0.8231225013053307,0.0,-0.9976124914310038]
209.0,[0.05034367523234441,-0.059244780441616726,-0.6545920936792317,-2.999975131237243e-5,-1.4542316809645478e-7,-0.17186228960273675,0.8124127095826904,0.0,-1.0580171335249862]
210.0,[0.050340822685718045,-0.06524990060482946,-0.7167115603728472,-3.064581337247034e-5,0.0,-0.1492125307172815,0.8136358416980227,0.0,-1.0511185065886548]
211.0,[0.05021575231879701,-0.03520621542480919,-0.41531985451315684,-1.4331341872258813e-5,0.0,-0.11369551142021966,0.8072614735212325,0.0,-1.0870707863589812]
212.0,[0.050190097802686365,-0.0771151629297036,-0.8453940083491973,-3.867383671055651e-5,0.0,-0.15166041910428898,0.8163437915828912,0.0,-1.0358453110083776]
213.0,[0.04291152142733265,-0.10677301466866146,-1.9593839590129667,-2.2595318310554665e-5,0.0,-0.3312165034030579,0.8435095800912404,0.0,-0.8826266701099987]
214.0,[0.04141928987473914,-0.08938151422054208,-2.093309127848395,-0.00012126303971489867,-1.4542316809645478e-7,-0.42781905312707114,0.8481100485816584,0.0,-0.8566794192366799]
215.0,[0.04342788757728416,-0.11048798755719416,-2.0396840132508673,-0.00010795416127688176,0.0,-0.41286308893764806,0.8428191509397657,0.0,-0.886520781859896]
216.0,[0.046539684683166695,-0.12064483315298592,-1.6191967210615597,-8.984195187031084e-5,0.0,-0.3519888435749266,0.8344464320795939,0.0,-0.9337440238425635]
217.0,[0.046286691402698255,-0.11905027719585362,-1.6699821539990585,-9.111160426667716e-5,0.0,-0.3357742240743049,0.8355584668231852,0.0,-0.9274720007797143]
218.0,[0.04272159703259676,-0.10478908922164841,-1.984362919108346,-0.00018650968985383,1.4542316809645478e-7,-0.38764168898470774,0.84444047884325,0.0,-0.877376278001812]
219.0,[0.045340934169609354,-0.11948046279209447,-1.7471703025874634,-0.00015894250264600012,0.0,-0.374886107821337,0.8377985360763814,0.0,-0.914837713857121]
220.0,[0.05013810783998008,-0.07908949052992405,-0.8687028863145106,-4.126370288190552e-5,-1.4542316809645478e-7,-0.23742404503330355,0.8171383124411661,0.0,-1.0313641082620306]
221.0,[0.05001607405495162,-0.08502732473562237,-0.9374785909098533,-4.5128839380578226e-5,-1.4542316809645478e-7,-0.19059723808381626,0.8184320023207619,0.0,-1.0240675262012988]
222.0,[0.04901887896495508,-0.10780675328320734,-1.252742277188516,-6.287588327491989e-5,0.0,-0.23463206382740723,0.8254411187067767,0.0,-0.9845351825612947]
223.0,[0.05006885536930264,-0.02711593778841305,-0.3361448321609265,-8.983071600839609e-6,0.0,-0.1353160102070688,0.8057062187886165,0.0,-1.0958426287926712]
224.0,[0.049693036952161006,-0.011747259324308305,-0.18616507286708867,-3.4269378839975994e-7,0.0,-0.06374772223624932,0.8023609141108867,0.0,-1.1147105897191583]
225.0,[0.04997727942083308,-0.08757974580265591,-0.9675015242613821,-4.4398508356119716e-5,0.0,-0.1542380968878949,0.8189620422401933,0.0,-1.0210780309377177]
226.0,[0.04748365677417329,0.0324680002498642,0.281286880159776,2.646607274018474e-5,0.0,-0.037494043826642474,0.792490590364097,0.0,-1.1703805213776972]
227.0,[0.045665204308683614,0.04971290621697243,0.5207608782560967,4.2982789754861696e-5,-0.9496960334524965,0.06531726842767212,0.9601014152581412,1.87466669054831,-1.2018742876887523]
228.0,[0.050212347666372,-0.02942376530718471,-0.32503965928090967,-7.2190412802244515e-6,-1.6122290087136306,-0.030515599990931848,1.099466176792806,3.182483789727593,-1.09730872565016]
229.0,[0.047307498217350426,0.03307397798735894,0.3416332773290806,2.77694327222953e-5,0.0,0.005804302550203951,0.7915973192034327,0.0,-1.1754186888930127]
230.0,[0.046933851416350154,0.03877277529293846,0.36067209315874016,3.285927816967534e-5,-1.0901412210818415,0.04460227705895152,0.9893019012909444,2.1519051020769777,-1.1816415477684672]
231.0,[0.050388635047881214,-0.08014505161717732,-0.8339292829875182,-3.738733052131807e-5,-1.1663529953629825,-0.1052290170607178,1.0290318944004444,2.3023343738361564,-1.035943987043009]
232.0,[0.048736863323004226,-0.11558676789328698,-1.3203110417951633,-6.931965008302686e-5,0.0,-0.23858913124462897,0.8273708498063093,0.0,-0.9736512438794173]
233.0,[0.05019519557956058,-0.07657899689887923,-0.8398194392197741,-3.8853610501192455e-5,0.0,-0.20573732211492549,0.8164149381393669,0.0,-1.0354440350180099]
234.0,[0.04955340939568221,-0.09761121321034648,-1.0967013182708107,-3.7842382928865294e-5,0.0,-0.20922050731665992,0.8219525165073431,0.0,-1.0042113604667515]
235.0,[0.04651776608296025,-0.11951087281193207,-1.627683845972086,-5.0870364819013546e-5,0.0,-0.2955546029190955,0.8344111731202979,0.0,-0.9339428890373345]
236.0,[0.04700601164423382,-0.11941156035512025,-1.5754084082780841,-8.498805952314047e-5,0.0,-0.32204974997353664,0.8332773612596893,0.0,-0.9403377379210147]
237.0,[0.04592605589501952,-0.11860544225450828,-1.7137186719526798,-0.00016681884184823725,-1.4542316809645478e-7,-0.343996231430912,0.8376155800735577,0.0,-0.915869609915954]
238.0,[0.04790688267589241,-0.11649987672814484,-1.4423878421687135,-7.446005690902325e-5,0.0,-0.3128075375925046,0.8301214176001331,0.0,-0.9581376776547881]
239.0,[0.04994485240692566,-0.08701983772976564,-0.9613355304468796,-4.6196246262479114e-5,0.0,-0.22835086070365557,0.8190662638781632,0.0,-1.0204902071122817]
240.0,[0.045270503873228125,-0.12179839330748991,-1.8030623443893075,-9.776323452020693e-5,0.0,-0.31011818056066287,0.8382468952864569,0.0,-0.9123089085996955]
241.0,[0.04672313103653175,-0.1196643373306474,-1.6153524606085443,-9.63250441951194e-5,-1.4542316809645478e-7,-0.3382040023129498,0.8343357054847077,0.0,-0.9343685364855354]
242.0,[0.049982285180074186,-0.08644942254038662,-0.9545245103210533,-4.4426598010906586e-5,0.0,-0.23894529749575952,0.818974365659079,0.0,-1.0210085252249599]
243.0,[0.04812916047042924,-0.11536419887766494,-1.405465957933699,-8.251055197093892e-5,0.0,-0.2572516391322582,0.8289894747738256,0.0,-0.9645219849377598]
244.0,[0.04897962424267101,-0.10715814089996022,-1.2419779865607952,-6.281970396534616e-5,0.0,-0.2615678911586709,0.8253082914573426,0.0,-0.9852843458195706]
245.0,[0.05035326346971431,-0.0565784986026331,-0.6275449539824651,-2.521889206764791e-5,-1.4542316809645478e-7,-0.17239653897943258,0.8118577295768438,0.0,-1.0611472941752271]
246.0,[0.04963337271885347,-0.09874234471234566,-1.119039946574553,-8.051618648107147e-5,0.0,-0.1995708165974701,0.822342110228995,0.0,-1.0020140003380116]
247.0,[0.048592634884870006,-0.11177036091865145,-1.3299123578130183,-7.517915207156702e-5,0.0,-0.2554315692218198,0.8272803758155349,0.0,-0.9741615291560193]
248.0,[0.05028406620961674,-0.06743315817522982,-0.7389423831586373,-3.969068221384105e-5,0.0,-0.19174119578871865,0.8142574414138191,0.0,-1.0476126019613015]
249.0,[0.0503548645765304,-0.057414925693116424,-0.6359393300116248,-2.607281757316862e-5,0.0,-0.14390625724704822,0.8119279523716776,0.0,-1.0607512283227223]
250.0,[0.048816624207382656,-0.10946091692041998,-1.280522976219729,-6.444328601202699e-5,0.0,-0.22099814046845181,0.8260274705619866,0.0,-0.9812280805305217]
251.0,[0.05007319860158536,-0.08258149028296978,-0.9084915541554084,-4.363446974591697e-5,0.0,-0.20977286684171834,0.8178860777421741,0.0,-1.027146613043874]
252.0,[0.05035661291155946,-0.059788725779841415,-0.6600955954839712,-2.7954824443888613e-5,0.0,-0.15669504034908366,0.8124889416775338,0.0,-1.0575871744254681]
253.0,[0.046896731503154196,-0.11988670428633695,-1.5964967334797646,-9.042059875892027e-5,0.0,-0.2662644563006976,0.8335878148012432,0.0,-0.938586738877333]
254.0,[0.04852283030839392,-0.11215942731863347,-1.3376731505746593,-6.206128328610078e-5,0.0,-0.28655989589901865,0.82754921178099,0.0,-0.9726452587470467]
255.0,[0.05033474952193289,-0.04932495114661901,-0.5541450551589773,-2.498293896743824e-5,0.0,-0.16920009779343884,0.8103226461109371,0.0,-1.0698053679962576]
256.0,[0.04965472080973464,-0.09636571578656601,-1.0808466799462573,-4.742095521118645e-5,0.0,-0.19086889030925483,0.8215331519421325,0.0,-1.0065766320914922]
261.0,[0.04643894377843954,-0.1185548262414231,-1.6943371670743337,-0.00013985839118380367,0.0,-0.3038399957949717,0.83610037679637,0.0,-0.9244155568426969]
262.0,[0.05025889018519826,-0.07008711435833243,-0.7689749527575808,-3.7988449133756997e-5,0.0,-0.2192444744353429,0.8149694327128554,0.0,-1.043596876846741]
263.0,[0.03950830447739558,0.05355517686296485,1.0364898285653124,7.736452721398516e-5,0.0,0.0839827946733618,0.7739102434634744,0.0,-1.2751761358565055]
266.0,[0.04321530844127697,0.05954201060228854,0.7646482776683655,6.123544743536693e-5,-3.2296022165755054,0.1535921682629632,1.3699243991139045,6.37519336209587,-1.2355280887881772]
267.0,[0.05074216679428397,-0.08897082740778514,-0.8411251507444705,-4.2797398033268384e-5,-2.3261468241521426,-0.07982953398221221,1.2413647751465389,4.591756978334196,-1.0313181689161235]
268.0,[0.04839041693435082,0.017993740076863315,0.19275084570959555,1.7432439760728773e-5,0.0,-0.04752102930338586,0.7952064121021473,0.0,-1.1550629275041215]
269.0,[0.04840762423174211,0.018608103301555802,0.12359691840322455,1.9100965255068586e-5,-0.6735636134075863,0.002432796596705348,0.9185189342087269,1.3295835179271704,-1.1523760449313085]
270.0,[0.050416958075352,-0.07104992993657933,-0.7504046994584627,-3.24716409336166e-5,-0.5242864405102393,-0.10842243988865112,0.910060052877502,1.0349177137160341,-1.0465424206945841]
271.0,[0.050429932561620296,-0.06956478943288265,-0.7418465072232525,-3.2954782995950686e-5,0.0,-0.1577273188057502,0.8143632166822911,0.0,-1.0470160154543071]
272.0,[0.05018908560872217,-0.07708970337821165,-0.8452241694885126,-4.108954702222695e-5,2.9084633619290957e-7,-0.17105940635866276,0.8164072434767311,0.0,-1.0354874339331885]
273.0,[0.048843014864558165,-0.10963822451116743,-1.2869654098819416,-6.474103635276777e-5,-1.4542316809645478e-7,-0.23369033611255355,0.8262014833448064,0.0,-0.980246625415593]
274.0,[0.04891462298664318,-0.10916156513045717,-1.2666461776770495,-6.432530946192216e-5,1.4542316809645478e-7,-0.2577164662735642,0.8259150351680561,0.0,-0.9818622310261573]
275.0,[0.04906450130745026,-0.09933892666298029,-1.1274885264954206,-7.64768941227202e-5,-1.4542316809645478e-7,-0.23807902873241654,0.8226440031646429,0.0,-1.0003112842441055]
276.0,[0.04752292989998399,-0.11830346368542329,-1.5160912827857655,-7.795440996450933e-5,-2.9084633619290957e-7,-0.2819267162762609,0.8316547528817744,0.0,-0.9494894638242782]
277.0,[0.04707933129429465,-0.11948743385976489,-1.5656360488686176,-8.125775336744472e-5,1.4542316809645478e-7,-0.31325425458544803,0.8330063939437784,0.0,-0.9418660294285108]
278.0,[0.047800675923758605,-0.1171669775952135,-1.4575101256897474,-8.678017949854249e-5,0.0,-0.301862971265391,0.8303537419124707,0.0,-0.9568273377994562]
279.0,[0.04801726702856934,-0.11631024348151636,-1.4349101141748806,-4.426367801314276e-5,0.0,-0.29213480323663005,0.8298711276807633,0.0,-0.9595493459104186]
280.0,[0.04771320396172569,-0.11738853631117314,-1.4701884159602197,-7.767351341664068e-5,1.4542316809645478e-7,-0.29535840964516763,0.8306652138634605,0.0,-0.9550705947918326]
281.0,[0.0496017554601174,-0.09647897037871866,-1.0813604123865552,-5.6493913707344035e-5,-1.4542316809645478e-7,-0.24517820689054431,0.8217090141417573,0.0,-1.0055847460211278]
282.0,[0.05034203731847508,-0.05347374671017713,-0.5960338226708235,-2.53874299963691e-5,-1.4542316809645478e-7,-0.15881090934944403,0.8111555562281277,0.0,-1.0651076447511825]
283.0,[0.0492640507466093,-0.10285335506853083,-1.1715424383482647,-6.190959915025172e-5,0.0,-0.20462958470674822,0.8235328022007542,0.0,-0.9952983401028781]
284.0,[0.050052181774183385,-0.08340528862767337,-0.9182380161499478,-4.4190644910696916e-5,0.0,-0.2043609508393701,0.818078434408718,0.0,-1.0260616959980633]
285.0,[0.04805729469897152,0.024501888441974408,0.18843862499150232,2.1331283845145714e-5,1.4542316809645478e-7,-0.04805527868008169,0.7945020321052512,0.0,-1.1590357238677265]
286.0,[0.049965464356741957,-0.02192380576351645,-0.28558404424128364,-4.724679935150788e-6,-0.6980994103288202,-0.046241245485764186,0.9316628678730119,1.3780243226614706,-1.1034837879505683]
287.0,[0.04922967295887997,-0.10749022639898409,-1.2074218010660978,-6.601630668009146e-5,1.4542316809645478e-7,-0.19077532120938154,0.8245465154793755,0.0,-0.9895808631092229]
288.0,[0.04979587585892304,-0.09184462479742135,-1.02137657902623,-4.9555768974988234e-5,0.0,-0.22082307570094697,0.8203386364931411,0.0,-1.0133138572440163]
289.0,[0.050340288983446016,-0.06287993965682151,-0.6921939356224482,-2.414024932383227e-5,0.0,-0.16725325684446246,0.8131895906309392,0.0,-1.0536354216407242]
290.0,[0.050307383477846426,-0.06828443667075011,-0.7489917846812774,-2.3134639682462483e-5,0.0,-0.15536998116055556,0.8143401333325544,0.0,-1.0471462086004746]
291.0,[0.05015586724317001,-0.07908171122252373,-0.867863328258502,-3.945472911363138e-5,-1.4542316809645478e-7,-0.17342278071997827,0.8169003448860994,0.0,-1.0327062767528887]
292.0,[0.05015673220892123,-0.03230140183553795,-0.3869085835417422,-1.3960558429072188e-5,0.0,-0.11881464669070635,0.8066894469043285,0.0,-1.090297092150649]
293.0,[0.050258742956985285,-0.072135395893839,-0.790743837932927,-3.273006575765576e-5,0.0,-0.14328749384466039,0.8151719510447201,0.0,-1.042454646664253]
294.0,[0.048323483308027715,-0.1141897255201497,-1.3883357213576202,-7.053312316981945e-5,-1.4542316809645478e-7,-0.24398595545667506,0.8285632991225357,0.0,-0.9669256719890136]
295.0,[0.05016821600953317,-0.03293981019219505,-0.3931323948407331,-1.3157194302167832e-5,1.4542316809645478e-7,-0.15083338899573157,0.8069329769167091,0.0,-1.0889235506646937]
296.0,[0.04954183357743716,-0.006864986205863249,-0.13810970927527652,3.1291875432568245e-6,1.4542316809645478e-7,-0.06094366759811127,0.8013588962311432,0.0,-1.1203621031159807]
297.0,[0.050009540803000914,-0.08598579602532104,-0.9475207652469324,-4.187605735625919e-5,1.4542316809645478e-7,-0.14888352968869478,0.818502338808118,0.0,-1.0236708191079285]
298.0,[0.04757013494576864,0.03141001444342123,0.268508613822376,2.5505406546473936e-5,0.0,-0.037801916348806176,0.7927682799862564,0.0,-1.1688143151736778]
299.0,[0.04570948319373541,0.04938102277788103,0.5153597615801386,4.2746836654652026e-5,-0.9145961159080639,0.06398617252302316,0.953821431009165,1.8053668253653459,-1.2011838376414044]
300.0,[0.04921066211587976,-0.10933270989326412,-1.2235926287589474,-6.653315632816979e-5,-1.5974243485087392,-0.14655637562410442,1.1161294725637072,3.153208302206188,-0.9880708233860999]
301.0,[0.050054187758585146,-0.09642269668752418,-1.0063608964922215,-5.2875966170795744e-5,1.4542316809645478e-7,-0.2196942097863467,0.8205466298955737,0.0,-1.012140746939238]
302.0,[0.047971258212015096,0.02578234223407317,0.2030646417706774,2.223015279832541e-5,0.0,-0.05398333391076321,0.7942097582395315,0.0,-1.160684187134747]
303.0,[0.04989151898677599,-0.0188634060262389,-0.2558068351988305,-3.4325558149549725e-6,-0.7374981821453522,-0.04194612196577447,0.9382157547162984,1.455776855250812,-1.1070395006308886]
304.0,[0.04923281996193228,-0.10807468475367017,-1.2168321989320483,-6.119612191866532e-5,-2.9084633619290957e-7,-0.19009015392966427,0.8247215281078459,0.0,-0.9885937687325568]
305.0,[0.04972432294741789,-0.0929847479664157,-1.0323679237336603,-5.9550068148155004e-5,2.9084633619290957e-7,-0.2226280538210832,0.8205630967495876,0.0,-1.012047871704231]
306.0,[0.05033266992342464,-0.06272465659871392,-0.6902425955209648,-2.402789070468481e-5,1.4542316809645478e-7,-0.16754905593438446,0.8131409071708839,0.0,-1.0539100027956796]
307.0,[0.049246015290520036,-0.10387102991844488,-1.1892050775940077,-3.781429327407843e-5,0.0,-0.2124290219348954,0.8239786144066182,0.0,-0.9927839002861433]
308.0,[0.048655280489490256,-0.11150940051585903,-1.3149731629928643,-9.345428147590175e-5,0.0,-0.25761686045757004,0.8269139139876539,0.0,-0.9762284223438172]
309.0,[0.047241503170885026,-0.11986720550285304,-1.543066752892385,-9.267338907282688e-5,0.0,-0.2970486901590076,0.832349406545057,0.0,-0.9455715252689326]
310.0,[0.04758275976503112,-0.11632883299530412,-1.9076132197773115,-0.00027702017550806826,-1.4542316809645478e-7,-0.3518167971654822,0.8394975598705484,0.0,-0.9052549948973433]
311.0,[0.04784909560230029,-0.11655837307859657,-1.4563585941236867,-6.766797838155916e-5,0.0,-0.3196833572541607,0.8304471716939965,0.0,-0.9563003814719994]
312.0,[0.04847542282381643,-0.11227399530034722,-1.3520365796117828,-7.738138100685727e-5,-1.4542316809645478e-7,-0.2810091354258907,0.8278738987354939,0.0,-0.9708139813714155]
313.0,[0.045254308769801035,-0.1188122505953972,-1.772549166950554,-9.112845805954927e-5,0.0,-0.3346272480113421,0.8385060968963984,0.0,-0.9108469772303291]
314.0,[0.04757376044051311,-0.1180785709805778,-1.5148620589749238,-0.00012170685626053114,1.4542316809645478e-7,-0.3245066934347254,0.8317710787016624,0.0,-0.9488333708115848]
315.0,[0.04999724724721762,-0.08588890828769892,-0.9483952546998194,-4.416817318686742e-5,0.0,-0.2312243375771835,0.8188123769499849,0.0,-1.0219221629734336]
316.0,[0.04978512819937597,-0.09271297735723584,-1.0320408935870227,-4.967374552509307e-5,0.0,-0.20726159293544186,0.8205366580524304,0.0,-1.0121969894537235]
317.0,[0.050261043397813,-0.07202001967239535,-0.7904101828661918,-4.1398533224882474e-5,0.0,-0.18015371919473375,0.8152892925803383,0.0,-1.0417928248804738]
318.0,[0.04923874589750447,-0.10413532431012315,-1.1910178966389044,-5.0061382761151815e-5,0.0,-0.21847177477187318,0.8240565479680497,0.0,-0.9923443446899846]
319.0,[0.04657178043359493,-0.1200279441791375,-1.63787477987863,-7.052750523886207e-5,-1.4542316809645478e-7,-0.30315181015719395,0.8347847664066921,0.0,-0.9318357734801151]
320.0,[0.049304004802905,-0.10255935786677862,-1.171970649092757,-5.402764201705724e-5,1.4542316809645478e-7,-0.26806943442083386,0.8237802521638157,0.0,-0.9939026895765195]
321.0,[0.05032580540799474,-0.0469292275572204,-0.5306380318561985,-2.0808816266110014e-5,-1.4542316809645478e-7,-0.15613966246596483,0.8097883005475744,0.0,-1.0728191476611968]
322.0,[0.0494914815286002,-0.10166130249689019,-1.132407830800642,-9.578010489225422e-5,-1.4542316809645478e-7,-0.19678789046575507,0.822792338254694,0.0,-0.9994746547132467]
323.0,[0.04839194442706042,-0.11338633522862616,-1.3596648739714712,-7.819598099567637e-5,2.9084633619290957e-7,-0.2604510986763124,0.8279585675737057,0.0,-0.9703364379232189]
324.0,[0.050272398373738585,-0.06666785618097797,-0.7333882910549703,-3.660643811824321e-5,0.0,-0.1927131070841766,0.8141196095849761,0.0,-1.04838999170949]
325.0,[0.0496219441288214,-0.00936052740190487,-0.16274899164928644,9.943737794550412e-7,1.4542316809645478e-7,-0.08323726023243595,0.8019457411556357,0.0,-1.117052220109227]
326.0,[0.05021255010516484,-0.07587532318403246,-0.8316737988270072,-3.844350154130422e-5,1.4542316809645478e-7,-0.1357385803355288,0.8159992476464952,0.0,-1.0377885843887231]
327.0,[0.049734132027107254,-0.09406597066509338,-1.0488904744571474,-5.323551375206763e-5,0.0,-0.20091398593436077,0.820868139820816,0.0,-1.0103273884289259]
328.0,[0.05011600520450742,-0.029914770943100757,-0.3636792046176004,-1.0994290883579183e-5,-1.4542316809645478e-7,-0.12650844138673853,0.8062398468346141,0.0,-1.0928328960205893]
329.0,[0.050302672175031274,-0.06598762141829839,-0.7253673196131315,-3.078064371544729e-5,0.0,-0.13380683117685457,0.8137540075642811,0.0,-1.0504520354710167]
330.0,[0.04992451651000868,-0.08843981390523889,-0.9787885813113522,-4.7831064171074694e-5,0.0,-0.1859912236836024,0.8193113077316632,0.0,-1.0191081273621496]
331.0,[0.05015785482404515,-0.07873578461812526,-0.8640955555193413,-4.0022140140326065e-5,1.4542316809645478e-7,-0.18618741695753027,0.8168646504009214,0.0,-1.03290759837125]
332.0,[0.05028528084237377,-0.07018460827575197,-0.7702692212384722,-3.3982864361149964e-5,0.0,-0.16779354293727916,0.8148230821611233,0.0,-1.04442231331895]
333.0,[0.05024854740323687,-0.07376480718932336,-0.808273376511254,-3.620756502026972e-5,-1.4542316809645478e-7,-0.1671506326704079,0.8156200759067034,0.0,-1.039927163161068]
334.0,[0.050197017528696125,-0.0768374315525157,-0.8424886797536553,-3.711766983536416e-5,0.0,-0.1736189739939061,0.8163669191871366,0.0,-1.035714868260926]
335.0,[0.05021799754904486,-0.07570670417038146,-0.8302072824235774,-3.755586845003927e-5,0.0,-0.17408078277715167,0.8161103972115091,0.0,-1.037161686138277]
336.0,[0.050229923034295715,-0.07458688802460091,-0.8179861116398418,-3.326938712956358e-5,0.0,-0.1717958857254073,0.8158383433776627,0.0,-1.038696105750663]
337.0,[0.050221935903741896,-0.07496120404951222,-0.8217785772630029,-3.919630428959222e-5,-1.4542316809645478e-7,-0.1715695088708752,0.8159199250939881,0.0,-1.0382359740782947]
338.0,[0.04890091235931002,-0.10825542736326972,-1.2628964729017913,-7.480275069742301e-5,1.4542316809645478e-7,-0.2291899642444547,0.8256325703488835,0.0,-0.983455369973033]
339.0,[0.04886473102597176,-0.1092267294586806,-1.2761746195738306,-6.988706110972153e-5,-1.4542316809645478e-7,-0.2570192255616052,0.8260567944555611,0.0,-0.9810626898915583]
340.0,[0.05034531314621374,-0.06204038063738482,-0.6838350932556304,-2.980312372886437e-5,0.0,-0.18145764987683885,0.8130585506139192,0.0,-1.0543745046717552]
341.0,[0.05037301045377939,-0.05917618109454121,-0.6543463693701559,-2.342115416128851e-5,-1.4542316809645478e-7,-0.1431063923610347,0.8123186468358402,0.0,-1.0585476598606058]
342.0,[0.05015757877114583,-0.0790799937130977,-0.8677868405446475,-3.943787532075926e-5,0.0,-0.16803501158211342,0.8168798769843673,0.0,-1.032821718426319]
343.0,[0.050124489230280025,-0.08056533627672685,-0.8848357712831647,-4.090977323159102e-5,0.0,-0.1823329737143631,0.8172902773034079,0.0,-1.0305070063358401]
344.0,[0.0502432287840432,-0.07392938500432486,-0.8104397253831787,-3.649969743005312e-5,1.4542316809645478e-7,-0.17403852576430567,0.815696104604131,0.0,-1.0394983512498825]
345.0,[0.050250737422904854,-0.07321207224403598,-0.8022531309388993,-3.747159948567867e-5,0.0,-0.16871414214570984,0.8154985939775069,0.0,-1.0406123373123537]
346.0,[0.05021934100648824,-0.07555616952068703,-0.828095739708824,-3.739856638323282e-5,-1.4542316809645478e-7,-0.17147292141294146,0.81605493666763,0.0,-1.0374744909425266]
347.0,[0.05020833569756847,-0.07591371457120286,-0.8322128264167689,-3.837608636981574e-5,1.4542316809645478e-7,-0.17345598265864298,0.8161429796049882,0.0,-1.0369779171287912]
348.0,[0.050233070037348025,-0.07503788579388676,-0.8225868175149136,-3.4168256082743277e-5,0.0,-0.1725384018082727,0.8159495500503741,0.0,-1.0380688854052484]
349.0,[0.050225506187906506,-0.07488522951490134,-0.8212479813897291,-3.711205190440679e-5,-1.4542316809645478e-7,-0.17181097751570945,0.8159120927257544,0.0,-1.0382801496712624]
350.0,[0.050112011639230514,-0.02944983103847408,-0.35910198709560204,-1.0348228823481276e-5,0.0,-0.11268436146997612,0.8060967473909861,0.0,-1.093639995813009]
351.0,[0.0502560376385719,-0.07359972422449068,-0.8068598594686053,-3.8421029817474726e-5,0.0,-0.1437221374053621,0.8155016658023196,0.0,-1.0405950118140437]
352.0,[0.04818424222560797,-0.11457798368040184,-1.3942090141569001,-6.415677153320096e-5,1.4542316809645478e-7,-0.24594486983789315,0.8287605092313342,0.0,-0.9658133808868341]
353.0,[0.050154358153987035,-0.03242950783272757,-0.3878704014868252,-1.2370683968135596e-5,0.0,-0.15070359959913315,0.8068238976152093,0.0,-1.0895387723550485]
354.0,[0.05036263086476476,-0.05337453528333154,-0.594876870715592,-2.1140274192595028e-5,0.0,-0.11897763802596949,0.8109951066812315,0.0,-1.0660126014212474]
355.0,[0.0483586708509284,-0.11432763142406441,-1.3822697036100455,-6.156690536185195e-5,-2.9084633619290957e-7,-0.23216304693397674,0.8283941415470959,0.0,-0.9678797430920324]
356.0,[0.050035876249596566,-0.08406329679778062,-0.9258199360689527,-4.405581456771996e-5,0.0,-0.21833896701721434,0.8182859869523942,0.0,-1.0248910721949922]
357.0,[0.05035968630050528,-0.05600313294490843,-0.6215596398069889,-2.4471707250317285e-5,1.4542316809645478e-7,-0.1528919091929438,0.8116701331720844,0.0,-1.0622053627148473]
358.0,[0.04912169946819049,-0.1059514389832151,-1.2219424213891743,-6.679719908316632e-5,-1.4542316809645478e-7,-0.21266747222166923,0.82468968081097,0.0,-0.9887733916999557]
359.0,[0.04859489851864447,-0.11217054061491964,-1.3359133308905435,-6.702191632146125e-5,-1.4542316809645478e-7,-0.262322480673778,0.8274104692312801,0.0,-0.9734277850814022]
360.0,[0.050342074125528324,-0.06364221075208625,-0.7008219906514153,-3.223568783340693e-5,1.4542316809645478e-7,-0.1872076219819551,0.8134332895442212,0.0,-1.0522609275313404]
361.0,[0.04963002327700832,-0.09671921963843232,-1.0870735025725653,-4.89995938102083e-5,0.0,-0.19987265240351296,0.8216803789046296,0.0,-1.0057462525466296]
362.0,[0.04864515854984832,-0.11075945507647532,-1.3074418333727869,-5.971298814591883e-5,-1.4542316809645478e-7,-0.25066256348634286,0.8267502440202605,0.0,-0.9771515426115093]
363.0,[0.05033173134356693,-0.06823149696844147,-0.7493501326320128,-3.3550283677432235e-5,2.9084633619290957e-7,-0.19162046146630152,0.8144744928653116,0.0,-1.0463884030615533]
364.0,[0.05034529474268712,-0.0583029790963473,-0.6447089174244957,-3.043794992704753e-5,0.0,-0.14561464790925074,0.8121215896403431,0.0,-1.059659088511537]
365.0,[0.05019142285660313,-0.07704161311428243,-0.8445966088756282,-3.972438979958529e-5,0.0,-0.16454880802231855,0.8163744515977109,0.0,-1.0356723844688385]
366.0,[0.050116925380838506,-0.08080073609806109,-0.8874905574459238,-4.098280633403687e-5,1.4542316809645478e-7,-0.18132182376411957,0.8173429684377594,0.0,-1.0302098213676858]
367.0,[0.050235996198080876,-0.07473156293625353,-0.8190804279868774,-3.587048916282733e-5,0.0,-0.17524888734653749,0.8158762846762153,0.0,-1.0384821118076428]
368.0,[0.05025666335847704,-0.07306173965427402,-0.8012250637928399,-3.582554571516835e-5,0.0,-0.1691125654096864,0.815485933106243,0.0,-1.0406837463011651]
369.0,[0.050223831466983934,-0.07523964263646378,-0.8250097314742556,-3.820193051013717e-5,0.0,-0.1710624247167232,0.8159909295247034,0.0,-1.0378354996960175]
370.0,[0.050130470376432076,-0.03024705850205711,-0.36665680506875303,-1.0853842609644856e-5,-1.4542316809645478e-7,-0.11388264961996623,0.8062605493118596,0.0,-1.0927161313102332]
371.0,[0.0502634174527472,-0.07349869425825281,-0.805256628804979,-3.844911947226159e-5,0.0,-0.14402699156946538,0.8154792097939472,0.0,-1.0407216666719277]
372.0,[0.04820005085497601,-0.1152434680680107,-1.3960043675033578,-8.958914497722905e-5,1.4542316809645478e-7,-0.24564605238991072,0.8287081439914733,0.0,-0.9661087277669489]
373.0,[0.05016902576470453,-0.07776660415200538,-0.8533788438632308,-3.972438979958529e-5,1.4542316809645478e-7,-0.20998717026400876,0.816720336083871,0.0,-1.0337215502104846]
374.0,[0.05035318985560783,-0.0553208775829041,-0.6151081721628249,-2.5027882415097222e-5,-1.4542316809645478e-7,-0.14785125123202825,0.811508228111929,0.0,-1.0631185286722402]
375.0,[0.05023772612958331,-0.07368216467694079,-0.8071435265018765,-3.5853635369955213e-5,1.4542316809645478e-7,-0.15816799908257276,0.8155615271570502,0.0,-1.0402573858544168]
376.0,[0.048577636010673324,-0.11166296606454058,-1.3237204665835887,-8.826893120224636e-5,1.4542316809645478e-7,-0.23625594046391774,0.8270352689764342,0.0,-0.9755439641532725]
377.0,[0.05017303773350806,-0.07749362118323067,-0.8503536644404679,-3.988730979734911e-5,0.0,-0.2051155403544772,0.8166398363349743,0.0,-1.0341755794434233]
378.0,[0.0496759768829827,-0.011129865200628683,-0.1801580771349292,1.1235861914746227e-7,0.0,-0.09213537979457909,0.8023343838942892,0.0,-1.1148602236504008]
379.0,[0.04910822808670341,-0.10649679874096712,-1.2285396372754862,-5.4701793731942006e-5,-1.4542316809645478e-7,-0.1888103701120426,0.8247874527437752,0.0,-0.9882219450648689]
380.0,[0.04781845373047516,-0.11709292262996114,-1.4567259760563736,-7.7813961690575e-5,-1.4542316809645478e-7,-0.2793037631217486,0.8303513507901185,0.0,-0.9568408240458398]
381.0,[0.04983886649711132,-0.016989704272391368,-0.23759673664683806,-4.168504770370851e-6,0.0,-0.13609776494471978,0.8036749847121882,0.0,-1.1072990576918789]
382.0,[0.050353925996672697,-0.050376471035222754,-0.5650960480803584,-2.1376227292804698e-5,1.4542316809645478e-7,-0.1068830772778326,0.8103346079158621,0.0,-1.069737901834076]
383.0,[0.04802269606892273,-0.11653887429511266,-1.4270547657354824,-0.0001050833985576641,2.9084633619290957e-7,-0.23589373749666634,0.8293646314271024,0.0,-0.9624060517845076]
384.0,[0.050001314426601016,-0.08503803391204358,-0.9375183404304391,-4.7404101418314334e-5,-1.4542316809645478e-7,-0.2224046953246115,0.8185464943420027,0.0,-1.0234217760555655]
385.0,[0.04956327368595144,-0.007593311232472052,-0.14536038318939998,1.6909972181693073e-6,0.0,-0.09284167558071936,0.8016190370529731,0.0,-1.118894874467318]
386.0,[0.04832322565865501,0.02013860626009329,0.14014476427617553,1.953916386974369e-5,0.0,-0.010377115011753086,0.7953893807769111,0.0,-1.1540309599738703]
387.0,[0.05035913419470663,-0.04978382925327141,-0.5586927616732681,-1.924703145996029e-5,-0.5682455374551081,-0.08278148816531126,0.9137579859802132,1.121717316478132,-1.0709146476338505]
388.0,[0.050386960326958635,-0.06991526238576182,-0.7442633985279603,-3.6280598122715566e-5,0.0,-0.14600401609904604,0.8144016650888352,0.0,-1.0467991613551306]
389.0,[0.050248418578550516,-0.0384484691013149,-0.44705924443543504,-1.6539188738506447e-5,0.0,-0.12022120154686602,0.8079369020697302,0.0,-1.0832612799942756]
390.0,[0.05020914545273982,-0.07634753724622827,-0.8371321307219902,-3.6746886392177536e-5,-1.4542316809645478e-7,-0.1524391554838795,0.8161754021655327,0.0,-1.0367950495981997]
391.0,[0.049986517991197174,-0.08652428574536888,-0.9544016481665155,-4.490974007324067e-5,0.0,-0.18932650934037587,0.8188008074613129,0.0,-1.0219874164200498]
392.0,[0.050220482025138784,-0.07516700209073876,-0.824147287330637,-3.7404184314190195e-5,0.0,-0.1797432224985155,0.8159943382592856,0.0,-1.0378162739820391]
393.0,[0.05027083407397574,-0.07088383667208427,-0.7777047906498659,-3.4482860216356174e-5,0.0,-0.16641415330366335,0.8149747445597658,0.0,-1.0435669173274715]
394.0,[0.046683765893087946,-0.12013836993223548,-1.6145303682509748,-9.799356968945923e-5,0.0,-0.27614957894860087,0.8342015918473461,0.0,-0.9351249551418969]
395.0,[0.046309088494596855,-0.12062836526848915,-1.6522809697636565,-9.03082401397728e-5,0.0,-0.3325958930366737,0.8352636476973225,0.0,-0.9291348196506501]
396.0,[0.05034003133407331,-0.049831414367369445,-0.5590330416601008,-2.311216795863299e-5,0.0,-0.19066666031920612,0.810504220687307,0.0,-1.0687812633653708]
397.0,[0.0499685561492144,-0.08711137087917714,-0.9622485648894256,-4.4819853177922705e-5,0.0,-0.17607289909703447,0.8189114586881292,0.0,-1.0213633288629624]
398.0,[0.04852040104287985,-0.11252687330584062,-1.3448142121744402,-6.181409432397637e-5,0.0,-0.24833239106369207,0.8276135260227955,0.0,-0.9722825179152527]
399.0,[0.05025638730557771,-0.07256740002947214,-0.7963635769721068,-3.812889740769132e-5,1.4542316809645478e-7,-0.19981228524230438,0.8154790875387056,0.0,-1.0407223562076635]
400.0,[0.05035755149141717,-0.056987366875997765,-0.6313018859432844,-2.3567220366180212e-5,0.0,-0.14665296308203815,0.8118514163545962,0.0,-1.0611829015838672]
401.0,[0.04895702471197956,-0.10804801284258338,-1.2617690319542674,-5.802199092774952e-5,-1.4542316809645478e-7,-0.21849290327829618,0.8256238667383485,0.0,-0.9835044594878346]
402.0,[0.046194195277897615,-0.12085568269252435,-1.6782024753092895,-9.493179731769088e-5,0.0,-0.3128286660989276,0.8357869238516882,0.0,-0.9261834729168056]
403.0,[0.04724404285755882,-0.1188255865509406,-1.5350066341954238,-6.660057149965826e-5,-4.362695042893643e-7,-0.31984634858942385,0.832232295145841,0.0,-0.9462320490529583]
404.0,[0.0498732074777874,-0.08945425579623334,-0.9911476708862111,-5.002767517540758e-5,-1.4542316809645478e-7,-0.23789792724879083,0.8197469238169668,0.0,-1.0166511950142012]
405.0,[0.049441534357348924,-0.003965628234768864,-0.10946475930405457,3.876372360587448e-6,0.0,-0.0915105796760704,0.8008718421000711,0.0,-1.1231091528467059]
406.0,[0.049933515834526696,-0.020596373037117078,-0.2726919497312972,-4.162886839413477e-6,1.4542316809645478e-7,-0.06172844069382267,0.8041400117301265,0.0,-1.1046762437931537]
407.0,[0.04975853510340762,-0.09379510932560965,-1.045585241593894,-4.944341035584077e-5,0.0,-0.16890731706157727,0.820690672080402,0.0,-1.011328329961736]
408.0,[0.0503444297769359,-0.04993325257333722,-0.5606320564654831,-2.2179591419709053e-5,0.0,-0.15072774646361659,0.8103957624413034,0.0,-1.069392982220569]
409.0,[0.04820179919000507,0.02216658077238605,0.16244906344850288,2.029758454898906e-5,0.0,-0.030986463848358688,0.7949914424722326,0.0,-1.1562753846547702]
410.0,[0.05021231085931875,-0.034921614009917105,-0.4125271495592744,-1.0932493643048079e-5,-0.6281233814956552,-0.06354549224620061,0.9215784562146551,1.2398884718406675,-1.0883821355916534]
411.0,[0.04929553918065902,-0.10645002186659898,-1.1953837189832421,-5.597706405926571e-5,1.4542316809645478e-7,-0.1965162382403165,0.824300857599633,0.0,-0.9909664060485915]
412.0,[0.04992381717599706,-0.0883710124982309,-0.9780754990026618,-4.679174694396066e-5,1.4542316809645478e-7,-0.2146565701834916,0.8194004677233113,0.0,-1.0186052532144456]
413.0,[0.05034433775930279,-0.06310281176234225,-0.6947324845507671,-2.9926718209926577e-5,0.0,-0.16506494725065182,0.8132353958201051,0.0,-1.0533770743143458]
414.0,[0.05027423872640076,-0.06989182343359462,-0.7651559874540292,-3.922439394437908e-5,-1.4542316809645478e-7,-0.15744359314806994,0.8146730841560307,0.0,-1.0452683219106276]
415.0,[0.050156989858293935,-0.07904635073434048,-0.8674778783619127,-3.9628884973309946e-5,0.0,-0.1742649026188378,0.8168951873495306,0.0,-1.0327353659414178]
416.0,[0.0501887727487696,-0.07720124046093826,-0.8465660169410143,-3.9089563601402125e-5,0.0,-0.1775186926079797,0.8164617912966803,0.0,-1.0351797770126463]
417.0,[0.05025500704108108,-0.0737982481081481,-0.8095796903014137,-3.508959675975247e-5,-1.4542316809645478e-7,-0.17170533498359444,0.8156634053436541,0.0,-1.0396827794046961]
418.0,[0.04897888810160614,-0.10775532903039226,-1.2525073936577817,-6.330284602768024e-5,-1.4542316809645478e-7,-0.22726727015996176,0.8254190821174026,0.0,-0.9846594718405434]
419.0,[0.048866148097521635,-0.10898900594812289,-1.2777706230518957,-7.161176591363508e-5,-1.4542316809645478e-7,-0.2569075463133694,0.8261344967715767,0.0,-0.9806244385501364]
420.0,[0.05033916636832209,-0.06233417577920454,-0.6869795212401507,-3.274691955052788e-5,0.0,-0.18211263357595184,0.8131362103501598,0.0,-1.0539364934858972]
421.0,[0.05035258253922931,-0.0591046518784448,-0.6534206873528781,-2.7112134800282648e-5,1.4542316809645478e-7,-0.14315468609000154,0.8122938657763753,0.0,-1.0586874283142278]
422.0,[0.048738335605133964,-0.11032997668999814,-1.2967606553790183,-7.15668224659761e-5,0.0,-0.22417948986414343,0.8264053885837945,0.0,-0.979096572893458]
423.0,[0.048609492515255474,-0.11158729461982843,-1.3265294327049835,-5.248271100377963e-5,0.0,-0.26594149198823175,0.8272595267350537,0.0,-0.9742791207280195]
424.0,[0.050353631540246746,-0.06084873218560914,-0.6720017814303378,-2.7758196860380554e-5,0.0,-0.18322942605831036,0.8128242132687071,0.0,-1.0556961982987996]
425.0,[0.05035915259823325,-0.05720468233337542,-0.6343077928712177,-2.4634627248081104e-5,-1.4542316809645478e-7,-0.13994013475564523,0.8118877019590961,0.0,-1.0609782459743338]
426.0,[0.048720244938464836,-0.11016853080395002,-1.2993154654748493,-4.4297385598887e-5,1.4542316809645478e-7,-0.22356676317787647,0.8264945280968106,0.0,-0.978593814247948]
427.0,[0.0485257012585469,-0.11191523789023655,-1.3315264292549862,-6.861179078239784e-5,-1.4542316809645478e-7,-0.26694660522235447,0.8273931839362382,0.0,-0.9735252764320781]
428.0,[0.05035411003193891,-0.06076972675201113,-0.6706659566324704,-2.7578423069744615e-5,0.0,-0.18341958261611735,0.812797016616286,0.0,-1.055849591016249]
429.0,[0.049629121504203864,-0.09692663415911867,-1.086306216372167,-6.05332060656953e-5,0.0,-0.19810389458010186,0.821665725555005,0.0,-1.0058288993769764]
430.0,[0.0486692303626695,-0.1113247177375762,-1.3154344983378448,-6.72410156287988e-5,0.0,-0.25177633761064094,0.826956314099223,0.0,-0.9759892801055363]
431.0,[0.050238646305914396,-0.06852620137995734,-0.7516893316919393,-4.8449036576385736e-5,-1.4542316809645478e-7,-0.19222715143644764,0.8144861137206576,0.0,-1.0463228599001007]
432.0,[0.05035341069792729,-0.05794705052529129,-0.6417258965841722,-2.9067174773448492e-5,0.0,-0.1452373531516972,0.8120494906445146,0.0,-1.0600657363858506]
433.0,[0.05018939846867474,-0.07703171217759112,-0.8443352256645035,-3.873001602013025e-5,0.0,-0.16432243116778641,0.8163679761395739,0.0,-1.0357089069093575]
434.0,[0.050118195224175405,-0.08090156400436649,-0.888602941756862,-4.0022140140326065e-5,-1.4542316809645478e-7,-0.18145161316071798,0.8173680981074888,0.0,-1.0300680867060552]
435.0,[0.0489875929696982,-0.10755225879825414,-1.2534939044868652,-4.4319857322716495e-5,0.0,-0.23218719379846017,0.8255032037312777,0.0,-0.9841850148099971]
436.0,[0.050226757627716785,-0.07463073502994814,-0.8190689849430725,-3.989292772830648e-5,0.0,-0.19707161612343532,0.8159548755472136,0.0,-1.0380388488985735]
437.0,[0.04974887325193123,-0.01354397624388258,-0.20376266744278215,-1.4887517037038751e-6,0.0,-0.09328235585754191,0.8028270350756507,0.0,-1.11208160581562]
438.0,[0.04908040195445141,-0.1072245175877785,-1.2391069870966682,-5.7280424041376266e-5,0.0,-0.19147558027940095,0.825029752491625,0.0,-0.9868553424336162]
439.0,[0.049718047344839894,-0.09424802666425403,-1.0520186412741552,-4.472434835164736e-5,0.0,-0.22541399831085868,0.8210140828985788,0.0,-1.0095042501638072]
440.0,[0.0497876126754699,-0.014803718892902579,-0.2165439451074992,-2.1011061780575447e-6,0.0,-0.10843753167895327,0.8031476483564408,0.0,-1.1102733044986328]
441.0,[0.05034571802379942,-0.06539659611580685,-0.7187695014613562,-2.8662683744517626e-5,1.4542316809645478e-7,-0.12476383042781086,0.8136008093369529,0.0,-1.0513160937394546]
442.0,[0.04979274725939735,-0.09252920384864916,-1.0279177842244436,-5.2241139972612585e-5,0.0,-0.19179552623380636,0.8203768656087244,0.0,-1.0130982399748685]
443.0,[0.05018730046663987,-0.033926771932372805,-0.4027325063276613,-1.322460947365631e-5,0.0,-0.1301093425528297,0.8070603937954075,0.0,-1.0882049026130938]
444.0,[0.05032436993291825,-0.06684193081280582,-0.7344019038299076,-3.551094158155545e-5,1.4542316809645478e-7,-0.13711495161108417,0.8139548762224359,0.0,-1.049319109666485]
445.0,[0.048264518408731805,-0.11447604444446784,-1.3828659464188322,-5.323551375206763e-5,0.0,-0.23996852087824477,0.8284088880956951,0.0,-0.9677965706071398]
446.0,[0.050128924480195854,-0.07991682492344597,-0.8778488896420195,-4.097718840307949e-5,0.0,-0.21229621418023653,0.8172477069472495,0.0,-1.030747108776126]
447.0,[0.04960712928989094,-0.008973380571281353,-0.15901253671422358,7.247130935011317e-7,0.0,-0.09110008297985213,0.801895274999266,0.0,-1.1173368559072252]
448.0,[0.05002965585759843,-0.024870344728843922,-0.3144114806479221,-5.634784750245233e-6,0.0,-0.0697150161217164,0.8050289105302691,0.0,-1.0996627369695913]
449.0,[0.04980826143233944,-0.09266872623202364,-1.0301256894133444,-4.620748212439386e-5,1.4542316809645478e-7,-0.1694083644996084,0.8203674807093841,0.0,-1.0131511720486581]
450.0,[0.04985892634112896,-0.09063529610155405,-1.0049172661764019,-4.8381621404897255e-5,1.4542316809645478e-7,-0.20695673877133858,0.8199458330640756,0.0,-1.0155293205471752]
451.0,[0.049973561908455505,-0.022453808966400313,-0.29092734343275334,-6.3370261199168726e-6,-1.4542316809645478e-7,-0.11491190971857233,0.8046999764261618,0.0,-1.1015179688308336]
452.0,[0.04993357104510656,-0.020670023882504485,-0.273415872818329,-4.679736487491804e-6,0.0,-0.07204820690242761,0.8041903513753852,0.0,-1.104392321534557]
453.0,[0.04992162715632908,-0.08906680587571111,-0.985994085315719,-4.4325475253673865e-5,0.0,-0.1613614219105061,0.819370693178709,0.0,-1.0187731855848217]
454.0,[0.04981998447879746,-0.09155881102293441,-1.0177864745987784,-4.897150415542143e-5,-1.4542316809645478e-7,-0.20585805643734262,0.8202038834603909,0.0,-1.0140738821749533]
455.0,[0.05028102962772416,-0.07042455444556692,-0.7726602151282529,-3.9791804971073765e-5,0.0,-0.17704782875055286,0.8149116293324641,0.0,-1.0439228955588487]
456.0,[0.05031340143105172,-0.06847740390626444,-0.7537261934892285,-2.9825595452693863e-5,1.4542316809645478e-7,-0.16046496956655884,0.8144430333237177,0.0,-1.0465658390378667]
457.0,[0.04890444583642138,-0.10881917457487703,-1.2729356359115533,-6.958931076898077e-5,-1.4542316809645478e-7,-0.2268235715250788,0.8258911656528577,0.0,-0.98199685824953]
458.0,[0.0486820392171982,-0.11016762153425388,-1.2966618838430173,-7.288703624095878e-5,4.362695042893643e-7,-0.26052655762782306,0.8265471511485957,0.0,-0.9782970132744748]
459.0,[0.05034246059958738,-0.061622520697024986,-0.6800673205164697,-2.9437958216635117e-5,2.9084633619290957e-7,-0.1822907167015171,0.8129829175758989,0.0,-1.054801085011543]
460.0,[0.05035370515435323,-0.05844512825884399,-0.6468234714665663,-2.5320014824880623e-5,-1.4542316809645478e-7,-0.1418567921240173,0.8121435292051301,0.0,-1.0595353464637942]
461.0,[0.05015577522553691,-0.0791723351022391,-0.8688341801855364,-3.956708773277884e-5,0.0,-0.16769997383740587,0.8169007377293168,0.0,-1.0327040610651743]
462.0,[0.04866001019583203,-0.11139988403245718,-1.3159681055384356,-8.01959644165012e-5,0.0,-0.23882154481528195,0.8268706109264135,0.0,-0.9764726573376941]
463.0,[0.048931940705194195,-0.10850365799031617,-1.2631903784479406,-7.05218873079047e-5,1.4542316809645478e-7,-0.2586491389142366,0.8257714237281314,0.0,-0.9826722185454212]
464.0,[0.05034761358704145,-0.05998351155474803,-0.6629238341001955,-2.8370551334734226e-5,1.4542316809645478e-7,-0.1780801072072194,0.8126137204464289,0.0,-1.0568834056621506]
465.0,[0.04957906391179285,-0.09881468216817198,-1.1103468468755366,-3.974124359245741e-5,1.4542316809645478e-7,-0.2007781598216415,0.822209584015289,0.0,-1.002761465714958]
466.0,[0.046367630112780465,-0.12066928240481549,-1.661626925225021,-9.036441944934653e-5,1.4542316809645478e-7,-0.302222155874582,0.8354856909166478,0.0,-0.9278824665199739]
467.0,[0.04702251960761348,-0.11950097187524077,-1.5731571399758169,-8.480266780154715e-5,1.4542316809645478e-7,-0.32463648283132385,0.8332285607440909,0.0,-0.9406129792847183]
468.0,[0.04985791414716477,-0.0898964639584565,-0.9967180241573905,-5.330854685451348e-5,0.0,-0.24127848827647072,0.8198779916953722,0.0,-1.0159119548412703]
469.0,[0.04982751152118573,-0.09116570342430286,-1.0117017866218376,-5.137036067421975e-5,1.4542316809645478e-7,-0.20733403352889213,0.8200742319498259,0.0,-1.0148051338458957]
470.0,[0.04693517647026692,-0.11992509567350734,-1.5852476191539904,-9.120149116199513e-5,1.4542316809645478e-7,-0.28483037673039313,0.8333632780344995,0.0,-0.9398531559453163]
471.0,[0.04682308058961417,-0.1197937567173981,-1.5958523094339043,-8.71116374250275e-5,-1.4542316809645478e-7,-0.3221855760862559,0.8337959813062906,0.0,-0.9374126522509083]
472.0,[0.049764295407240214,-0.09262730394586612,-1.0303659933332494,-5.054452482348591e-5,0.0,-0.24709486425891639,0.8206149130829122,0.0,-1.0117556207295944]
473.0,[0.05033259630931815,-0.04818220119850246,-0.5434217185827692,-2.1106566606850788e-5,1.4542316809645478e-7,-0.14927893459461092,0.8100292446348085,0.0,-1.071460191135155]
474.0,[0.05032961493800543,-0.0673071738073312,-0.7399590072608916,-3.223568783340693e-5,1.4542316809645478e-7,-0.1459466672958979,0.8141392371791495,0.0,-1.0482792894818547]
475.0,[0.05005731635811084,-0.08353834509320865,-0.9187391010155139,-4.461760766345727e-5,-1.4542316809645478e-7,-0.17938101953126406,0.8180039918698833,0.0,-1.0264815617649554]
476.0,[0.05017373706751968,-0.07804211286993605,-0.8562546614510653,-3.878619532970398e-5,-1.4542316809645478e-7,-0.18172930210227742,0.8166863231237151,0.0,-1.0339133878052742]
477.0,[0.05026222122351679,-0.07228572848360094,-0.7913647736257139,-3.985922014256224e-5,0.0,-0.17001203611169408,0.815279150271021,0.0,-1.0418500288467307]
478.0,[0.050249467579567955,-0.07396191665345345,-0.8115298258719704,-3.63367774322893e-5,-1.4542316809645478e-7,-0.16881072960364354,0.8156981256294885,0.0,-1.0394869523995085]
479.0,[0.05020645853785305,-0.07615840914943098,-0.8354150718857775,-3.8690690503428636e-5,0.0,-0.17291267820776585,0.8162086351199065,0.0,-1.0366076113392066]
480.0,[0.050119980366257706,-0.02991174004411362,-0.3635461039501844,-1.1645970874634466e-5,0.0,-0.11405167767135023,0.8061938334931757,0.0,-1.0930924173533207]
481.0,[0.05007266489931333,-0.0271088656907764,-0.33616651371760964,-8.421278505102297e-6,0.0,-0.08394657437663665,0.8055264303571397,0.0,-1.0968566593300755]
482.0,[0.05030920542698197,-0.044038255073323755,-0.5017076080553151,-1.851108250454441e-5,0.0,-0.10288375284776488,0.8090053396357593,0.0,-1.0772351507802675]
483.0,[0.049262302411580236,0.0008308704423402408,-0.06139554360658374,7.4437585185193755e-6,0.0,-0.055869807698531004,0.7997549508281772,0.0,-1.129408567371643]
484.0,[0.048971029795738676,0.007685854681545941,0.008350410650329931,1.1808890872398285e-5,-0.03127936007220265,-0.022290574276264262,0.8038927409463388,0.06174387253477759,-1.1382440406802241]
485.0,[0.05037512685934089,-0.053583869373376405,-0.5957748485215525,-2.2870596927465946e-5,-0.21643766377299653,-0.09520504994203485,0.8504181162534805,0.4272383002346896,-1.0662845920826205]
486.0,[0.04533048096648823,0.05168198025894851,0.5626966224740898,4.41513193939953e-5,-1.4542316809645478e-7,0.022387161734197972,0.7861874586079728,0.0,-1.2059310183117335]
487.0,[0.04634457049392349,0.04436407671444089,0.4376157219689963,3.777496775737682e-5,-1.7286294934604036,0.07091632262976694,1.1039734903146625,3.4122248416395897,-1.1915990828174539]
488.0,[0.0461821409679604,-0.11865130985918028,-1.7147545685497636,-5.014565172551241e-5,-1.3791742757917564,-0.21998397216014787,1.0886418446008137,2.722489586190187,-0.9186681456568475]
489.0,[0.04838357082244755,-0.11897511090097265,-1.3942523772702664,-8.540940434494345e-5,-1.4542316809645478e-7,-0.30478172350982535,0.8293291592718774,0.0,-0.9626061194325212]
490.0,[0.049948864375729186,-0.08738890019643257,-0.9654706851187271,-4.4718730420689984e-5,0.0,-0.2281727775780903,0.8191787679865762,0.0,-1.0198556690578746]
491.0,[0.04962595609762493,-0.09616183731469799,-1.0793325845712172,-5.129170964081653e-5,0.0,-0.21424607348727334,0.8215700313678461,0.0,-1.0063686272517578]
492.0,[0.04688500845669618,-0.11961069041857508,-1.5946140516411111,-8.413975194857712e-5,0.0,-0.29011250333614297,0.8336102428954488,0.0,-0.9384602414590426]
493.0,[0.04694526160285561,-0.11961321616773103,-1.5804391316940383,-9.0476778068494e-5,-1.4542316809645478e-7,-0.3204379467692678,0.8333689464638772,0.0,-0.9398211852537603]
494.0,[0.05033822778846439,-0.05056277029296539,-0.5672961238182347,-2.3567220366180212e-5,-1.4542316809645478e-7,-0.18652245470223783,0.8106555360857817,0.0,-1.0679278245007429]
495.0,[0.05032937569215935,-0.04701015256017693,-0.5313408756520106,-2.1606562462056995e-5,-1.4542316809645478e-7,-0.12121122299068655,0.8096832086027358,0.0,-1.0734118801325034]
496.0,[0.05024124120316806,-0.03774459332653566,-0.4398477177764339,-1.3915614981413202e-5,0.0,-0.10626129551738434,0.8077423508789082,0.0,-1.0843585744473248]
497.0,[0.05024998287831336,-0.03837623267545483,-0.4460028708125949,-1.468527152257332e-5,-1.4542316809645478e-7,-0.10183336424273577,0.8078541707135022,0.0,-1.083727895787778]
498.0,[0.05002341706207367,-0.08543477858945969,-0.941140364927452,-4.196032632061979e-5,1.4542316809645478e-7,-0.16542715021790325,0.8184303958835564,0.0,-1.0240765867196504]
499.0,[0.049970727765355764,-0.08682838594374487,-0.9582236247973841,-4.5420971790361623e-5,0.0,-0.19580390573805537,0.8189016464226069,0.0,-1.0214186713385545]
500.0,[0.05003931770907482,-0.025587758519099033,-0.3214290778277017,-9.101048150944444e-6,-1.4542316809645478e-7,-0.11595324324942016,0.8053338757572159,0.0,-1.097942692746333]
501.0,[0.04921228162622247,-0.10464805138878033,-1.1999296187011426,-6.494889979819056e-5,1.4542316809645478e-7,-0.19284591483883548,0.8241275080821489,0.0,-0.9919441202592849]
502.0,[0.04524354270672734,-0.11752270410633703,-1.7445883905457782,-0.0001034935240967275,0.0,-0.318382444930116,0.8375082899911495,0.0,-0.9164747401739408]
503.0,[0.05032392824827933,-0.06622625419855224,-0.7266423155991935,-3.297725471978018e-5,0.0,-0.21783791957918322,0.8140924647835055,0.0,-1.0485430919807188]
504.0,[0.0500365019695017,-0.08451439559703271,-0.930763330992711,-4.064011254563711e-5,0.0,-0.18165082479270628,0.8182627400499038,0.0,-1.0250221878003274]
505.0,[0.04644987547325282,-0.11860291650535233,-1.6465166870132557,-0.00010581934751307997,1.4542316809645478e-7,-0.2890198577182679,0.8349660976462983,0.0,-0.9308130413007664]
506.0,[0.04888442279945698,-0.10800386274733742,-1.2551139985834672,-7.035896731014087e-5,2.9084633619290957e-7,-0.2796629477309396,0.8257086450984399,0.0,-0.9830262983217487]
507.0,[0.04990359170023982,-0.08940232639358708,-0.9900389001680534,-5.188159239134071e-5,0.0,-0.22023751423722385,0.8196668098572346,0.0,-1.017103048345216]
508.0,[0.04937622024136853,-0.1030880476801014,-1.1368700156191271,-0.00013611684916619318,0.0,-0.22158672029023538,0.8226165838401844,0.0,-1.0004659328613028]
509.0,[0.050256221673838114,-0.07103447235174494,-0.7793863158237369,-3.478622848805432e-5,0.0,-0.18420133735376834,0.8150544165388208,0.0,-1.0431175568259448]
510.0,[0.04940561067338338,-0.10193842769428067,-1.1590641002116484,-5.551077578980374e-5,0.0,-0.21375709948148391,0.8233519515495267,0.0,-0.9963183617001953]
511.0,[0.05017143662669197,-0.07790016576737185,-0.8547622476327085,-4.0095173242771916e-5,-1.4542316809645478e-7,-0.19582201588641795,0.8167024903401938,0.0,-1.0338222025656043]
512.0,[0.04984517890674256,-0.01714084510188322,-0.23909758218168278,-3.516824779315569e-6,0.0,-0.09972353195849627,0.8035789698370231,0.0,-1.1078405942894376]
513.0,[0.050271128530401686,-0.07216226986485827,-0.7910594250357595,-3.879181326066135e-5,-1.4542316809645478e-7,-0.1350292661913281,0.815139719992735,0.0,-1.0426364340612337]
514.0,[0.04551188452839828,-0.11894156895218168,-1.76765756685665,-0.00010670698060434492,2.9084633619290957e-7,-0.29546707053534305,0.8376137037930167,0.0,-0.9158801923864149]
515.0,[0.048720999483056325,-0.11026794429072809,-1.3028074006317634,-4.497715524472915e-5,0.0,-0.2929467415548853,0.8267955422257296,0.0,-0.9768960547402489]
516.0,[0.05028780212552095,-0.042583423559498436,-0.4873875421315578,-1.7617831482322086e-5,0.0,-0.1588199644236253,0.8089083932324385,0.0,-1.0777819413198548]
517.0,[0.05035593198107446,-0.057606175419204715,-0.6381815643319406,-2.733685203857757e-5,1.4542316809645478e-7,-0.12993427778532485,0.811921535092893,0.0,-1.0607874226239973]
518.0,[0.04909322921250673,0.0049410725587954955,-0.01975611399659378,9.376326767855727e-6,0.0,-0.05837202653062621,0.7988987073878898,0.0,-1.1342378936457047]
519.0,[0.050174436401531304,-0.03279372086101509,-0.39142557451739846,-1.1033616400280796e-5,-0.1418002407096678,-0.07136605798077078,0.8324797762483405,0.2799062983831183,-1.0906882548632073]
520.0,[0.04964971505049354,-0.09793814618109221,-1.090487745484698,-4.658950142949523e-5,0.0,-0.18158140255731642,0.8217917388804135,0.0,-1.005118167551606]
521.0,[0.05031710053990268,-0.04591387639652981,-0.5207072766298523,-2.1825661769394548e-5,0.0,-0.1488020340210632,0.8095616044805536,0.0,-1.0740977434683927]
522.0,[0.050328713165200975,-0.06503965724508845,-0.7146813234956556,-3.050536509853601e-5,0.0,-0.14126519394417333,0.8135583438713817,0.0,-1.0515556045829526]
523.0,[0.048491636330770145,-0.11308274018008137,-1.3472292966827577,-8.483075745633402e-5,1.4542316809645478e-7,-0.23426382414403496,0.8275989409866846,0.0,-0.9723647794483449]
524.0,[0.05012312736931002,-0.08040934600885558,-0.8834096066657842,-4.081426840531567e-5,-1.4542316809645478e-7,-0.21084136559511002,0.8173622569078703,0.0,-1.0301010318446244]
525.0,[0.05036958739782776,-0.05714497362332884,-0.6339187293818479,-2.761774858644623e-5,-2.9084633619290957e-7,-0.15196225491033183,0.8119188723168564,0.0,-1.0608024410330967]
526.0,[0.05025289063551959,-0.0727404643616376,-0.7971224314560171,-3.5297460205175276e-5,0.0,-0.15797482416670533,0.8153483070632956,0.0,-1.0414599753896796]
527.0,[0.048570789898770055,-0.11192453264713043,-1.318692152229488,-6.566799496073433e-5,0.0,-0.23494899142375222,0.8268956778838775,0.0,-0.9763312763815362]
528.0,[0.048799177664145287,-0.10940343086963063,-1.2825261111510666,-5.1937771700914434e-5,-1.4542316809645478e-7,-0.26163731339406077,0.8262811838747091,0.0,-0.979797103883508]
529.0,[0.05034685904244996,-0.059994119701203004,-0.6631996716824423,-3.0207614757795235e-5,-1.4542316809645478e-7,-0.17945044176665392,0.8126209978580807,0.0,-1.0568423600977186]
530.0,[0.0503579195619496,-0.05883722555781316,-0.6505508924196778,-2.825257478462939e-5,0.0,-0.1414010200568926,0.8122251292779423,0.0,-1.0590751112584125]
531.0,[0.05014587412821443,-0.07969940843610207,-0.8747954037424759,-3.973000773054266e-5,0.0,-0.16865377498450126,0.8170308105677766,0.0,-1.031970433049169]
532.0,[0.05012121340254136,-0.08069758450253223,-0.886503444351377,-4.156145322264629e-5,0.0,-0.18295173711675095,0.8173281029774591,0.0,-1.030293664530304]
533.0,[0.04897001760177448,-0.10734201543851314,-1.2444286047314548,-4.9752396558496294e-5,-2.9084633619290957e-7,-0.2308560978938112,0.8252831754949608,0.0,-0.9854260031699483]
534.0,[0.04891740191916306,-0.10787464542051918,-1.2557493886473763,-6.846010664654876e-5,-5.816926723858191e-7,-0.25338814081490973,0.8255836369180176,0.0,-0.9837313609964284]
535.0,[0.05033360850328234,-0.06252340490596807,-0.6889645882075858,-3.142108784458783e-5,0.0,-0.18085699662281357,0.8131666906842092,0.0,-1.053764580369672]
536.0,[0.05034978520318281,-0.05997068074903582,-0.6625678952113138,-2.9179533392595954e-5,0.0,-0.14437410274641466,0.812488887382636,0.0,-1.0575874806558745]
537.0,[0.05015973198376057,-0.078937844550601,-0.866227575259851,-3.9280573253952815e-5,0.0,-0.16829157201724987,0.8168474087942303,0.0,-1.0330048433138472]
538.0,[0.050127341776906385,-0.0803200355187013,-0.8820725773369898,-4.06625842694666e-5,-2.9084633619290957e-7,-0.1818862567214197,0.8172293511151001,0.0,-1.030850638097707]
539.0,[0.050233106844401264,-0.07402364596282479,-0.811198579867089,-3.6392956741863034e-5,0.0,-0.17394193830637195,0.815705564540847,0.0,-1.039444995955367]
540.0,[0.04899053753395767,-0.1071061104673477,-1.2400212260701409,-6.908369698281718e-5,1.4542316809645478e-7,-0.2259029723166481,0.8251668012329687,0.0,-0.9860823694025166]
541.0,[0.04880858186624897,-0.10930260296332524,-1.2774881605495514,-6.506125841733803e-5,0.0,-0.25614088336602053,0.826113189033212,0.0,-0.9807446170132748]
542.0,[0.05033780450735209,-0.0627547635286528,-0.6914194222364891,-2.6836856183371364e-5,0.0,-0.18256840564307653,0.8132244314274554,0.0,-1.053438914939349]
543.0,[0.05034658298955064,-0.05917517079487883,-0.6538495003628337,-2.5572821717962413e-5,-1.4542316809645478e-7,-0.14345954025410482,0.8123042956994335,0.0,-1.0586286021684244]
544.0,[0.05016282377623301,-0.07884580625135831,-0.8650923048613027,-3.925810153012332e-5,-1.4542316809645478e-7,-0.1676486617503786,0.816820994346517,0.0,-1.0331538242932679]
545.0,[0.05012351384336907,-0.08055594048986674,-0.8849453835975073,-4.015697048330302e-5,0.0,-0.18219111088552298,0.8172933916856658,0.0,-1.0304894408079093]
546.0,[0.048960963066676605,-0.10774835796272185,-1.2480771289088581,-6.264554810566759e-5,2.9084633619290957e-7,-0.23115793369985405,0.8253514020663317,0.0,-0.9850411962818507]
547.0,[0.05021707737271377,-0.07482440947522614,-0.819962746890789,-3.8887318086936696e-5,-2.9084633619290957e-7,-0.19679996389799675,0.8159764474406495,0.0,-1.0379171805658898]
548.0,[0.04975605062731369,-0.013753007244028732,-0.20612595712124554,-1.629199977638203e-6,-1.4542316809645478e-7,-0.09363852210867248,0.8028788843041991,0.0,-1.1117891693075697]
549.0,[0.05007831478198619,-0.027146650898149362,-0.33632551179995274,-7.75836265213227e-6,0.0,-0.07511485869182294,0.8054999309189437,0.0,-1.0970061196670617]
550.0,[0.05035295060976174,-0.04955065209119441,-0.5565505034198801,-1.888748387868841e-5,1.4542316809645478e-7,-0.10975051743523966,0.8101728475161585,0.0,-1.0706502518873844]
551.0,[0.05032019233237513,-0.04573081009770679,-0.5185162348739273,-1.8230185956675754e-5,-2.9084633619290957e-7,-0.11739601840230497,0.8094033338262978,0.0,-1.074990410895724]
552.0,[0.05023459753005762,-0.037744492296569426,-0.4397911048228723,-1.5870654954579048e-5,-1.4542316809645478e-7,-0.10546444898943122,0.8077341249945867,0.0,-1.0844049695230844]
553.0,[0.05008054160870742,-0.08311361511514465,-0.9139799993235624,-4.0061465657027675e-5,2.9084633619290957e-7,-0.1617326799519388,0.8178450029621829,0.0,-1.0273782802367306]
554.0,[0.050302764192664384,-0.04358816657373405,-0.49752427214639394,-1.8482992849757544e-5,0.0,-0.1352194227491351,0.8090350341045881,0.0,-1.077067670047847]
555.0,[0.05027353939238913,-0.07096162974608743,-0.7782781473710425,-3.3892977465831996e-5,0.0,-0.1479418019738411,0.8149156241320376,0.0,-1.0439003643607896]
556.0,[0.04844154193130589,-0.11329924739772913,-1.3556772743381618,-6.13478060545144e-5,2.9084633619290957e-7,-0.23899962794084723,0.8278089366374153,0.0,-0.9711803761982929]
557.0,[0.05017677364941226,-0.033290687264939174,-0.3963870374050593,-1.3904379119498457e-5,0.0,-0.14916423698831463,0.8069994516471084,0.0,-1.0885486243914235]
558.0,[0.050361397828481105,-0.054954138805460635,-0.6106688734319499,-2.4173956909576507e-5,0.0,-0.12144363656133955,0.8113347666364163,0.0,-1.0640968743410253]
559.0,[0.04833465424868708,-0.1141107200865517,-1.3812163413145224,-6.176915087631739e-5,5.816926723858191e-7,-0.23279690212666673,0.8283487459027634,0.0,-0.9681357805313724]
560.0,[0.05005531037370907,-0.08355238825851571,-0.9201616520401139,-4.265133182837668e-5,2.9084633619290957e-7,-0.21750288183447566,0.8181656417080592,0.0,-1.0255698352932887]
561.0,[0.049654555177995045,-0.09601938506230259,-1.0769096706118753,-4.866251795276591e-5,0.0,-0.211221678710724,0.8215143367170389,0.0,-1.0066827524500515]
562.0,[0.04680250544685112,-0.12034871432194273,-1.6070327654968488,-0.00010205533377163999,-7.271158404822738e-7,-0.2915401866987256,0.8338956662705234,0.0,-0.9368504158654987]
563.0,[0.0491569974322509,-0.1048920387572448,-1.20821618921235,-5.549392199693162e-5,-1.4542316809645478e-7,-0.2704629923627536,0.8246040940615709,0.0,-0.9892561122886778]
564.0,[0.050328823586360705,-0.04848367461775627,-0.5459933921115763,-2.159532660014225e-5,1.4542316809645478e-7,-0.16027783136681226,0.8101228483986833,0.0,-1.070932253524234]
565.0,[0.04962264346283302,-0.09903684706392905,-1.1271301785446852,-3.208400369755785e-5,0.0,-0.1960906497537961,0.8225247777374006,0.0,-1.0009837314258612]
566.0,[0.045777668259868794,-0.11983780578267782,-1.6999328154949767,-0.00010331936823704893,2.9084633619290957e-7,-0.306906647584367,0.8361811896097613,0.0,-0.923959761884594]
567.0,[0.04914050787239786,-0.10447286542732387,-1.1965448867967174,-8.112292302446776e-5,-2.9084633619290957e-7,-0.27494223572442944,0.824329065452249,0.0,-0.9908073100282732]
568.0,[0.05030957349751441,-0.04468706951650336,-0.5082921763668952,-1.8623441123691873e-5,1.4542316809645478e-7,-0.15481460327743674,0.809323286310833,0.0,-1.0754418894722815]
569.0,[0.050356980982091896,-0.06159847556506037,-0.6787176436129436,-2.531439689392325e-5,1.4542316809645478e-7,-0.13620944419295564,0.8128041267967475,0.0,-1.055809488657854]
570.0,[0.050036741215347784,-0.08434900954230132,-0.9287806730871296,-4.555018420238121e-5,0.0,-0.17707801233115714,0.8182074048014498,0.0,-1.025334285921804]
571.0,[0.05013475839813493,-0.07999512314728031,-0.8783258838890489,-4.0600787028935496e-5,-1.4542316809645478e-7,-0.18506458775905088,0.8171630060680878,0.0,-1.0312248329395188]
572.0,[0.050281857786422135,-0.07181189794194534,-0.7884811265868549,-3.285927816967534e-5,1.4542316809645478e-7,-0.17092358024594348,0.8152229992661519,0.0,-1.0421667279423041]
573.0,[0.05025498863755446,-0.07329693741567579,-0.8032035058401773,-3.2297485073938034e-5,0.0,-0.1676486617503786,0.8155279161177957,0.0,-1.0404469565621535]
574.0,[0.05019940998715695,-0.0762577216062428,-0.836251618614469,-3.7881708445566905e-5,1.4542316809645478e-7,-0.17255047524051442,0.8162228299561708,0.0,-1.0365275505848675]
575.0,[0.05022565341611948,-0.07585733985004212,-0.8316135722806651,-3.544914434102435e-5,0.0,-0.17386647935486124,0.816138167041889,0.0,-1.0370050606213155]
576.0,[0.050217537460879313,-0.07487411621861517,-0.820256050171475,-3.705025466387569e-5,-1.4542316809645478e-7,-0.1721761988410213,0.8158901268997854,0.0,-1.0384040398355463]
577.0,[0.05010303071823913,-0.029137042263001636,-0.3560798190001563,-1.1589791565060733e-5,1.4542316809645478e-7,-0.11224368119315357,0.806030488321095,0.0,-1.094013705732483]
578.0,[0.050082768435428644,-0.02764523378153325,-0.34131708796078464,-8.66284953626934e-6,0.0,-0.08412465750220192,0.8056315145029791,0.0,-1.0962639708461561]
579.0,[0.0483087972937836,-0.1138375350578445,-1.3808200506395916,-5.94882709076239e-5,0.0,-0.21782282778888107,0.828333661334703,0.0,-0.9682208594907427]
580.0,[0.047954547809842596,-0.11607898588879788,-1.4216169108662557,-8.74037698348109e-5,-2.9084633619290957e-7,-0.2833876015775083,0.8294298701851713,0.0,-0.9620380965586851]
581.0,[0.0496720753353389,-0.011116832334983997,-0.1801111004287824,-1.0449351580713992e-6,-2.9084633619290957e-7,-0.1263786519901401,0.8024533187253116,0.0,-1.114189415469769]
582.0,[0.049480421009100564,-0.0050325046782407675,-0.11990442884699139,4.483108903983745e-6,1.4542316809645478e-7,-0.04670305426900974,0.8009322550218729,0.0,-1.1227684159758318]
583.0,[0.04798956972100368,-0.1161246514335374,-1.425491284592442,-5.967928056017459e-5,1.4542316809645478e-7,-0.2110405772270983,0.8293185195678944,0.0,-0.9626661287704921]
584.0,[0.049614214647640285,-0.09668931476842592,-1.0859099256972362,-5.686469715053066e-5,0.0,-0.24120302932496002,0.8217923498453108,0.0,-1.005114721628762]
585.0,[0.049579008701212984,-0.008012181472494261,-0.14946241326075932,1.2415627415794581e-6,1.4542316809645478e-7,-0.10193297005872991,0.8017359151034613,0.0,-1.1182356668009859]
586.0,[0.050339865702333716,-0.06401450617767279,-0.7045096620839411,-2.9112118221107476e-5,-1.4542316809645478e-7,-0.11920099652244119,0.8132798319410289,0.0,-1.0531264487139642]
587.0,[0.04977329473175822,-0.09383673367169966,-1.0482864021973364,-4.161201460126266e-5,2.9084633619290957e-7,-0.19371520196023886,0.8208519883913573,0.0,-1.0104184846277153]
588.0,[0.050139635332689676,-0.07955877472309895,-0.8734836695631453,-4.099404219595161e-5,-1.4542316809645478e-7,-0.1914936904277635,0.8170815090931535,0.0,-1.0316844866592303]
589.0,[0.049946030232629446,-0.021333992820619766,-0.27995647575107935,-5.932535090986009e-6,-1.4542316809645478e-7,-0.10586890896952864,0.8044417422146939,0.0,-1.102974443944833]
590.0,[0.050038857620909274,-0.02543287958085638,-0.31994991384954014,-6.938144732355796e-6,0.0,-0.07721563590188116,0.8051677130107638,0.0,-1.0988798726176812]
591.0,[0.04991746795931258,-0.08954791057493586,-0.9906616426572306,-5.065126551167599e-5,2.9084633619290957e-7,-0.1646061568254667,0.8194919549161829,0.0,-1.0180892533439807]
592.0,[0.04986757599864116,-0.09035352352571663,-1.0014638760091468,-4.074685323382719e-5,-2.9084633619290957e-7,-0.20423719815889252,0.8198696997035813,0.0,-1.015958722771903]
593.0,[0.05029295511297502,-0.0703039246658789,-0.7695982975122213,-2.1612180393014368e-5,4.362695042893643e-7,-0.17585255895862317,0.8148578874847221,0.0,-1.044226006689522]
594.0,[0.04922251398702413,-0.10470381993014365,-1.2013136247360836,-6.46904749741514e-5,2.9084633619290957e-7,-0.21848686656217534,0.8242628098342487,0.0,-0.9911810004786266]
595.0,[0.048800870788594485,-0.10941333180632194,-1.2871545212374558,-5.112317171209533e-5,0.0,-0.25518104550280424,0.8263634926700805,0.0,-0.9793328713891366]
596.0,[0.05032911804278665,-0.06421424242092506,-0.7064634112472782,-3.2876131962547465e-5,1.4542316809645478e-7,-0.18515815685892414,0.8135510029528212,0.0,-1.0515970083347501]
597.0,[0.05035755149141717,-0.058803178459190995,-0.6502353053168453,-2.6797530666669754e-5,-2.9084633619290957e-7,-0.14384890844390008,0.8122270215131484,0.0,-1.0590644388015302]
598.0,[0.048758211413885394,-0.10976946243731044,-1.2893919374340643,-6.40837384307551e-5,-1.4542316809645478e-7,-0.22319852349450417,0.8262679038534628,0.0,-0.9798720049601255]
599.0,[0.0485187447254839,-0.11192463367709667,-1.3291787984785717,-8.589816433823491e-5,0.0,-0.26567587647891405,0.8272771038054708,0.0,-0.9741799837256293]
