16.0,[0.03025293169349913,0.03019967544789155,-2.33223807570032,-0.00019617814903146914,-0.041849443045293463,-0.41585126341747225,0.8887615069070692,0.08260904003087433,-0.6704452800649516]
17.0,[0.03025664920587671,0.030228367958303106,-2.3321164180767093,-0.00019705454626081935,-0.04184929762212537,-0.41585126341747225,0.8887615069070887,0.0826090400308743,-0.6704452800648426]
18.0,[0.025691746444998397,-0.0029152196757937314,1.2044128828108474,0.00011098222606290586,0.0,-0.003244734914960607,0.7466681316924693,0.0,-1.4288252500529246]
19.0,[0.04742062469549398,0.03299638697328826,0.2879262546285273,3.2246923695321676e-5,-6.967261502678517,0.14756752557434796,2.062290214374971,13.753135348402528,-1.1749506643307959]
20.0,[0.042198844858907514,-0.09972263847475171,-2.0745274793716164,-0.00014254376218142802,-0.9670672671511223,-0.28591396727408697,1.0258633096037548,1.9089525121626352,-0.8488339711090009]
21.0,[0.04867522991234817,-0.11463072132277802,-1.3257513057262438,-6.174106122153052e-5,0.0,-0.3346544132338859,0.8277775791726836,0.0,-0.9713572364475997]
22.0,[0.05007673207869673,-0.027512278345964213,-0.3401673631911143,-1.006733227561262e-5,0.0,-0.1439334224695921,0.8058116349252318,0.0,-1.095248067836858]
23.0,[0.05035587677049459,-0.05638371282772649,-0.6256719083912263,-2.4994174829352982e-5,0.0,-0.12013970587923445,0.8116313568871405,0.0,-1.0624240660915727]
24.0,[0.049907566861990105,-0.08888980137486237,-0.9836295911063289,-4.665691660098371e-5,0.0,-0.18096565751298901,0.81939648628557,0.0,-1.0186277090500038]
25.0,[0.05009589014990991,-0.08177607939212149,-0.898679445225356,-4.17693166680691e-5,0.0,-0.19079644971580453,0.8176139657945677,0.0,-1.0286813604255542]
26.0,[0.050311689903075905,-0.07009327718627294,-0.7690984171775821,-2.6100907227955487e-5,0.0,-0.16972831045401382,0.8148176886633778,0.0,-1.0444527333597304]
27.0,[0.050284581508362146,-0.07257406800724384,-0.7957450503411736,-2.7308762383790708e-5,0.0,-0.1655931599112268,0.8153552092156277,0.0,-1.041421046337454]
28.0,[0.050146904725705245,-0.03130130619974928,-0.37709587234622644,-1.1050470193152914e-5,1.4542316809645478e-7,-0.11347818963986882,0.8064724712955446,0.0,-1.091520863287488]
29.0,[0.050100325399825736,-0.02859228868504704,-0.3505781239918069,-8.921274360308504e-6,0.0,-0.08646992171515486,0.8058314890976626,0.0,-1.0951360876778768]
30.0,[0.049983444602251355,-0.08687869886693134,-0.9593131230207125,-4.017382427617514e-5,0.0,-0.1623484249962662,0.8188074231610711,0.0,-1.021950102998235]
31.0,[0.05032488523166366,-0.04694125012320271,-0.5304278412094646,-2.1061623159191804e-5,0.0,-0.14191414092716545,0.8097373959857682,0.0,-1.0731062561238534]
32.0,[0.04834508904828159,0.019776615891063002,0.13616318729750035,1.826389354241999e-5,0.0,-0.03237792691421621,0.7955486728267507,0.0,-1.153132531740328]
33.0,[0.0502247332397884,-0.03612599223743875,-0.4239792273462216,-1.2707759825577984e-5,-0.5578239315366437,-0.06645820777451408,0.9090060119961151,1.101125162020095,-1.0869863631303913]
34.0,[0.050380666320854015,-0.06923876573183303,-0.7380419962908231,-3.2218834040534806e-5,-1.4542316809645478e-7,-0.1375103565170003,0.8142245242804353,0.0,-1.047798258948131]
35.0,[0.050307788355432106,-0.04326082948312335,-0.4943822532237274,-1.7938053546892354e-5,-1.4542316809645478e-7,-0.12566933784593942,0.8089327796451816,0.0,-1.0776443987259503]
36.0,[0.050197035932222744,-0.07676196216773601,-0.8409824138296397,-3.93030449777823e-5,1.4542316809645478e-7,-0.15558730294090642,0.8162693189587166,0.0,-1.0362653464605664]
37.0,[0.05027663118486157,-0.04139076480806038,-0.4757174442468522,-1.5960541849897016e-5,0.0,-0.12830134607463303,0.8085626546557786,0.0,-1.079731952629325]
38.0,[0.05007538862125334,-0.02729051757007209,-0.3378877884120664,-8.039259200000925e-6,0.0,-0.09045113599686,0.8055825538878397,0.0,-1.0965401151924503]
39.0,[0.050058512587341245,-0.08412441992735453,-0.925532655442901,-4.376930008889393e-5,0.0,-0.15739228106104264,0.8180690517808442,0.0,-1.026114615260482]
40.0,[0.04988229881993852,-0.08977330842961254,-0.9939343531854593,-4.749960624458968e-5,0.0,-0.1994229170525091,0.819680015286816,0.0,-1.0170285679754554]
41.0,[0.05022223036016785,-0.07239261818788062,-0.7946061663498448,-3.5494087788683335e-5,0.0,-0.17827931883920767,0.8153544016855038,0.0,-1.0414256009141796]
42.0,[0.049227280500419156,-0.10456662123599261,-1.206275689889208,-5.9224228152627366e-5,0.0,-0.220252606027526,0.8243417643375113,0.0,-0.9907356866354823]
43.0,[0.04874247639862384,-0.10981563313188114,-1.2813968634071526,-6.646574115668131e-5,0.0,-0.25449285986502657,0.8262035452517191,0.0,-0.9802349959878394]
44.0,[0.050322529580256084,-0.06402976170257471,-0.7054377531630726,-3.082558716310627e-5,0.0,-0.18455146688877802,0.8135181248993597,0.0,-1.051782444905649]
45.0,[0.05034328875828535,-0.05907171610945125,-0.6526805030983339,-2.691550721677459e-5,0.0,-0.14406623022425094,0.8122822333434494,0.0,-1.0587530367747626]
46.0,[0.0488469532192552,-0.10913145820051828,-1.2886252534991296,-5.56849316494823e-5,0.0,-0.22341886363291547,0.8262803575733472,0.0,-0.9798017643324988]
47.0,[0.04866722437826773,-0.11124409582451839,-1.3259145196668307,-6.767359631251652e-5,0.0,-0.26561249095964506,0.8272596376524142,0.0,-0.9742784951394329]
48.0,[0.05034371203939765,-0.06109888238201411,-0.6742500384052879,-3.154468232565004e-5,0.0,-0.18348296813538637,0.8128682244724207,0.0,-1.0554479692876955]
49.0,[0.05035922621233974,-0.05739603308942994,-0.6346938450332705,-2.7988532029632854e-5,0.0,-0.1400638874361228,0.8118891232443093,0.0,-1.0609702297377117]
50.0,[0.05015787322757178,-0.07930084521929368,-0.8704211496816503,-3.964012083522469e-5,0.0,-0.16722307326385819,0.816932738042066,0.0,-1.0325235750680073]
51.0,[0.05011541629165553,-0.08114898639168303,-0.8917407448212846,-4.1005278057866355e-5,0.0,-0.1833803439613318,0.8174429781945164,0.0,-1.0296457531094731]
52.0,[0.05024124120316806,-0.07404385195607235,-0.8103240904142018,-3.943225738980189e-5,0.0,-0.17436450843483195,0.8156824623678067,0.0,-1.039575295267457]
53.0,[0.05024129641374792,-0.0731443821666566,-0.7993369615650155,-2.8449202368137447e-5,-1.4542316809645478e-7,-0.1683609942526397,0.8154442027134164,0.0,-1.0409191112371423]
54.0,[0.050202501779629385,-0.07569993516264352,-0.8288076174865875,-3.946034704458875e-5,-1.4542316809645478e-7,-0.17135218709052433,0.8160579561174661,0.0,-1.0374574608460132]
55.0,[0.05020877738220739,-0.07596837178293754,-0.8333631534519027,-4.189291114913131e-5,1.4542316809645478e-7,-0.17357671698106011,0.8161622689314046,0.0,-1.0368691227760536]
56.0,[0.05022324255413204,-0.07506758860396069,-0.8234751590734594,-3.4482860216356174e-5,0.0,-0.17258669553723957,0.815949120431221,0.0,-1.0380713085141045]
57.0,[0.0502256718196461,-0.07489401912196403,-0.8210606768306052,-4.472434835164736e-5,0.0,-0.1717717388609239,0.81590526947306,0.0,-1.0383186337190944]
58.0,[0.050213764737921864,-0.0752858133310345,-0.8245056352813723,-3.2297485073938034e-5,1.4542316809645478e-7,-0.17208866645726886,0.8159790592587565,0.0,-1.0379024495662537]
59.0,[0.05022753057583489,-0.07519448224155546,-0.8255331001619683,-3.73817125903607e-5,1.4542316809645478e-7,-0.1723874839052513,0.8159969698413361,0.0,-1.0378014315111475]
60.0,[0.05019839779319275,-0.07525954553981265,-0.8248567560465467,-3.4679487799864234e-5,0.0,-0.17228787808925716,0.8159715168782558,0.0,-1.0379449895900448]
61.0,[0.0502373764625775,-0.07510284806217771,-0.823291468107116,-3.705025466387569e-5,0.0,-0.17217921719908172,0.8159643557476458,0.0,-1.0379853793140177]
62.0,[0.0502221935531146,-0.07517427624830789,-0.8241798096656617,-3.480870021188381e-5,0.0,-0.17220940077968602,0.8159731033225873,0.0,-1.0379360418341472]
63.0,[0.05010838614448604,-0.029470340121620368,-0.3589044440236,-1.1016762607408677e-5,-1.4542316809645478e-7,-0.11282018758269541,0.8060935903475489,0.0,-1.0936578019556342]
64.0,[0.050082271540209854,-0.027472876659131444,-0.3397837200909152,-7.426904725647256e-6,0.0,-0.08413069421832278,0.8056047978863422,0.0,-1.0964146560982795]
65.0,[0.049990382731787734,-0.08732696882712876,-0.9649111805032091,-4.738162969448484e-5,0.0,-0.1624872694670459,0.8189320431849418,0.0,-1.0212472295778545]
66.0,[0.04987731146422404,-0.08982574298208999,-0.9944998804556116,-5.4814152351089475e-5,-1.4542316809645478e-7,-0.20177421798158288,0.8197001823348004,0.0,-1.0169148231569627]
67.0,[0.05028883272301176,-0.07100729529082694,-0.7795971087359341,-3.0027840967159292e-5,0.0,-0.17653470788028,0.8150501836033173,0.0,-1.0431414311421516]
68.0,[0.050219856305233644,-0.06965915142134882,-0.7630829897289347,-5.63534654334097e-5,0.0,-0.16189567128720192,0.8146256488225666,0.0,-1.0455358634664966]
69.0,[0.050137666155341154,-0.03082848595775605,-0.3725174502933012,-1.1089795709854526e-5,0.0,-0.1109427688691089,0.8063676286586372,0.0,-1.0921121896290817]
70.0,[0.0501201459979973,-0.029829905771460948,-0.3625047869639298,-1.0657215026136797e-5,0.0,-0.08771046687799096,0.8060815968727331,0.0,-1.0937254467401902]
71.0,[0.0499828924964527,-0.08704691376071738,-0.9607386853726295,-4.477490973026372e-5,0.0,-0.16326600584663645,0.8188521220694773,0.0,-1.0216979952416891]
72.0,[0.04991128437436769,-0.08919248715371103,-0.9872275249848049,-5.014565172551241e-5,0.0,-0.2006000766960762,0.8195321428240532,0.0,-1.0178625882272092]
73.0,[0.050274496375773456,-0.07103588677127226,-0.7803126001064781,-3.048851130566389e-5,0.0,-0.17623287207423716,0.8150729316346997,0.0,-1.04301312923586]
74.0,[0.0502899737416623,-0.06961631471566396,-0.7634136334683528,-2.2780710032147978e-5,0.0,-0.16230918634148062,0.8146857941565777,0.0,-1.0451966358261606]
75.0,[0.05020918225979306,-0.07634864857585688,-0.8374898764072622,-3.7881708445566905e-5,0.0,-0.1704889366852418,0.8162479771004844,0.0,-1.0363857173642705]
76.0,[0.05014574530352808,-0.03164662662435032,-0.3802559592327956,-1.2325740520476612e-5,0.0,-0.11626111577158386,0.8065476094055294,0.0,-1.0910970744072932]
77.0,[0.05006810082471115,-0.027112098649696013,-0.3360231745373155,-9.629133660937518e-6,0.0,-0.08483699000446304,0.8055243003702982,0.0,-1.096868672737633]
78.0,[0.04996459939099074,-0.08684869296695868,-0.9583079419622631,-4.4246824220270644e-5,0.0,-0.16138858713304993,0.818771215942421,0.0,-1.0221543165012066]
79.0,[0.04987674095489877,-0.08984372631608033,-0.9952701779833267,-4.465131524920151e-5,-1.4542316809645478e-7,-0.20148747396584218,0.8197229087874156,0.0,-1.016786642957773]
80.0,[0.0502710549162952,-0.071412930605272,-0.7827288891457225,-3.455027538784465e-5,-1.4542316809645478e-7,-0.176936149502317,0.815107747345147,0.0,-1.0428167640232322]
81.0,[0.05029282628828867,-0.06942385262998081,-0.7615652807611142,-3.3510958160730624e-5,-1.4542316809645478e-7,-0.16201338725155864,0.8146195225635744,0.0,-1.0455704163776436]
82.0,[0.050216672495128095,-0.07629005119543891,-0.8366641704569123,-3.946596497554613e-5,0.0,-0.17023237625010537,0.8162335081430692,0.0,-1.0364673241981635]
83.0,[0.050193355226898405,-0.07714203690072287,-0.8463299288793533,-3.434241194242184e-5,0.0,-0.1757710632909916,0.8164589043247013,0.0,-1.0351960599165195]
84.0,[0.05022743855820178,-0.07483360320215379,-0.8206878745087477,-3.9359224287356036e-5,0.0,-0.17305454103660597,0.8158969318818001,0.0,-1.0383656588367642]
85.0,[0.050233198862034374,-0.07444564813180037,-0.8161196909687006,-3.415702022082853e-5,0.0,-0.17100507591357506,0.8157988248994534,0.0,-1.0389189951955884]
86.0,[0.05023575695223479,-0.07527379076505218,-0.8252307628993311,-3.906709187757263e-5,0.0,-0.17189850989946187,0.815993967522866,0.0,-1.0378183649844894]
87.0,[0.05021129866535456,-0.07539553187436882,-0.8270273207767155,-3.305028782222603e-5,0.0,-0.17265611777262943,0.8160350278773554,0.0,-1.0375867791533722]
88.0,[0.050222561623647036,-0.0751108294295105,-0.8243496485263464,-2.74773003125119e-5,0.0,-0.17236031868270743,0.815967510073359,0.0,-1.037967588499715]
89.0,[0.05023752369079047,-0.07512214478572915,-0.8233697626173607,-3.49997098644345e-5,0.0,-0.17208866645726886,0.8159507904626884,0.0,-1.0380618893157036]
90.0,[0.050236235443926955,-0.07521872943345255,-0.8242279909027354,-4.119066977945967e-5,0.0,-0.17217921719908172,0.8159740701048703,0.0,-1.037930589054177]
91.0,[0.05020796762703603,-0.07516922474999599,-0.824055742980197,-3.906709187757263e-5,0.0,-0.1722818413731363,0.8159807390917089,0.0,-1.0378929750861798]
92.0,[0.05021508979183863,-0.07513628898100244,-0.8243809663304442,-3.705587259483306e-5,0.0,-0.17224863943447158,0.8159727425030412,0.0,-1.0379380769041195]
93.0,[0.05023698998851844,-0.0751270952540748,-0.824048515794636,-3.719632086876739e-5,0.0,-0.17221241913774643,0.8159701249182253,0.0,-1.0379528404287568]
94.0,[0.05020093747986654,-0.07521478926476927,-0.8244074660108348,-3.937607808022815e-5,-1.4542316809645478e-7,-0.17222449256998815,0.8159728610091733,0.0,-1.037937408513857]
95.0,[0.050228653190958816,-0.07514164356921305,-0.8235227380450696,-3.719632086876739e-5,0.0,-0.17223656600222986,0.8159738751333095,0.0,-1.0379316887195724]
96.0,[0.05023606981218736,-0.07509870583356196,-0.8236829406583395,-3.3112085062757135e-5,0.0,-0.17223354764416943,0.8159729428719097,0.0,-1.0379369467971946]
97.0,[0.05020093747986654,-0.07525853524015026,-0.824870005886742,-3.930866290873968e-5,0.0,-0.17223052928610902,0.8159725541861371,0.0,-1.0379391390363706]
98.0,[0.05021472172130619,-0.0751342683816777,-0.8241731847455641,-3.902214842991365e-5,-1.4542316809645478e-7,-0.17223052928610902,0.8159728704107094,0.0,-1.0379373554879499]
99.0,[0.048892851614649714,-0.1083364533961925,-1.2592666189537538,-8.264538231391588e-5,0.0,-0.22909035842846057,0.8255900280371831,0.0,-0.9836953142388658]
100.0,[0.04885085476689901,-0.10878997691463428,-1.2737246036686345,-6.49208101434037e-5,0.0,-0.2567958670651335,0.8260381763130946,0.0,-0.9811676986780288]
101.0,[0.050340933106877775,-0.062082510133306006,-0.6843620755361237,-2.9848067176523353e-5,0.0,-0.18149085181550356,0.8130729488454722,0.0,-1.0542932967410812]
102.0,[0.050356263244553646,-0.05914031545652677,-0.6547065241172816,-3.121322439916502e-5,0.0,-0.14318788802866625,0.8123256800790868,0.0,-1.0585079914382807]
103.0,[0.050156548173655016,-0.07906079801951249,-0.8675043780423032,-3.95333801470346e-5,0.0,-0.16802897486599258,0.8168750391142038,0.0,-1.0328490046540335]
104.0,[0.05012553823129746,-0.08054765603263522,-0.8846809890590654,-4.0527753926489645e-5,0.0,-0.18230580849181924,0.8172876457352796,0.0,-1.0305218487282088]
105.0,[0.05023829663890859,-0.0739601991440274,-0.8102060463833715,-3.649969743005312e-5,0.0,-0.17404758083848695,0.8156977263798104,0.0,-1.0394892042205088]
106.0,[0.04899210183372051,-0.10717966028276887,-1.2399164318795057,-6.186465570259273e-5,0.0,-0.22577921963617054,0.8251472684193698,0.0,-0.9861925370551734]
107.0,[0.04883381310124731,-0.10899112757741389,-1.279275082179521,-6.401070532830926e-5,0.0,-0.25607749784675155,0.8261151750089406,0.0,-0.9807334158474442]
108.0,[0.05032917325336651,-0.06283488029187942,-0.6917633158161024,-3.239860783117075e-5,0.0,-0.18263782787846639,0.8132313772770103,0.0,-1.0533997394290056]
109.0,[0.05035676013977244,-0.059181535682751814,-0.6538332391953213,-2.6893035492945095e-5,0.0,-0.14347161368634653,0.8123038267219048,0.0,-1.0586312472637267]
110.0,[0.05016019207192611,-0.07885237319916377,-0.8650338851113509,-3.855586016045168e-5,0.0,-0.16763356996007645,0.8168185327649004,0.0,-1.0331677079392239]
111.0,[0.050124415616173534,-0.08056513421679437,-0.8848550437779942,-4.064573047659448e-5,0.0,-0.18219111088552298,0.8172934757598835,0.0,-1.0304889666181993]
112.0,[0.05024751680574605,-0.07405092405370901,-0.8120393424540244,-3.6398574672820404e-5,0.0,-0.1741803885931458,0.8157178711825078,0.0,-1.0393755848683772]
113.0,[0.050272379970211965,-0.07324510904299576,-0.8029457362218332,-3.572442295793563e-5,-1.4542316809645478e-7,-0.168771490948858,0.8154981833601849,0.0,-1.040614653248369]
114.0,[0.050203219517167635,-0.07558708469035583,-0.8282884646571187,-4.179178839189859e-5,-1.4542316809645478e-7,-0.17142764604203503,0.81604724185581,0.0,-1.0375178906991234]
115.0,[0.05020443414992467,-0.07581359387466112,-0.832055635130816,-3.958394152565096e-5,0.0,-0.17343485415221996,0.8161428707032323,0.0,-1.0369785313491005]
116.0,[0.050222359184854196,-0.07508668326757965,-0.8236437934032171,-3.4994091933477125e-5,0.0,-0.1725565119566353,0.8159522625877204,0.0,-1.0380535863357785]
117.0,[0.050202372954943036,-0.07496605348789163,-0.8213539801112911,-3.965135669713944e-5,0.0,-0.17181701423183032,0.8159122207276515,0.0,-1.0382794277236302]
118.0,[0.050117753539536486,-0.029409318022012694,-0.35875026406496424,-9.629133660937518e-6,0.0,-0.11267530639579484,0.8060958085507703,0.0,-1.0936452909960233]
119.0,[0.05008407508581878,-0.02759603218797541,-0.3408497299611701,-8.702175052970953e-6,0.0,-0.08426350197298164,0.8056259768979628,0.0,-1.0962952036710074]
120.0,[0.049949177235681756,-0.08749871976973314,-0.9656585919433144,-5.662874405032099e-5,-1.4542316809645478e-7,-0.16254461827019404,0.8189319606244512,0.0,-1.0212476952299434]
121.0,[0.049880550484909456,-0.08960933679440848,-0.9941752593708277,-4.437603663229023e-5,0.0,-0.20172894261067648,0.8196928344426566,0.0,-1.0169562662406921]
122.0,[0.05025762034186136,-0.07126269904547629,-0.7801283068746713,-4.4246824220270644e-5,0.0,-0.17651659773191744,0.8150499728339198,0.0,-1.0431426199094358]
123.0,[0.05033097679897544,-0.06945931414813031,-0.7619362762865814,-4.9898462763387996e-5,-1.4542316809645478e-7,-0.1619137814355645,0.8146282388738136,0.0,-1.04552125523483]
124.0,[0.05013540252156669,-0.03086990824391358,-0.3722711237187621,-1.1084177778897153e-5,0.0,-0.11095484230135061,0.8063677867409006,0.0,-1.0921112980242036]
125.0,[0.05012938456836139,-0.02978605876611371,-0.3622253357889025,-7.797688168833882e-6,0.0,-0.0877044301618701,0.8060807012460621,0.0,-1.0937304981930946]
126.0,[0.05030622405566926,-0.04380285525198952,-0.4993979200030962,-1.905040387645223e-5,0.0,-0.10408505935581541,0.8089623207102825,0.0,-1.0774777832108493]
127.0,[0.05031945619131026,-0.04454370799441182,-0.5067618198243428,-1.7258283901050204e-5,-1.4542316809645478e-7,-0.1127779305698494,0.8091585886227726,0.0,-1.0763708062204906]
128.0,[0.05027201189967953,-0.03969477476482526,-0.4593442553582933,-1.4679653591615946e-5,1.4542316809645478e-7,-0.10731168412241344,0.8081510722574451,0.0,-1.082053331803391]
129.0,[0.04902971864213526,0.006405097799548467,-0.004806680663561715,1.0483059166458231e-5,0.0,-0.046401218462966895,0.7985459611184551,0.0,-1.1362274292694599]
130.0,[0.050262405258783005,-0.03909910208388678,-0.453590813386234,-1.4561677041511111e-5,-0.18151850722650772,-0.07823282256824556,0.841029362005321,0.35831030168838607,-1.0833217863024582]
131.0,[0.04954422603589798,-0.09875345800863183,-1.1028829709873622,-6.275228879385768e-5,0.0,-0.18644095903460625,0.8220511744458927,0.0,-1.003654916642058]
132.0,[0.04996277744185519,-0.08705934044656465,-0.9613716663746849,-4.305020492635017e-5,0.0,-0.20600897434036403,0.8189998565471805,0.0,-1.0208647532439254]
133.0,[0.050312334026507664,-0.06631475644897661,-0.7291525580507315,-3.653902294675473e-5,-1.4542316809645478e-7,-0.16824025993022257,0.8139515934970752,0.0,-1.0493376246717845]
134.0,[0.05022324255413204,-0.07059145594979188,-0.7726740672339115,-3.402780780880895e-5,1.4542316809645478e-7,-0.1602717946506914,0.8148372561464183,0.0,-1.0443423701668364]
135.0,[0.05017533817433577,-0.07802958515412256,-0.8559842442579894,-3.9628884973309946e-5,0.0,-0.17323262416217125,0.8166483188277998,0.0,-1.0341277370617548]
136.0,[0.04884825986964535,-0.10892707457881907,-1.2750887349432827,-5.4392807529286485e-5,0.0,-0.23310175629076998,0.8259841589193611,0.0,-0.981472363924546]
137.0,[0.04891878218365968,-0.10776270421792762,-1.263432489164236,-5.5864705440118246e-5,0.0,-0.25664494916211206,0.8258281806732088,0.0,-0.9823521018669144]
138.0,[0.0503505397477743,-0.06146582321939005,-0.6776142932839566,-2.921324097834019e-5,1.4542316809645478e-7,-0.18008731531740432,0.8129275044892557,0.0,-1.0551136221507043]
139.0,[0.04957284351979472,-0.09829326651241833,-1.1096024467627486,-6.055005985856742e-5,0.0,-0.2015538778431716,0.8222004487407187,0.0,-1.0028129898720224]
140.0,[0.04869116736640256,-0.11088786416356365,-1.3159855712368749,-5.409505718854571e-5,-1.4542316809645478e-7,-0.25302895620571875,0.826930048514605,0.0,-0.9761374214774066]
141.0,[0.049190528657755625,-0.10424180989453787,-1.1853927372105537,-8.710601949407012e-5,-2.9084633619290957e-7,-0.2486945940309435,0.8240183610023597,0.0,-0.9925597242281583]
142.0,[0.04947131126342283,-0.09904866756997889,-1.1132859023370305,-6.808932320336214e-5,0.0,-0.23133903518347976,0.8223397380620623,0.0,-1.0020273796733214]
143.0,[0.05033975528117399,-0.064239701972417,-0.7058689752348819,-2.8067183063036078e-5,-1.4542316809645478e-7,-0.1743705451509528,0.8135090227610496,0.0,-1.0518337821698227]
144.0,[0.05030688658262764,-0.06504874994204986,-0.7160623182032796,-3.321882575094722e-5,0.0,-0.15209204430693024,0.8136447878111511,0.0,-1.051068049327146]
145.0,[0.04387713606564636,-0.10911105014733824,-1.928648545618211,-0.0008415885291383219,0.0,-0.3164205121908375,0.8420436618513669,0.0,-0.8908946429064638]
146.0,[0.04335972091467741,-0.11253374334354478,-1.952698210103532,-0.00011145975019428258,1.4542316809645478e-7,-0.396216844234385,0.8429468191554335,0.0,-0.8858007162345406]
147.0,[0.050063960031221266,-0.08259331078901962,-0.9094244633582472,-4.386480491516927e-5,-1.4542316809645478e-7,-0.2566902245330185,0.8180714853875254,0.0,-1.0261008893968626]
148.0,[0.0487869761259951,-0.1097464276050082,-1.2900182935160218,-7.08140197176881e-5,0.0,-0.23943427150154892,0.8262774252964649,0.0,-0.9798183027620205]
149.0,[0.04670505877338924,-0.12001592161315518,-1.6146628666529275,-8.707231190832589e-5,2.9084633619290957e-7,-0.3056842125698934,0.8341906188671016,0.0,-0.9351868442020711]
150.0,[0.049803292480151584,-0.015686417707922846,-0.22498108198456174,-3.949405463033299e-6,0.0,-0.14489627869086877,0.8034426816049007,0.0,-1.1086092779479235]
151.0,[0.04437589004062091,0.05660082622517167,0.6592247196238648,5.202204066527503e-5,0.0,0.0551484201220886,0.7837821465685233,0.0,-1.219497296408454]
152.0,[0.04923972128441542,0.0013538015475874547,-0.05596190459560093,9.499921248917936e-6,-2.0107501487211894,0.012837076831002289,1.166106181961902,3.969174025007445,-1.1313744947647346]
153.0,[0.0498530188090834,-0.013437995809299056,-0.13437987926031125,1.9100965255068587e-7,-0.045441976989948285,-0.039745738939722115,0.8101967005050795,0.08970105392153359,-1.1172566488917675]
154.0,[0.04756304958801928,0.031340101706784626,0.26940538709740963,2.6842474114328738e-5,0.0,0.004669399919482845,0.792610297080423,0.0,-1.1697053596618414]
155.0,[0.04940896011522852,-0.002987658161586284,-0.09957134453644045,6.140398536408813e-6,-0.9163566087810395,-0.016932988719003724,0.9675249214732597,1.8088487063719385,-1.1257086579881705]
156.0,[0.05040970708586305,-0.07689390730364266,-0.8060606531986457,-3.512330434549671e-5,0.0,-0.12815042817161162,0.8157766513823267,0.0,-1.0390440567654766]
157.0,[0.050374041051270205,-0.05484229863283531,-0.6107712585607314,-2.489867000307764e-5,0.0,-0.1447725260103912,0.8114164942901708,0.0,-1.0636359195622522]
158.0,[0.050114532922377684,-0.02906096669842452,-0.35504151334121875,-9.157227460518176e-6,0.0,-0.10024268954488996,0.805974492986511,0.0,-1.0943295268270545]
159.0,[0.05014107080776617,-0.08016232774140399,-0.8798863537047722,-3.9758097385329524e-5,1.4542316809645478e-7,-0.1526383671158678,0.8170824956581774,0.0,-1.0316789223019849]
160.0,[0.04991139479552742,-0.08903306186698767,-0.9861253791867448,-4.685354418449177e-5,0.0,-0.19584314439284095,0.8195120418186079,0.0,-1.0179759605570449]
161.0,[0.05022937092849706,-0.07401819034464795,-0.8107011085943033,-4.2134482180298354e-5,0.0,-0.1798518833886909,0.8156973402913305,0.0,-1.0394913818106108]
162.0,[0.05029045223335447,-0.06989141931372968,-0.7656968218401812,-2.8561560987284912e-5,0.0,-0.164108127745496,0.8147135653329634,0.0,-1.0450400027175484]
163.0,[0.05022491727505461,-0.0754306903026196,-0.8271056152869601,-3.729182569504273e-5,0.0,-0.16926952002882867,0.8160285814900612,0.0,-1.0376231376304919]
164.0,[0.050188202239444334,-0.07703524822640945,-0.8448519694321186,-4.061202289085024e-5,-1.4542316809645478e-7,-0.1749983636275219,0.8164189991125419,0.0,-1.0354211305920842]
165.0,[0.0502367875497256,-0.07517235667894936,-0.8232842409215549,-3.489858710720178e-5,0.0,-0.17337146863295097,0.8159679509456244,0.0,-1.0379651019218163]
166.0,[0.050246228558882534,-0.07447474476207687,-0.8166292075507546,-3.4404209182952946e-5,0.0,-0.1712857832131949,0.8158152574780122,0.0,-1.0388263132786824]
167.0,[0.0502085381363613,-0.0751716494691857,-0.8245231009798116,-3.917383256576272e-5,0.0,-0.17180192244152817,0.8159694435849679,0.0,-1.0379566832384604]
168.0,[0.050236566707406144,-0.07538037737943314,-0.8263708514215867,-2.9724472695461145e-5,0.0,-0.17255047524051442,0.8160284199977157,0.0,-1.0376240484686836]
169.0,[0.05023503921469655,-0.0751145675382613,-0.8242791834671261,-3.718508500685264e-5,0.0,-0.17239352062137214,0.8159759479357294,0.0,-1.0379199978397176]
170.0,[0.05011773513600986,-0.029301013898205698,-0.35769268591119724,-1.089878605730384e-5,0.0,-0.11269945326027826,0.806071418740206,0.0,-1.0937828527540883]
171.0,[0.050081829855570935,-0.027498235180657152,-0.33989995732535544,-8.595434364780865e-6,0.0,-0.08406127198293294,0.8056030913340619,0.0,-1.0964242812788965]
172.0,[0.050314100765063346,-0.04422505948089758,-0.5036505164403108,-1.7893110099233366e-5,0.0,-0.103363671779373,0.8090509738718872,0.0,-1.0769777676516383]
173.0,[0.05031502094139443,-0.04538114538455752,-0.5153404890853092,-1.8786361121455692e-5,0.0,-0.11401545737462508,0.8093298163908418,0.0,-1.0754050589571795]
174.0,[0.05004605339981836,-0.08385497300739812,-0.9218558247887167,-4.5050188347175e-5,-1.4542316809645478e-7,-0.16693632924811747,0.8180209677649888,0.0,-1.0263858154708507]
175.0,[0.050032103526639116,-0.08478616620621257,-0.934339583314504,-4.6898487632150754e-5,0.0,-0.19163857161466408,0.8183729342332211,0.0,-1.0244006780290358]
176.0,[0.050293304779980834,-0.07216105750526342,-0.7924386129469932,-3.556150296017181e-5,0.0,-0.17470558289566035,0.8153286054685284,0.0,-1.041571094990454]
177.0,[0.050335559277104244,-0.07123713846401811,-0.7840339984049555,-2.3432390023203257e-5,0.0,-0.16543922365014496,0.8151039344709782,0.0,-1.0428382691379425]
178.0,[0.05019412817501652,-0.07604343704785228,-0.8332174052097548,-3.770755258588834e-5,0.0,-0.17113486531017347,0.8161715842516911,0.0,-1.0368165831373315]
179.0,[0.050196612651110445,-0.07645442695050793,-0.8384757849708822,-3.5061507104965606e-5,0.0,-0.17458786693130365,0.8162860461873283,0.0,-1.0361710026783826]
180.0,[0.05023207624691045,-0.07491301275561675,-0.8214967170261219,-3.273006575765576e-5,0.0,-0.17269837478547542,0.8159130929569495,0.0,-1.0382745082350033]
181.0,[0.050229058068544497,-0.07462618868146743,-0.8187341253454105,-3.6774976046964406e-5,1.4542316809645478e-7,-0.17140651753561204,0.8158603855229464,0.0,-1.0385717851353489]
182.0,[0.04897732380184329,-0.10823784814914433,-1.2591232797734597,-7.251063486681478e-5,0.0,-0.22889114679647227,0.8256061019000795,0.0,-0.9836046555257488]
183.0,[0.04884603304292412,-0.10906568769249743,-1.275416969620847,-4.7746795206714096e-5,1.4542316809645478e-7,-0.25705544585833034,0.8260755220085071,0.0,-0.9809570640155103]
184.0,[0.05033993931644021,-0.062062203110092196,-0.6836929586062631,-3.2022206457026747e-5,-1.4542316809645478e-7,-0.18156329240895386,0.8130684650958298,0.0,-1.0543185856822113]
185.0,[0.050362888514137456,-0.059082425285872466,-0.6547191716920134,-2.3123403820547736e-5,0.0,-0.1430973372868534,0.8123123816504645,0.0,-1.0585829963349345]
186.0,[0.050157615578199075,-0.07904513837474562,-0.8674917304675713,-3.949405463033299e-5,-1.4542316809645478e-7,-0.16800482800150915,0.8168761797702953,0.0,-1.0328425712027822]
187.0,[0.05012288812346394,-0.08057847017233777,-0.8849170771207264,-4.1359207708180863e-5,0.0,-0.1823329737143631,0.8172923587568437,0.0,-1.0304952666631102]
188.0,[0.05023132170231896,-0.07395888575446631,-0.8108059027849386,-4.391536629378563e-5,1.4542316809645478e-7,-0.1740536175546078,0.8156974786872206,0.0,-1.0394906012394822]
189.0,[0.050240008166884405,-0.07306901381184315,-0.80157016190338,-3.270197610286889e-5,-1.4542316809645478e-7,-0.16871716050377028,0.8154979042629663,0.0,-1.0406162273936033]
190.0,[0.0502032747277475,-0.07561618132063233,-0.8289876948601502,-3.761766569057037e-5,0.0,-0.17147292141294146,0.8160544291169303,0.0,-1.0374773535956157]
191.0,[0.05022189909668866,-0.07582682880023829,-0.8318719441644726,-3.922439394437908e-5,0.0,-0.1734590010167034,0.8161432060962046,0.0,-1.0369766396883682]
192.0,[0.0501954716324599,-0.07515578776448635,-0.8237238947098522,-3.7404184314190195e-5,0.0,-0.1725384018082727,0.8159497367721624,0.0,-1.0380678322696606]
193.0,[0.05024103876437522,-0.07492271163237559,-0.8211431871990938,-3.4915440900073904e-5,0.0,-0.17181097751570945,0.8159120189994411,0.0,-1.0382805654974223]
194.0,[0.05021444566840687,-0.07524509825464062,-0.8245014194231285,-3.923001187533646e-5,0.0,-0.17210677660563145,0.8159790643425681,0.0,-1.0379024208928838]
195.0,[0.05020770997766333,-0.07526469806809077,-0.8251554797164035,-3.692666018281348e-5,1.4542316809645478e-7,-0.17237541047300958,0.8159945878479775,0.0,-1.037814866268799]
196.0,[0.050228671594485436,-0.0750558691278771,-0.8238563931118047,-4.105583943648271e-5,0.0,-0.1722818413731363,0.8159714365088802,0.0,-1.037945442883955]
197.0,[0.05022955496376328,-0.07518225761564068,-0.8242207637171743,-3.705025466387569e-5,1.4542316809645478e-7,-0.17218223555714215,0.8159651938260851,0.0,-1.0379806524407522]
198.0,[0.050221733464949056,-0.07524772503376281,-0.8241912527094667,-3.497162020964763e-5,0.0,-0.17221241913774643,0.815973159315122,0.0,-1.0379357260288444]
199.0,[0.05020739711771076,-0.0751911482526696,-0.8245224987143481,-3.7207556730682136e-5,0.0,-0.17224863943447158,0.8159756253972904,0.0,-1.0379218169991813]
200.0,[0.05022810108516017,-0.07506960920328545,-0.8239431193385374,-3.9156978772890606e-5,0.0,-0.17224260271835073,0.8159728953018479,0.0,-1.037937215098636]
201.0,[0.05023494719706344,-0.07513841061029344,-0.8239346876220495,-3.743227396897706e-5,0.0,-0.17222751092804858,0.8159719348473742,0.0,-1.0379426321889247]
202.0,[0.05019484591255476,-0.07521630471426284,-0.8248501311264491,-4.1196287710417045e-5,-1.4542316809645478e-7,-0.17223052928610902,0.8159728667644517,0.0,-1.037937376053326]
203.0,[0.05021554988000417,-0.07517942877658601,-0.8241900481785399,-3.7303061556957474e-5,0.0,-0.17223354764416943,0.8159732364957921,0.0,-1.0379352907196548]
204.0,[0.050199851671795866,-0.07537795266024343,-0.8251175369922079,-4.183673183955758e-5,0.0,-0.17223354764416943,0.8159729197677325,0.0,-1.037937077107811]
205.0,[0.050229076472071116,-0.07521185939574837,-0.8243972274979566,-3.7106433973449414e-5,0.0,-0.17223354764416943,0.8159727788239419,0.0,-1.0379378720494343]
206.0,[0.05020807804819576,-0.07525368580177084,-0.8242008889568815,-4.342660630049417e-5,0.0,-0.17223052928610902,0.8159728859654053,0.0,-1.0379372677574077]
207.0,[0.0502217702720023,-0.07531632438083832,-0.8241780028692715,-4.312323802879602e-5,0.0,-0.17223052928610902,0.8159729392455419,0.0,-1.0379369672503889]
208.0,[0.05020130555039898,-0.07517781229712621,-0.8252783418709413,-4.156145322264629e-5,0.0,-0.17223052928610902,0.815972903186903,0.0,-1.0379371706258826]
209.0,[0.05022180707905555,-0.07528328758187855,-0.8241731847455641,-3.919068635863484e-5,0.0,-0.17223052928610902,0.8159728831923352,0.0,-1.0379372833978897]
210.0,[0.05022822990984652,-0.07517811538702493,-0.8244074660108348,-3.9286191184910185e-5,-1.4542316809645478e-7,-0.17223354764416943,0.8159728952599167,0.0,-1.0379372153351336]
211.0,[0.05021516340594511,-0.07517720611732878,-0.8245887479153244,-3.718508500685264e-5,0.0,-0.17223354764416943,0.8159729027150568,0.0,-1.0379371732871572]
212.0,[0.05022221195664122,-0.07514356313857157,-0.8241876391166861,-3.306714161509815e-5,0.0,-0.17223354764416943,0.8159728987016586,0.0,-1.0379371959232542]
245.0,[0.0462326954555902,0.04551662656928251,0.4539310933730668,3.652778708483998e-5,0.0,-0.0064834331138003565,0.7886386534619155,0.0,-1.1921059550715196]
246.0,[0.04839045374140406,0.019006262398499247,0.1277573682245357,1.9820060417612346e-5,-1.4248514020445167,0.0228036951465371,1.055382148324832,2.812593158551774,-1.1532079056249682]
247.0,[0.04632425300053313,-0.1251821899666949,-1.6883488415715402,-9.240934631783035e-5,-0.5349267628735207,-0.23309873793270958,0.9336794268694772,1.055916229906085,-0.9242678179532867]
248.0,[0.049115479076192355,-0.10770723876646303,-1.2258709990070684,-7.003312731461324e-5,0.0,-0.2791105882058812,0.8251433697438117,0.0,-0.9862145261010693]
249.0,[0.050321388561605535,-0.04508381419391947,-0.5125833177937686,-1.852793629741653e-5,-1.4542316809645478e-7,-0.1580140628214909,0.8094267447869637,0.0,-1.0748583699805758]
250.0,[0.05035534306822256,-0.06076194744461081,-0.6699661241639754,-2.755033341495775e-5,0.0,-0.13529790005870623,0.8125987205093121,0.0,-1.0569680072918026]
251.0,[0.050044930784694436,-0.08428111740498946,-0.9271557608668202,-4.299964354773381e-5,0.0,-0.17629323923544574,0.8181658237670812,0.0,-1.0255688084563197]
252.0,[0.05012855640966342,-0.08028184619146339,-0.8816461733888878,-4.075247116478457e-5,0.0,-0.18537849699733544,0.8172339159650779,0.0,-1.0308248917399574]
253.0,[0.05004349530961794,-0.0258616507575699,-0.32387788920197086,-8.454986090846536e-6,-1.4542316809645478e-7,-0.11181809270663315,0.8053714732230574,0.0,-1.0977306380652887]
254.0,[0.05003491926621224,-0.02528577995001404,-0.31855988515996486,-6.91005507756893e-6,0.0,-0.07950053295362551,0.8051450665693405,0.0,-1.0990076015431645]
255.0,[0.04994869874398959,-0.08830817185923096,-0.9761084999991294,-4.5460297307063234e-5,0.0,-0.16268346274097376,0.8191683644848804,0.0,-1.0199143461836988]
256.0,[0.04986188930891506,-0.0902824994594514,-1.001939665725249,-5.0218684827958264e-5,0.0,-0.20337394775360998,0.8198671355381737,0.0,-1.0159731850040103]
257.0,[0.05026354627743355,-0.07075199256614385,-0.7763725794447789,-3.8510916712792694e-5,0.0,-0.17652565280609872,0.8149721366495758,0.0,-1.043581626285939]
258.0,[0.050281655347629295,-0.06927129738096163,-0.7590351635492832,-3.866260084864177e-5,-2.9084633619290957e-7,-0.1613523668363248,0.8145640562608272,0.0,-1.0458832536626712]
259.0,[0.048957576817778216,-0.10876482045304106,-1.2714143133509521,-5.640964474298344e-5,-1.4542316809645478e-7,-0.2270499483796109,0.8258750734074645,0.0,-0.9820876206423604]
260.0,[0.04877479299137154,-0.11010892312386968,-1.2941956067703089,-7.779148996674551e-5,2.9084633619290957e-7,-0.26025490540238455,0.8265072260206998,0.0,-0.9785221962774281]
261.0,[0.05033530162773154,-0.06167040890102174,-0.6805822574876945,-3.561206433878817e-5,1.4542316809645478e-7,-0.18221525775000638,0.8129873291280824,0.0,-1.0547762032736323]
262.0,[0.050357330649097705,-0.058590813470158994,-0.6474865657417925,-3.06739030272572e-5,-1.4542316809645478e-7,-0.14195639794001144,0.8121577255501806,0.0,-1.059455277199702]
263.0,[0.04877295263870937,-0.1103536177020978,-1.2971991046363887,-5.695458404584863e-5,0.0,-0.22401951688694072,0.8264497227008637,0.0,-0.9788465226083101]
264.0,[0.04857713911545454,-0.11163437458409527,-1.3292576952542798,-6.849381423229301e-5,0.0,-0.2663157683877249,0.8273047746496285,0.0,-0.9740239165040555]
265.0,[0.05033749164739952,-0.06086711963946444,-0.6716669218326758,-2.8982905809087894e-5,0.0,-0.18326262799697507,0.8128100240849409,0.0,-1.0557762271723024]
266.0,[0.05037194304923533,-0.05724135621111977,-0.6340596595002884,-2.7780668584210047e-5,-1.4542316809645478e-7,-0.13980430864292595,0.8118713248236465,0.0,-1.0610706151847697]
267.0,[0.05015257301190473,-0.0793956113276248,-0.8712209582170731,-3.953899807799198e-5,0.0,-0.16729551385730845,0.8169526389235385,0.0,-1.0324113314638523]
268.0,[0.048600143523731654,-0.11155728871985578,-1.3184428143276319,-6.828033285591283e-5,0.0,-0.23948256523051578,0.8269604532714664,0.0,-0.9759659346265201]
269.0,[0.0488701048557453,-0.10841050836144485,-1.261805770147536,-6.469609290510878e-5,2.9084633619290957e-7,-0.258778928310835,0.8257570036599557,0.0,-0.9827535496375357]
270.0,[0.04972461740384384,-0.012998818546063036,-0.198324210308092,-4.696590280363923e-6,0.0,-0.11882068340682721,0.8028033260474325,0.0,-1.112215327871193]
271.0,[0.049671578440120115,-0.01091659094190054,-0.17792246773471107,1.28088825828107e-6,0.0,-0.05498844714488589,0.8021632669851322,0.0,-1.115825345654782]
272.0,[0.04817334733784793,-0.11595966949867095,-1.418656173848079,-5.738154679860899e-5,-1.4542316809645478e-7,-0.21386274201359892,0.8292454442842357,0.0,-0.9630782830373188]
273.0,[0.047788584806768154,-0.11680842224503529,-1.467089157885456,-7.500499621188844e-5,1.4542316809645478e-7,-0.29201105055615245,0.8305282510999896,0.0,-0.9558430828963559]
274.0,[0.05035659450803284,-0.05657607388344339,-0.6285073741930117,-2.691550721677459e-5,0.0,-0.18654358320866082,0.8119269466440313,0.0,-1.060756900759693]
275.0,[0.050352177661643634,-0.05187211865540818,-0.5795606577153367,-2.736494169336444e-5,0.0,-0.13063151849728383,0.8107119398209885,0.0,-1.0676096999726314]
276.0,[0.05013264199257343,-0.08054664573297285,-0.8844461055283314,-4.039292358351269e-5,-1.4542316809645478e-7,-0.1658799039269675,0.81722520935274,0.0,-1.0308739981853239]
277.0,[0.05006697820958723,-0.08285811033052908,-0.9111993396789485,-4.2572680794973454e-5,-2.9084633619290957e-7,-0.18662206051823196,0.8178658017185607,0.0,-1.0272609724993311]
278.0,[0.050236253847453574,-0.07354122787403895,-0.8053445595626384,-3.903900222278577e-5,0.0,-0.17494101482437377,0.815593078976204,0.0,-1.0400794294204578]
279.0,[0.05026119062602597,-0.07237140189497067,-0.7926945757689471,-3.5336785721876886e-5,0.0,-0.16724722012834162,0.8152918725172493,0.0,-1.0417782736950008]
280.0,[0.050227088891195974,-0.07567184883202939,-0.8294598709834722,-3.931428083969705e-5,-1.4542316809645478e-7,-0.17110770008762963,0.816084470540389,0.0,-1.0373079159931848]
281.0,[0.05019085234727785,-0.0761952850871078,-0.8352765508291906,-3.9561469801821465e-5,1.4542316809645478e-7,-0.17395401173861366,0.8162168826892588,0.0,-1.0365610939570038]
282.0,[0.05022396029167028,-0.07492624768119391,-0.8217400322733439,-3.0926709920338995e-5,1.4542316809645478e-7,-0.17268026463711286,0.8159415623124003,0.0,-1.0381139373041028]
283.0,[0.050220279586345944,-0.07488755320412481,-0.8203746964677688,-3.6943513975685595e-5,-1.4542316809645478e-7,-0.17163893110626502,0.8158857408955671,0.0,-1.0384287774795529]
284.0,[0.05021431684372052,-0.07521812325365512,-0.8248212223842049,-3.934798842544129e-5,0.0,-0.17205244616054374,0.815981082696757,0.0,-1.0378910371082541]
285.0,[0.05021987470876027,-0.07537764957034472,-0.8249483003969867,-3.716261328302315e-5,1.4542316809645478e-7,-0.17243275927615773,0.8160039288120092,0.0,-1.0377621819959615]
286.0,[0.05022211993900812,-0.07516841651026608,-0.824698360229667,-3.505027124305086e-5,-1.4542316809645478e-7,-0.17230598823761972,0.8159710321914192,0.0,-1.0379477232879213]
287.0,[0.05022900285796463,-0.07517063916952332,-0.823667884021754,-3.5185101586027814e-5,0.0,-0.1721641254087796,0.815961883507886,0.0,-1.0379993230733107]
288.0,[0.05021525542357822,-0.07521610265433036,-0.8237546102484866,-3.71513774211084e-5,0.0,-0.1722063824216256,0.81597319283703,0.0,-1.037935536960849]
289.0,[0.0502212549732569,-0.0751599299931021,-0.8239310740292689,-3.516262986219832e-5,0.0,-0.17225769450865286,0.8159767948799195,0.0,-1.0379152209624445]
290.0,[0.050249044298455656,-0.07514033017965197,-0.8237257015062424,-3.524128089560154e-5,0.0,-0.1722395843602903,0.8159729220417447,0.0,-1.037937064282081]
291.0,[0.05022854276979909,-0.07509900892346068,-0.8238937335705369,-3.52918422742179e-5,0.0,-0.17222147421192774,0.8159715229563959,0.0,-1.0379449553085305]
292.0,[0.05023638267213993,-0.07513760237056354,-0.8247995408275217,-3.70895801805773e-5,0.0,-0.17223052928610902,0.815972843741628,0.0,-1.0379375059050973]
293.0,[0.05021450087898673,-0.07525590846102809,-0.8244387838149326,-3.953899807799198e-5,1.4542316809645478e-7,-0.17223656600222986,0.8159733811142329,0.0,-1.037934475052518]
294.0,[0.050221733464949056,-0.07510062540292048,-0.8241804119311251,-3.7100816042492044e-5,-1.4542316809645478e-7,-0.17223656600222986,0.8159729326636984,0.0,-1.0379370043728569]
295.0,[0.05022140220146987,-0.075102544972279,-0.8239774484699524,-3.732553328078697e-5,0.0,-0.17223052928610902,0.8159727282058864,0.0,-1.0379381575419642]
296.0,[0.05020794922350941,-0.0752557064010956,-0.8250783897370856,-4.167942977275113e-5,-1.4542316809645478e-7,-0.17223052928610902,0.8159728797440622,0.0,-1.0379373028466061]
297.0,[0.050235793759288036,-0.07514164356921305,-0.8239485397277081,-3.5033417450178735e-5,2.9084633619290957e-7,-0.17222751092804858,0.8159729569061451,0.0,-1.0379368676422505]
298.0,[0.05022852436627247,-0.0751428559288079,-0.8235287606997038,-3.323006161286197e-5,0.0,-0.17222751092804858,0.8159729059654488,0.0,-1.0379371549545169]
299.0,[0.05021580752937688,-0.07518054010621464,-0.8241749915419544,-3.7213174661639506e-5,-1.4542316809645478e-7,-0.17223052928610902,0.8159728770506433,0.0,-1.037937318037845]
300.0,[0.05020798603056265,-0.07518175246580949,-0.824847119799132,-3.716823121398052e-5,-1.4542316809645478e-7,-0.17223354764416943,0.8159728940764948,0.0,-1.0379372220097896]
301.0,[0.05022147581557636,-0.07517841847692364,-0.8244044546835176,-3.727497190217061e-5,-1.4542316809645478e-7,-0.17223052928610902,0.815972904843723,0.0,-1.0379371612811985]
302.0,[0.0502551910763473,-0.07514265386887543,-0.8237678600886819,-3.128625750161087e-5,0.0,-0.17223052928610902,0.8159728991896804,0.0,-1.0379371931707466]
303.0,[0.05024184851954657,-0.07517801435705869,-0.823994311902928,-3.511768641453933e-5,1.4542316809645478e-7,-0.17223052928610902,0.8159728952027722,0.0,-1.0379372156574365]
304.0,[0.05021433524724714,-0.0752207500327773,-0.824417704523713,-3.742665603801968e-5,1.4542316809645478e-7,-0.17223052928610902,0.8159728970667333,0.0,-1.0379372051444498]
305.0,[0.050234763161797216,-0.07521347587520817,-0.8241924572403936,-3.735362293557383e-5,0.0,-0.17223354764416943,0.8159728985354784,0.0,-1.0379371968605322]
306.0,[0.05011037372536118,-0.029420128228400146,-0.35861656113208484,-1.1033616400280796e-5,0.0,-0.11279905907627241,0.8060906151444622,0.0,-1.0936745824946272]
307.0,[0.05008021034522823,-0.027513490705559068,-0.34003305799277145,-8.022405407128807e-6,0.0,-0.0841216391441415,0.8056047721711522,0.0,-1.0964148011353527]
308.0,[0.04998889204613138,-0.08732676676719628,-0.9646510018230113,-4.481423524696533e-5,1.4542316809645478e-7,-0.1624872694670459,0.8189330785208211,0.0,-1.0212413901465327]
309.0,[0.04989247597016032,-0.08963338192637309,-0.9945239710741484,-4.708949728470144e-5,1.4542316809645478e-7,-0.2017772363396433,0.819700224605343,0.0,-1.0169145847455106]
310.0,[0.05024795849038498,-0.07123562301452453,-0.7800247172149629,-3.872439808917288e-5,-1.4542316809645478e-7,-0.17653470788028,0.8150498191477676,0.0,-1.0431434867196647]
311.0,[0.05032692802311867,-0.06936242641050819,-0.7612786024005259,-3.379747263955665e-5,0.0,-0.16189567128720192,0.8146256217765736,0.0,-1.0455360160094749]
312.0,[0.05013788699766062,-0.030829799347317142,-0.3723584522109581,-1.1679678460378703e-5,-1.4542316809645478e-7,-0.11094880558522975,0.8063677547241309,0.0,-1.0921114786030197]
313.0,[0.050122501649404884,-0.029827582082237476,-0.3624331173737827,-9.393180560727846e-6,0.0,-0.08771046687799096,0.8060816104125724,0.0,-1.0937253703737049]
314.0,[0.04995175372940879,-0.08704297359203411,-0.9612433838309762,-4.444906973473607e-5,-2.9084633619290957e-7,-0.16326600584663645,0.8188520785717146,0.0,-1.021698240574825]
315.0,[0.049890856459817605,-0.08908741598882364,-0.9874949308505637,-4.4392890425162346e-5,0.0,-0.2006000766960762,0.8195321367642125,0.0,-1.0178626224055118]
316.0,[0.050272600812531425,-0.07141111206587972,-0.7807823671679464,-3.868507257247126e-5,0.0,-0.17622985371617675,0.8150729467659302,0.0,-1.0430130438937186]
317.0,[0.05029376486814637,-0.06988151837703836,-0.7661178053991123,-3.3117702993714505e-5,-1.4542316809645478e-7,-0.1623152230576015,0.8146857967889046,0.0,-1.0451966209794883]
318.0,[0.05021347028149592,-0.07632652301325078,-0.8376265906674588,-3.781429327407843e-5,0.0,-0.17048591832718135,0.8162479718306938,0.0,-1.0363857470865865]
319.0,[0.05018711643137365,-0.07709556311625346,-0.8452843960348547,-3.478622848805432e-5,-1.4542316809645478e-7,-0.17567145747499746,0.8164360148965976,0.0,-1.0353251593190242]
320.0,[0.050218991339482426,-0.07485734524421969,-0.8204319116867939,-3.930866290873968e-5,1.4542316809645478e-7,-0.1729609719367327,0.8158910717612005,0.0,-1.038398710692171]
321.0,[0.05009092119772205,-0.028626840933500392,-0.35090154054566386,-9.303293665409876e-6,0.0,-0.11163095450688659,0.8059270802835283,0.0,-1.0945969407440148]
322.0,[0.050078793273678354,-0.027624320578522012,-0.3412032597881981,-8.679703329141461e-6,0.0,-0.0838348951284008,0.8056278276307667,0.0,-1.0962847652931638]
323.0,[0.049982616443553375,-0.08754731518349355,-0.9670094733777673,-4.234234562572116e-5,1.4542316809645478e-7,-0.16289474780520374,0.8189907720471872,0.0,-1.02091599102566]
324.0,[0.05032352337069365,-0.04728212522928928,-0.5340637178121362,-2.306160658001663e-5,2.9084633619290957e-7,-0.14284681356783785,0.8098152498495543,0.0,-1.0726671500329579]
325.0,[0.04998464083148176,-0.022833984729353416,-0.2945270841076197,-6.258375086513649e-6,-1.4542316809645478e-7,-0.08835337714486222,0.804683670330332,0.0,-1.1016099373684165]
326.0,[0.05009616620280923,-0.0822776931744925,-0.9042889457516577,-3.95333801470346e-5,1.4542316809645478e-7,-0.15236973324848968,0.817600606426746,0.0,-1.0287567090273542]
327.0,[0.05033644264638208,-0.04868745205965805,-0.5482753759524778,-1.9842532141441837e-5,0.0,-0.14092713784140534,0.8101028000005086,0.0,-1.0710453291421045]
328.0,[0.05003329975586952,-0.025187477792864593,-0.3176281804880528,-7.634768171070061e-6,0.0,-0.09201464547216195,0.805172196714284,0.0,-1.098854583936687]
329.0,[0.05010972960192942,-0.08192156254350401,-0.9002176312189328,-4.090977323159102e-5,-1.4542316809645478e-7,-0.15306697396044863,0.8175156205366457,0.0,-1.029236040690144]
330.0,[0.04986766801627427,-0.0901821767029772,-0.9994944679437605,-5.1066992402521606e-5,0.0,-0.19869851111800627,0.8198043457825501,0.0,-1.016327327532067]
331.0,[0.050229628577869764,-0.07329370445675618,-0.8032968569870076,-4.1780552529983846e-5,0.0,-0.17977340607911976,0.8155539261620703,0.0,-1.0403002564716248]
332.0,[0.050312002763028475,-0.06925705215572209,-0.7607136773958372,-3.3185118165202986e-5,0.0,-0.16309395943719202,0.8146055113310398,0.0,-1.045649441582659]
333.0,[0.04896458856142108,-0.10810650919303509,-1.2619418821422692,-7.739261686877201e-5,0.0,-0.22603879842936736,0.8256851624771021,0.0,-0.9831587434125658]
334.0,[0.04878358987709671,-0.11001486422530223,-1.2921671766895075,-5.605009716171156e-5,0.0,-0.25964217871611756,0.826488102764068,0.0,-0.9786300539746111]
335.0,[0.04863124548372232,-0.10255066928968216,-1.1538147544324724,-0.00014465610422140031,0.0,-0.24070198188692887,0.8228354829357767,0.0,-0.9992313130044109]
336.0,[0.04943893946009527,-0.09906857047332775,-1.1178450518951262,-5.473550131768625e-5,0.0,-0.22890623858677442,0.8224523291656303,0.0,-1.0013923509547318]
337.0,[0.04933845620474081,-0.10252227986916933,-1.169874163014589,-4.068505599329609e-5,0.0,-0.2349580464979335,0.8236695606010251,0.0,-0.9945270046338373]
338.0,[0.04918154773676424,-0.10366028140887269,-1.180514386956845,-7.507241138337692e-5,0.0,-0.2390811236084788,0.8238353153084055,0.0,-0.9935921261568328]
339.0,[0.04934062782088217,-0.10270696264745215,-1.1641791407924815,-5.847704333529674e-5,0.0,-0.23720974161101313,0.823432381627667,0.0,-0.9958647254195399]
340.0,[0.049478194182379344,-0.10169039912716671,-1.1537316417985202,-6.885897974452226e-5,0.0,-0.23574885630976578,0.8233643335607629,0.0,-0.9962485255188301]
341.0,[0.05030348193020263,-0.0651870599658295,-0.7164561998163568,-2.931436373557291e-5,1.4542316809645478e-7,-0.17846343868089382,0.8137486916493937,0.0,-1.0504820179342143]
342.0,[0.05034698786713632,-0.06360270803528724,-0.7004383475512161,-2.5353722410624864e-5,0.0,-0.1506341773637433,0.8132909253388203,0.0,-1.053063880482896]
343.0,[0.05017646078945969,-0.07817648272503243,-0.8576928713777143,-3.902776636087102e-5,0.0,-0.16933290554809768,0.8166688516149961,0.0,-1.034011929425723]
344.0,[0.048745052892350885,-0.10992110841663348,-1.297006379688094,-4.558950971908282e-5,0.0,-0.23605672883192946,0.8264903643416377,0.0,-0.9786172983779382]
345.0,[0.05019361287627111,-0.07585339968135885,-0.8316382651646653,-3.9982814623624454e-5,1.4542316809645478e-7,-0.20129429904997476,0.8162325254415018,0.0,-1.036472866765003]
346.0,[0.049700840047448604,-0.011963362422091109,-0.1882669793344274,-5.730289576520576e-7,0.0,-0.09205992084306838,0.8025040107189654,0.0,-1.1139035059196127]
347.0,[0.05022259843070028,-0.07300384948361972,-0.79842754071525,-4.14771842582857e-5,0.0,-0.13296470927799503,0.8152708898647425,0.0,-1.0418966186308953]
348.0,[0.04975842468224789,-0.0932171168887628,-1.040612335662428,-4.234234562572116e-5,0.0,-0.19777489355151517,0.8206527302376204,0.0,-1.0115423269742794]
349.0,[0.04888747778487618,-0.1087540102466536,-1.2715919816626613,-7.341512175095185e-5,0.0,-0.2434305775735562,0.8259653413769633,0.0,-0.9815784973530067]
350.0,[0.04921682729729803,-0.10482485382969661,-1.2067376274996517,-6.074668744207548e-5,0.0,-0.24895417282414034,0.8245029134310222,0.0,-0.989826784429969]
351.0,[0.04977778519225391,-0.014448598561576466,-0.2129423976362426,-1.6179641157234567e-6,0.0,-0.1172933942282504,0.8030999130103588,0.0,-1.1105425381653555]
352.0,[0.05034685904244996,-0.05997148898876572,-0.6616151112481821,-2.9039085118661625e-5,-1.4542316809645478e-7,-0.11737187153782154,0.8123699413640059,0.0,-1.0582583519360946]
353.0,[0.04800050141581697,-0.11688348750995003,-1.433147885428911,-7.210052590692655e-5,-1.4542316809645478e-7,-0.24258241895857582,0.829604528067404,0.0,-0.9610530029977284]
354.0,[0.050074689287241715,-0.08224253474624173,-0.9048358027924439,-4.2803015964225754e-5,0.0,-0.2189094366906353,0.8178407550462056,0.0,-1.027402239044791]
355.0,[0.05034371203939765,-0.05401213540025874,-0.6016565730373205,-2.596045895402116e-5,0.0,-0.14913707176577076,0.8112311168787942,0.0,-1.0646814726856468]
356.0,[0.05004056914888509,-0.025717177905849743,-0.32270106248644653,-8.02802333808618e-6,-1.4542316809645478e-7,-0.09566987708334083,0.8052887605654413,0.0,-1.0981971483961455]
357.0,[0.05021503458125876,-0.03541282170576563,-0.41744765839542264,-1.3775166707478875e-5,-1.4542316809645478e-7,-0.09174601160478382,0.8072310678443143,0.0,-1.0872422783991091]
358.0,[0.04993778545270293,-0.08849659274626458,-0.978785569984035,-4.28142518261405e-5,-2.9084633619290957e-7,-0.16870206871346813,0.819265091682888,0.0,-1.019368791991076]
359.0,[0.04993715973279779,-0.08763612052381664,-0.9695106818473541,-4.605579798854479e-5,0.0,-0.1994108436202674,0.8191457811846559,0.0,-1.0200417189844673]
360.0,[0.05028137929472997,-0.07037535285200908,-0.7735322955192863,-3.856147809140905e-5,0.0,-0.1742950861994421,0.8149143802664616,0.0,-1.0439073799271872]
361.0,[0.050285096807107556,-0.07021249254643362,-0.7713551058690199,-5.2201814455910975e-5,0.0,-0.16267440766679248,0.8148170986727538,0.0,-1.0444560609848987]
362.0,[0.05019920754836411,-0.07657970410864288,-0.8401079243767526,-3.812889740769132e-5,0.0,-0.17118919575526118,0.8163082351646532,0.0,-1.0360458539109316]
363.0,[0.04881763640134685,-0.10879523047287866,-1.2771015061220352,-7.360051347254516e-5,-1.4542316809645478e-7,-0.23218417544039974,0.8259802115629356,0.0,-0.9814946275369739]
364.0,[0.04886741794085853,-0.10919530913918062,-1.2693810651464434,-7.398253277764654e-5,2.9084633619290957e-7,-0.25727880435480205,0.825939746309712,0.0,-0.9817228569182277]
365.0,[0.050335982558216544,-0.06137388595011359,-0.6778003933121537,-2.5055972069884086e-5,-1.4542316809645478e-7,-0.18041631634599103,0.8129324201211507,0.0,-1.0550858973365358]
366.0,[0.04971208460221446,-0.012515491187581067,-0.19367953905419047,-1.6516717014676955e-6,-1.4542316809645478e-7,-0.08394355601857623,0.8025834068672595,0.0,-1.1134557011400654]
367.0,[0.05016501379590099,-0.03226462692782737,-0.3862605459031013,-1.3202137749826817e-5,1.4542316809645478e-7,-0.0806233621521049,0.8065488921660996,0.0,-1.0910898394679833]
368.0,[0.050358361246588525,-0.05017936157109267,-0.5630194367624833,-2.144926039525055e-5,1.4542316809645478e-7,-0.11331217994654524,0.8103116990011345,0.0,-1.069867111143717]
369.0,[0.049204588952094605,0.0022561001760578693,-0.046957433651995964,7.449376449476749e-6,0.0,-0.05752386791564581,0.7994611227397965,0.0,-1.1310657966600768]
370.0,[0.04888153344577737,0.00961663836631787,0.0283721237162923,1.2994274304404013e-5,-0.06956768057715014,-0.01895830697755123,0.8104474082310433,0.1373230077359793,-1.140657209497577]
371.0,[0.05037553173692656,-0.05466175808316824,-0.6043998922232023,-2.6567195497417454e-5,-0.26957907039781165,-0.09505413203901342,0.8602970793860869,0.5321449501160462,-1.0652301123381835]
372.0,[0.050392002893252984,-0.06232235527315471,-0.6761062205635509,-3.079187957736204e-5,-1.4542316809645478e-7,-0.13997635505237035,0.8128474961124746,0.0,-1.0555648799799073]
373.0,[0.05023021749072166,-0.03652243382495615,-0.42816979044070386,-1.2522368103984671e-5,0.0,-0.11347818963986882,0.8075309034527632,0.0,-1.0855511659027661]
374.0,[0.050177399369317394,-0.03315187209132834,-0.3949909860608498,-1.3421237057164369e-5,0.0,-0.09487906727150858,0.8067753628691169,0.0,-1.0898125147435804]
375.0,[0.05028557529879972,-0.0419115742840166,-0.4807800877323678,-1.66122218409523e-5,2.9084633619290957e-7,-0.10361117714032814,0.8085764424171606,0.0,-1.0796541878311736]
376.0,[0.049965574777901686,-0.08684222704911947,-0.9574238162619613,-4.7005228320340846e-5,0.0,-0.16942647464797095,0.8187915954966205,0.0,-1.0220393731195483]
377.0,[0.05001482261514134,-0.08580838740460733,-0.946478243729751,-4.473558421356211e-5,1.4542316809645478e-7,-0.1953420969548098,0.818661295546875,0.0,-1.0227742820732497]
378.0,[0.05023479996885046,-0.07147688257390057,-0.7820206249607395,-4.620186419343649e-5,1.4542316809645478e-7,-0.17392080979994895,0.8150658054045633,0.0,-1.0430533221165452]
379.0,[0.05027727530829333,-0.07111479117490405,-0.7789659345302691,-4.196594425157716e-5,-2.9084633619290957e-7,-0.16412623789385858,0.8149933358089314,0.0,-1.043462060222776]
380.0,[0.05019438582438922,-0.07644149511482949,-0.8380909373397563,-4.044910289308642e-5,0.0,-0.17137331559694732,0.8162606421282692,0.0,-1.0363142849321312]
381.0,[0.048859007529192415,-0.10896536493602323,-1.272735081512234,-6.574102806318018e-5,1.4542316809645478e-7,-0.2317133115829729,0.8259209192022124,0.0,-0.981829044295128]
382.0,[0.046552070256583096,-0.11961069041857508,-1.6296032660040083,-6.470171083606615e-5,0.0,-0.306801005052252,0.834559190787063,0.0,-0.9331080498157995]
383.0,[0.049342063295958666,-0.10108139049068482,-1.1478228153368983,-1.0803281231028497e-5,4.362695042893643e-7,-0.2638165679136901,0.8231489072345287,0.0,-0.9974635584971364]
384.0,[0.050321241333392566,-0.04723746998421214,-0.5336903132248153,-2.1011061780575446e-5,0.0,-0.15479951148713458,0.809846194851644,0.0,-1.0724926161275155]
385.0,[0.04959621599860427,-0.10146783011154467,-1.1478378719734839,-0.0001133586108578747,0.0,-0.19815218830906872,0.8230070436843806,0.0,-0.9982636876868347]
386.0,[0.048348696139499436,-0.11363527306543628,-1.3597449752781061,-9.24823794202762e-5,0.0,-0.2609491277562831,0.8279464041771024,0.0,-0.970405041089134]
387.0,[0.05029177728727123,-0.0664227574828849,-0.7290170483214617,-3.2769391274357374e-5,-1.4542316809645478e-7,-0.19223620651062892,0.8140434609576599,0.0,-1.0488194800411126]
388.0,[0.05035898696649366,-0.05623742143661405,-0.6242650162686753,-2.5359340341582237e-5,0.0,-0.14193526943358845,0.8116868275595853,0.0,-1.0621112041608722]
389.0,[0.050193686490377594,-0.07756939365790906,-0.850760193628277,-3.606149881537802e-5,-1.4542316809645478e-7,-0.16423188042597356,0.8165120871985053,0.0,-1.034896101472802]
390.0,[0.05011037372536118,-0.08142116112072785,-0.8946201760018996,-3.9561469801821465e-5,-1.4542316809645478e-7,-0.1826166993720434,0.8175002583312491,0.0,-1.0293226855608186]
391.0,[0.04892461610159876,-0.10780493474381506,-1.2539275356205282,-6.382531360671595e-5,0.0,-0.23228981797251474,0.8254597941401145,0.0,-0.9844298506467309]
392.0,[0.04897717657363032,-0.1078629259444356,-1.2535890624300856,-4.5561420064295955e-5,0.0,-0.2535541505082333,0.8255321813901966,0.0,-0.9840215769802942]
393.0,[0.05034084108924467,-0.06227315367959687,-0.6857382521200404,-2.540428378924122e-5,0.0,-0.18034387575254074,0.8131028309223142,0.0,-1.0541247578746487]
394.0,[0.05036053286272988,-0.06017627673032988,-0.6637495400505455,-2.765707410314784e-5,0.0,-0.1443046805110248,0.8125048967359867,0.0,-1.0574971857851296]
395.0,[0.05015842533337043,-0.07903442919832442,-0.8673164712177158,-3.950529049224774e-5,1.4542316809645478e-7,-0.168475691858936,0.8168704216241833,0.0,-1.0328750479085878]
396.0,[0.05013034155174572,-0.08029275742781708,-0.881747956252206,-4.063449461467973e-5,0.0,-0.1819194586600844,0.8172244760477563,0.0,-1.0308781341224402]
397.0,[0.05024650461178186,-0.07396969596085376,-0.8103204768214214,-3.646598984430888e-5,0.0,-0.17387553442904252,0.8156972779262348,0.0,-1.0394917335580005]
398.0,[0.05022154942968284,-0.07333745043213717,-0.8033311861184226,-3.595475812718793e-5,-2.9084633619290957e-7,-0.16886204169067084,0.8155218754586235,0.0,-1.040481026678992]
399.0,[0.050234579126531,-0.07554333871497482,-0.8280066044202378,-3.396601056827785e-5,0.0,-0.17153932529027088,0.8160552909844183,0.0,-1.037472492548969]
400.0,[0.05019433061380935,-0.07597271607148577,-0.8322224626641835,-3.9595177387565706e-5,1.4542316809645478e-7,-0.17340768892967612,0.8161347768769298,0.0,-1.0370241816001635]
401.0,[0.05021076496308253,-0.07503546107469705,-0.8232179917205786,-4.1072693229354836e-5,1.4542316809645478e-7,-0.17251425494378927,0.81594915461226,0.0,-1.0380711157285234]
402.0,[0.050225524591433125,-0.07493715891754761,-0.8214973192915853,-3.702216500908882e-5,0.0,-0.17182305094795117,0.8159149752831973,0.0,-1.0382638916659563]
403.0,[0.05022096051683095,-0.07524620958426925,-0.8245267145725921,-4.1274938743820266e-5,0.0,-0.17211885003787317,0.8159793673240415,0.0,-1.0379007120372925]
404.0,[0.05020811485524901,-0.07533683346398462,-0.8255487590640173,-3.7376094659403325e-5,0.0,-0.1723693737568887,0.8159935544550316,0.0,-1.0378206947417192]
405.0,[0.050222027921375006,-0.07524105705599111,-0.8243129103330777,-3.7179467075895265e-5,0.0,-0.172272786298955,0.8159712954840084,0.0,-1.037946238282888]
406.0,[0.050222340781327576,-0.07511022324971307,-0.8236130778645827,-3.5336785721876886e-5,0.0,-0.1721852539152026,0.8159655539147181,0.0,-1.0379786214932263]
407.0,[0.048905439626858956,-0.10800871218571684,-1.2591190639152157,-6.433092739287952e-5,0.0,-0.22907224828009798,0.8255902144415477,0.0,-0.9836942628935904]
408.0,[0.04890255027317934,-0.1086969283157292,-1.2738980561220998,-3.7539014657167144e-5,2.9084633619290957e-7,-0.2568049221393148,0.8260405803778519,0.0,-0.9811541394347688]
409.0,[0.05033401338086802,-0.06203957239765492,-0.6841332146600237,-3.180872508064657e-5,0.0,-0.18149990688968484,0.8130729590751327,0.0,-1.054293239044443]
410.0,[0.05036244682949854,-0.0592874150873691,-0.6551208827561151,-2.7055955490708917e-5,0.0,-0.1431818513125454,0.8123248339484663,0.0,-1.0585127637269132]
411.0,[0.050160136861346245,-0.07906564745789191,-0.8676013427819139,-3.876934153683186e-5,0.0,-0.16802595650793214,0.8168750076653004,0.0,-1.032849182030009]
412.0,[0.05012594310888314,-0.08054896942219632,-0.884673159608041,-4.0769324957656685e-5,0.0,-0.18230580849181924,0.8172879422119524,0.0,-1.0305201765605534]
413.0,[0.050230567157727474,-0.07396252283325087,-0.8105433150428871,-3.1089629918102814e-5,0.0,-0.17404758083848695,0.8156977472382647,0.0,-1.0394890865760678]
414.0,[0.05026028885322151,-0.07318792608210513,-0.801646047351771,-3.5892960886656824e-5,1.4542316809645478e-7,-0.16872319721989112,0.8154994731881572,0.0,-1.0406073784479768]
415.0,[0.05022881882269841,-0.07554000472608897,-0.8279572186522373,-3.548846985772596e-5,0.0,-0.17147895812906233,0.8160543861177775,0.0,-1.0374775961165261]
416.0,[0.05020528071214926,-0.0759415988418845,-0.8321995765765736,-3.766260913822935e-5,1.4542316809645478e-7,-0.17345296430058255,0.816142651132086,0.0,-1.036979769759413]
417.0,[0.050229481349656796,-0.07507314525210378,-0.8225826016566696,-3.716261328302315e-5,-1.4542316809645478e-7,-0.17254142016633314,0.8159497336481414,0.0,-1.038067849889553]
418.0,[0.05024698310347402,-0.07488472436507015,-0.8213425370674862,-3.4825554004755936e-5,0.0,-0.1718139958737699,0.815912214796629,0.0,-1.0382794611753814]
419.0,[0.05011569234455485,-0.02942477560684709,-0.3588665012994045,-9.084194358072325e-6,0.0,-0.11267832475385527,0.8060966873722222,0.0,-1.0936403343267775]
420.0,[0.05008011832759512,-0.027608660933755143,-0.3409822283631227,-9.848232968275069e-6,0.0,-0.08426652033104207,0.8056260074839356,0.0,-1.0962950311620743]
421.0,[0.04996535393558223,-0.08727018998610307,-0.9650581332762839,-4.670747797960007e-5,0.0,-0.1625385815540732,0.8189316555402189,0.0,-1.0212494159453727]
422.0,[0.04987134872159861,-0.08987848062446616,-0.9942788490305361,-5.053890689252853e-5,0.0,-0.20172894261067648,0.8196928139598081,0.0,-1.0169563817666676]
423.0,[0.050261043397813,-0.07116944838663873,-0.7796001200632512,-3.8774959467789234e-5,0.0,-0.17651659773191744,0.8150500799177776,0.0,-1.043142015942312]
424.0,[0.05032762735713029,-0.06946487079627339,-0.7603161821899794,-2.832560788707524e-5,-2.9084633619290957e-7,-0.16191076307750407,0.8146282496221202,0.0,-1.045521194612959]
425.0,[0.05020804124114252,-0.07643523125692274,-0.8379596434687305,-3.774687810258995e-5,0.0,-0.1703742390789455,0.8162541381581303,0.0,-1.0363509681841128]
426.0,[0.05019591331709882,-0.07718103446769069,-0.846130579010961,-3.747721741663604e-5,0.0,-0.17581030194577718,0.8164565067830403,0.0,-1.035209582368654]
427.0,[0.05022029798987257,-0.07484259486914896,-0.8201084951329368,-3.6898570528026615e-5,0.0,-0.17300624730763914,0.8158895703941804,0.0,-1.038407178600777]
428.0,[0.05021832881252405,-0.07444696152136146,-0.8161389634635301,-3.883113877736296e-5,1.4542316809645478e-7,-0.17098696576521247,0.8157994284302822,0.0,-1.0389155912018744]
429.0,[0.05020804124114252,-0.07535633224746853,-0.8263401358829523,-4.114572633180069e-5,0.0,-0.17191662004782446,0.8159965855681244,0.0,-1.037803598862896]
430.0,[0.050217739899672154,-0.07540310912183666,-0.8268568796505673,-3.3471632644029014e-5,-2.9084633619290957e-7,-0.17266819120487115,0.8160349012078387,0.0,-1.0375874935862026]
431.0,[0.050209219066846306,-0.07515053420624199,-0.8238708474829268,-4.132550012243662e-5,-1.4542316809645478e-7,-0.17236031868270743,0.8159665818272415,0.0,-1.0379728239306139]
432.0,[0.05021661728454823,-0.0751196190365732,-0.823355910511702,-4.090977323159102e-5,-1.4542316809645478e-7,-0.17208262974114802,0.8159508045420817,0.0,-1.038061809906063]
433.0,[0.05022775141815435,-0.07515103935607317,-0.8246598152400081,-3.923562980629383e-5,0.0,-0.17218223555714215,0.8159743981817505,0.0,-1.037928738657172]
434.0,[0.050220997323884194,-0.07524600752433677,-0.8247622003687897,-4.1235613227118655e-5,-1.4542316809645478e-7,-0.1722818413731363,0.8159807449291533,0.0,-1.0378929421622212]
435.0,[0.050247811262172,-0.07503738064405557,-0.8235347833543379,-3.729182569504273e-5,1.4542316809645478e-7,-0.17224863943447158,0.815972626886478,0.0,-1.037938728996831]
436.0,[0.05022830352395301,-0.07524034984622745,-0.8240695950858556,-4.1437858741584085e-5,-1.4542316809645478e-7,-0.1722184558538673,0.8159701190309065,0.0,-1.0379528736340133]
437.0,[0.05020231774436317,-0.07532097175928527,-0.8248332676934733,-3.7449127761849176e-5,-1.4542316809645478e-7,-0.17222751092804858,0.8159729016083889,0.0,-1.0379371795289107]
438.0,[0.05022140220146987,-0.07514346210860533,-0.8244201135855667,-3.90333842918284e-5,0.0,-0.17223354764416943,0.8159738785365668,0.0,-1.0379316695247516]
439.0,[0.05022199111432176,-0.07513598589110373,-0.8241761960728812,-3.2999726443609674e-5,0.0,-0.17223354764416943,0.8159729286408878,0.0,-1.0379370270620412]
440.0,[0.05022153102615622,-0.07517710508736254,-0.8235088859394109,-3.925810153012332e-5,-1.4542316809645478e-7,-0.17223052928610902,0.8159725525020849,0.0,-1.0379391485346479]
441.0,[0.05022817469926665,-0.07521034394625481,-0.8235630898311188,-3.534802158379163e-5,1.4542316809645478e-7,-0.17222751092804858,0.8159728753645104,0.0,-1.0379373275478572]
442.0,[0.05024019220215062,-0.07507264010227259,-0.8237811099288771,-3.731429741887222e-5,0.0,-0.17223354764416943,0.8159730187722687,0.0,-1.0379365187091294]
443.0,[0.05022188069316203,-0.07514265386887543,-0.8237509966557061,-3.519633744794256e-5,1.4542316809645478e-7,-0.17223052928610902,0.8159729095469749,0.0,-1.0379371347542359]
444.0,[0.05020918225979306,-0.07531420275154734,-0.8245845320570805,-3.681430156366602e-5,-1.4542316809645478e-7,-0.17223052928610902,0.8159728553282922,0.0,-1.037937440554778]
445.0,[0.05020211530557033,-0.07525075593274995,-0.8244050569489811,-3.723002845451162e-5,-1.4542316809645478e-7,-0.17223354764416943,0.815972892091418,0.0,-1.0379372332058854]
446.0,[0.05022788024284071,-0.07514679609749118,-0.8239937096374647,-3.535925744570638e-5,0.0,-0.17223052928610902,0.815972912440751,0.0,-1.0379371184329556]
447.0,[0.050203421955960476,-0.07521095012605224,-0.8245610437040071,-3.718508500685264e-5,0.0,-0.17223052928610902,0.8159729001361855,0.0,-1.0379371878323322]
448.0,[0.05021560509058404,-0.07514477549816642,-0.8241647530290762,-3.731429741887222e-5,-1.4542316809645478e-7,-0.17223052928610902,0.815972892548023,0.0,-1.0379372306305732]
449.0,[0.05023470795121735,-0.07517811538702493,-0.8237708714159989,-3.731429741887222e-5,-1.4542316809645478e-7,-0.17223656600222986,0.8159728966407225,0.0,-1.0379372075472064]
450.0,[0.050228450752165976,-0.07517942877658601,-0.8241870368512227,-4.2645713897419305e-5,1.4542316809645478e-7,-0.17222751092804858,0.8159728994538775,0.0,-1.0379371916806404]
451.0,[0.050216065178749575,-0.07517599375773393,-0.8241581281089786,-3.2999726443609674e-5,0.0,-0.17223052928610902,0.8159728981021326,0.0,-1.0379371993046602]
452.0,[0.05022158623673609,-0.07514618991769376,-0.8241852300548325,-3.54379084791096e-5,-1.4542316809645478e-7,-0.17223052928610902,0.8159728970646591,0.0,-1.0379372051561473]
453.0,[0.05023524165348938,-0.07514477549816642,-0.8235167153904354,-3.532554985996214e-5,-1.4542316809645478e-7,-0.17223354764416943,0.8159728975075918,0.0,-1.0379372026579488]
454.0,[0.05011077860294686,-0.029395678976570583,-0.3586822080675977,-8.415660574144924e-6,2.9084633619290957e-7,-0.11280207743433283,0.8060906151232456,0.0,-1.0936745826142917]
455.0,[0.05007675048222335,-0.027514602035187685,-0.34003125119638117,-1.021339848050432e-5,0.0,-0.0841216391441415,0.8056047725187729,0.0,-1.0964147991747257]
456.0,[0.04995712755918233,-0.08741264223849847,-0.964946714165551,-4.717938418001941e-5,0.0,-0.16249028782510633,0.8189330785370181,0.0,-1.0212413900551798]
457.0,[0.04989974536317589,-0.08970268848321226,-0.9935230058739429,-4.4718730420689984e-5,1.4542316809645478e-7,-0.20177421798158288,0.8197002244751256,0.0,-1.016914585479954]
458.0,[0.05020822527640874,-0.07130715223062094,-0.7809383539229723,-4.675803935821643e-5,0.0,-0.17654074459640087,0.8150498191272519,0.0,-1.043143486835376]
459.0,[0.05031209478066158,-0.06927503548971244,-0.7608443690013994,-2.8460438230052194e-5,-1.4542316809645478e-7,-0.16189567128720192,0.8146256218116682,0.0,-1.0455360158115368]
460.0,[0.050226481574817454,-0.07633874763916557,-0.8375416712371164,-3.797721327184225e-5,0.0,-0.17036820236282466,0.8162541433985151,0.0,-1.036350938627649]
461.0,[0.0501824051285585,-0.07722154748415208,-0.8464058143277443,-3.3477250574986384e-5,1.4542316809645478e-7,-0.17581030194577718,0.8164574333894845,0.0,-1.0352043561857298]
462.0,[0.050213451877969294,-0.0748072343809657,-0.8203222993724513,-3.712328776632154e-5,0.0,-0.17300624730763914,0.8158895990814697,0.0,-1.03840701680067]
463.0,[0.05024690948936754,-0.07440806498435988,-0.8161720880640182,-3.2303103004895404e-5,-1.4542316809645478e-7,-0.17098696576521247,0.815799102216995,0.0,-1.0389174310879679]
464.0,[0.05023209465043707,-0.07514730124732237,-0.8255656224969931,-3.739856638323282e-5,0.0,-0.17191662004782446,0.8159965646794138,0.0,-1.0378037166779865]
465.0,[0.05023010706956193,-0.07546928374972246,-0.827061047642667,-3.7370476728445955e-5,-1.4542316809645478e-7,-0.17266819120487115,0.8160350156401751,0.0,-1.0375868481726878]
466.0,[0.05022164144731595,-0.07515265583553297,-0.8242713540161016,-3.739856638323282e-5,1.4542316809645478e-7,-0.17236031868270743,0.8159665929715785,0.0,-1.0379727610750793]
467.0,[0.04893536376114583,-0.10782281704783916,-1.25455991435712,-4.608950557428902e-5,-2.9084633619290957e-7,-0.22895151395768085,0.8255692577089034,0.0,-0.9838124616380309]
468.0,[0.04881494948646008,-0.10881351689676771,-1.2737047289083416,-7.415107070636772e-5,1.4542316809645478e-7,-0.25674757333616666,0.8260396174058661,0.0,-0.9811595707241585]
469.0,[0.05033368211738883,-0.062148684761191814,-0.6844957784690031,-2.751662582921351e-5,0.0,-0.18153914554447043,0.813080311103145,0.0,-1.0542517726338667]
470.0,[0.05035083420420025,-0.05935449898495105,-0.6551034170576759,-3.0859294748850514e-5,0.0,-0.1432029798189684,0.8123254170034861,0.0,-1.0585094752194701]
471.0,[0.050157928438151644,-0.07902533650136301,-0.8674098223645461,-3.949405463033299e-5,0.0,-0.16801086471763002,0.8168724383030046,0.0,-1.0328636735732535]
472.0,[0.05012546461719097,-0.08054603955317542,-0.8846442508657968,-4.0803032543400926e-5,0.0,-0.1822997717756984,0.8172876529462663,0.0,-1.0305218080572895]
473.0,[0.05025563276098622,-0.07401212854667368,-0.811639438186313,-3.672441466834804e-5,0.0,-0.1740505991965474,0.815698645001488,0.0,-1.0394840230727247]
474.0,[0.05023986093867143,-0.07334704827892977,-0.8029529634073942,-3.914574291097586e-5,0.0,-0.168729233936012,0.8154996050190018,0.0,-1.040606634904574]
475.0,[0.050199023513097886,-0.07550535144766939,-0.8283517025307778,-3.739856638323282e-5,0.0,-0.17146990305488102,0.8160540736483108,0.0,-1.0374793584856539]
476.0,[0.0502007350410737,-0.07591048161228324,-0.8321839176745247,-3.757834017386876e-5,-1.4542316809645478e-7,-0.17345296430058255,0.8161425943240647,0.0,-1.036980090164168]
477.0,[0.0501974224062818,-0.07514639197762624,-0.8232517185865302,-4.1229995296161285e-5,0.0,-0.1725384018082727,0.8159498420640279,0.0,-1.038067238409611]
478.0,[0.050219212181801885,-0.07499818101715527,-0.822238105811593,-4.125808495094815e-5,2.9084633619290957e-7,-0.17181097751570945,0.8159122384250435,0.0,-1.0382793279079983]
479.0,[0.05020885099631387,-0.07527884226336408,-0.8244887718483966,-4.114010840084331e-5,2.9084633619290957e-7,-0.17210677660563145,0.8159790344131432,0.0,-1.037902589698799]
480.0,[0.05021444566840687,-0.07529813898691551,-0.8251771612730866,-3.904462015374314e-5,0.0,-0.17237842883107002,0.8159945094134207,0.0,-1.0378153086500757]
481.0,[0.05021470331777957,-0.07509456360494621,-0.8238822905267318,-3.528622434326053e-5,0.0,-0.17227882301507585,0.8159714444811772,0.0,-1.0379453979191449]
482.0,[0.05020872217162752,-0.07518387409510048,-0.8237979733618529,-4.117381598658755e-5,-1.4542316809645478e-7,-0.17218223555714215,0.8159652217685845,0.0,-1.0379804948413587]
483.0,[0.0502217702720023,-0.07521418308497184,-0.8243972274979566,-3.707834431866255e-5,1.4542316809645478e-7,-0.17221241913774643,0.8159731574183272,0.0,-1.037935736727018]
484.0,[0.05020927427742617,-0.07515225171566803,-0.8242984559619556,-4.1005278057866355e-5,0.0,-0.17224863943447158,0.8159756154679426,0.0,-1.0379218730020163]
485.0,[0.05022145741204973,-0.07518155040587701,-0.8239678122225376,-4.106145736744009e-5,-1.4542316809645478e-7,-0.1722395843602903,0.8159728956392565,0.0,-1.0379372131956073]
486.0,[0.05023494719706344,-0.07517195255908442,-0.824117174057466,-3.5269370550388405e-5,1.4542316809645478e-7,-0.17222449256998815,0.8159719383584695,0.0,-1.0379426123858828]
487.0,[0.05022828512042638,-0.07510557587126614,-0.823956971444196,-3.887608222502195e-5,-2.9084633619290957e-7,-0.17223354764416943,0.8159728667568333,0.0,-1.0379373760962944]
488.0,[0.050214997774205516,-0.07528409582160844,-0.8246321110286907,-3.7106433973449414e-5,0.0,-0.17223656600222986,0.8159732352516649,0.0,-1.037935297736697]
489.0,[0.05022843234863936,-0.07517498345807155,-0.8239623918333668,-3.519633744794256e-5,1.4542316809645478e-7,-0.17223052928610902,0.8159729197249903,0.0,-1.037937077348882]
490.0,[0.05022883722622504,-0.07524772503376281,-0.8239581759751229,-4.289290285954372e-5,0.0,-0.17223354764416943,0.8159727792571415,0.0,-1.0379378696061317]
491.0,[0.05022835873453287,-0.07514224974901047,-0.8241864345857594,-3.1039068539486456e-5,1.4542316809645478e-7,-0.17223052928610902,0.8159728859901821,0.0,-1.0379372676176633]
492.0,[0.050228340331006247,-0.07514618991769376,-0.823968414488001,-3.7067108456747804e-5,0.0,-0.17223052928610902,0.8159729390890005,0.0,-1.0379369681333033]
493.0,[0.050216341231648906,-0.0751775092072275,-0.8239666076916108,-3.709519811153467e-5,0.0,-0.17223656600222986,0.8159729031685381,0.0,-1.0379371707294627]
494.0,[0.050115029817596475,-0.029406893302822985,-0.3588177177968674,-1.0365082616353395e-5,0.0,-0.11279905907627241,0.8060906007021398,0.0,-1.0936746639512365]
495.0,[0.05008538173620892,-0.02749641664126487,-0.33992585474028253,-8.62352401956773e-6,0.0,-0.0841216391441415,0.8056047700878316,0.0,-1.0964148128855566]
496.0,[0.04998708850052245,-0.08729019391941818,-0.9649720093150146,-4.067382013138135e-5,0.0,-0.16249028782510633,0.8189330834804034,0.0,-1.0212413621738328]
497.0,[0.04991305111292337,-0.08963974681424608,-0.9938873764793126,-3.837046843885837e-5,-1.4542316809645478e-7,-0.20178025469770375,0.8197002254775969,0.0,-1.0169145798258832]
498.0,[0.05027405469113454,-0.07108417909513397,-0.7795386889859823,-3.4600836766461006e-5,-1.4542316809645478e-7,-0.17653772623834044,0.8150498174135817,0.0,-1.043143496500703]
499.0,[0.050277753799985496,-0.0694531513201898,-0.761318954186575,-3.3516576091687994e-5,0.0,-0.16189265292914148,0.8146256214002473,0.0,-1.045536018132005]
500.0,[0.05020296186779493,-0.07640936758556584,-0.8378108838992655,-3.7921033962268516e-5,0.0,-0.17036820236282466,0.8162541439892336,0.0,-1.0363509352959188]
501.0,[0.05018634348325554,-0.0772176073154688,-0.8465304832786724,-3.934237049448392e-5,-1.4542316809645478e-7,-0.17581633866189803,0.8164574335541992,0.0,-1.035204355256717]
502.0,[0.05022661039950381,-0.074846434007866,-0.8203331401507928,-4.14153870177546e-5,0.0,-0.17300926566569955,0.8158895988783605,0.0,-1.0384070179462328]
503.0,[0.050232665159762345,-0.07444787079105761,-0.8161437815872374,-3.8887318086936696e-5,1.4542316809645478e-7,-0.1709899841232729,0.8157991021520139,0.0,-1.0389174314544705]
504.0,[0.05021505298478538,-0.07524863430345896,-0.8255331001619683,-3.70895801805773e-5,0.0,-0.17191360168976402,0.8159965647489487,0.0,-1.0378037162858011]
505.0,[0.05022442037983583,-0.07550181539885106,-0.8274501111320368,-3.933113463256917e-5,0.0,-0.17266215448875027,0.8160350156654161,0.0,-1.0375868480303247]
506.0,[0.05022800906752706,-0.07507940911001053,-0.8234450458002883,-3.7303061556957474e-5,-1.4542316809645478e-7,-0.172357300324647,0.8159665929479383,0.0,-1.0379727612084126]
507.0,[0.050244535434433336,-0.07504404862182727,-0.8231294586974558,-3.505588917400823e-5,0.0,-0.17207961138308758,0.81595076450679,0.0,-1.0380620357104042]
508.0,[0.05022832192747963,-0.07518134834594453,-0.8236425888722904,-3.52075733098573e-5,0.0,-0.17217921719908172,0.8159743929339102,0.0,-1.0379287682556861]
509.0,[0.050111809200437674,-0.029465793773139664,-0.35898755665755205,-1.1561701910273868e-5,0.0,-0.11285338952136012,0.8060983562658707,0.0,-1.0936309215458253]
510.0,[0.05008021034522823,-0.027494598101872585,-0.3400155922943322,-8.072966785745164e-6,0.0,-0.0841427676505645,0.8056045056603389,0.0,-1.0964163042915962]
511.0,[0.04996472821567709,-0.08735960150622359,-0.9650430766396983,-4.465693318015888e-5,0.0,-0.1624751960348042,0.818930373798917,0.0,-1.0212566451358749]
512.0,[0.04984974298134474,-0.08986554878878772,-0.9955159022924025,-5.378045305493282e-5,-1.4542316809645478e-7,-0.20177421798158288,0.8197002297941274,0.0,-1.01691455548008]
513.0,[0.050274606796933186,-0.07123198593573997,-0.7804794276398457,-3.0494129236621262e-5,0.0,-0.1765437629544613,0.8150507749152021,0.0,-1.0431380960648982]
514.0,[0.05031038325268576,-0.06935697079233134,-0.7602415012725152,-3.769069879301622e-5,0.0,-0.16189868964526236,0.8146256515772796,0.0,-1.0455358479295511]
515.0,[0.04884833348375183,-0.10882776212200725,-1.2710397042327044,-6.228600052439572e-5,1.4542316809645478e-7,-0.2270801319602152,0.8258511726360783,0.0,-0.9822224241547668]
516.0,[0.048720484184310915,-0.11020379026216703,-1.2943329232959688,-6.618484460881266e-5,-5.816926723858191e-7,-0.2600828589929401,0.8264864353245299,0.0,-0.9786394585541882]
517.0,[0.05034822090341997,-0.06156089241761989,-0.6805075765702303,-2.105600522823443e-5,-1.4542316809645478e-7,-0.18220922103388554,0.812995092268268,0.0,-1.0547324181360132]
518.0,[0.05034588365553901,-0.05861879877080688,-0.6476383366385746,-2.4943613450736625e-5,1.4542316809645478e-7,-0.14201676510122002,0.8121652998839655,0.0,-1.059412556955161]
519.0,[0.05015649296307515,-0.07915404867835005,-0.868636034848071,-3.9443493251716633e-5,-2.9084633619290957e-7,-0.16774826756637273,0.8168971683422601,0.0,-1.0327241928803614]
520.0,[0.046797941372248936,-0.11849461238154534,-1.6659680546853586,-8.989251324892719e-5,1.4542316809645478e-7,-0.2875227521202953,0.8353360530865526,0.0,-0.9287264436770196]
521.0,[0.04680243183274463,-0.1201890869752869,-1.6355723190119722,-4.589287799078097e-5,4.362695042893643e-7,-0.332731719149393,0.8347492884135846,0.0,-0.9320358740545583]
522.0,[0.04988897930010219,-0.0899559706085706,-0.9993378789232711,-5.217934273208148e-5,1.4542316809645478e-7,-0.24586337417026158,0.8199718087069477,0.0,-1.0153828144851076]
523.0,[0.04990644424686618,-0.0890944880864603,-0.9876135771468576,-4.148842012020045e-5,0.0,-0.20458732769390223,0.819559103496562,0.0,-1.0177105264676825]
524.0,[0.05031439522148929,-0.0701414684801684,-0.7697705454347598,-3.8819902915448215e-5,0.0,-0.17499232691140107,0.8148481438628881,0.0,-1.044280962005631]
525.0,[0.050343969688770356,-0.06947699439222194,-0.7634919279785974,-2.8348079610904732e-5,2.9084633619290957e-7,-0.16163609249400507,0.814671809701222,0.0,-1.045275510004344]
526.0,[0.05014138366771874,-0.031166431194821726,-0.37568898022367536,-1.0528002614117215e-5,0.0,-0.11150720182640902,0.8064395627917443,0.0,-1.0917064716023253]
527.0,[0.050121544666020555,-0.02973291700387259,-0.3616007865033351,-7.949372304682956e-6,0.0,-0.08781309105204552,0.8060678888061525,0.0,-1.0938027620491186]
528.0,[0.0499755126822774,-0.08698983182979299,-0.960838059174094,-4.9274872427119584e-5,-1.4542316809645478e-7,-0.16308188600495033,0.8188266056871294,0.0,-1.021841911013646]
529.0,[0.050322419159096354,-0.04654895076430106,-0.5262920842721538,-2.0106574896438374e-5,0.0,-0.14147044229228245,0.8096546282399912,0.0,-1.0735730771592253]
530.0,[0.04998850557207232,-0.023101512079951297,-0.29702949710813326,-6.376351636618484e-6,1.4542316809645478e-7,-0.0882356611805055,0.8047349279610727,0.0,-1.101320837550263]
531.0,[0.05024416736390091,-0.038077992215120635,-0.4429999752119786,-1.5275154273097496e-5,-1.4542316809645478e-7,-0.09343025540250291,0.8077626241297108,0.0,-1.0842442306308877]
532.0,[0.05033666348870154,-0.04667402586250354,-0.5282446289045641,-1.708974597232901e-5,0.0,-0.11221349761254928,0.8095931597313029,0.0,-1.0739197676797816]
533.0,[0.05000063349611602,-0.08553843533481975,-0.9432741914643521,-4.5965911093226814e-5,0.0,-0.17031387191773692,0.8184803526800914,0.0,-1.023794823778502]
534.0,[0.050033060510023444,-0.08452550889331888,-0.9300556690731915,-4.342660630049417e-5,1.4542316809645478e-7,-0.1923931611297712,0.8182957385793739,0.0,-1.0248360717288023]
535.0,[0.050268717668414245,-0.0717061195672943,-0.7850969969478933,-3.128625750161087e-5,-1.4542316809645478e-7,-0.17354955175851625,0.8151637761838575,0.0,-1.0425007539609548]
536.0,[0.05023487358295695,-0.07181230206181029,-0.7867062502661537,-3.8814284984490845e-5,0.0,-0.1651283327699208,0.8151257608040676,0.0,-1.0427151657319536]
537.0,[0.050190723522591504,-0.07631500559709967,-0.8368201572119383,-3.9364842218313406e-5,0.0,-0.17153932529027088,0.8162304535938465,0.0,-1.03648455225986]
538.0,[0.050205630379155076,-0.07642613855996133,-0.8381818794247328,-3.8033392581415984e-5,-1.4542316809645478e-7,-0.1746995461795395,0.8162802871095631,0.0,-1.0362034846388357]
539.0,[0.05021350708854916,-0.07482622801461843,-0.8202873679755728,-3.9055856015657885e-5,1.4542316809645478e-7,-0.1725565119566353,0.8158921222483344,0.0,-1.038392785805768]
540.0,[0.050229058068544497,-0.07459709205119093,-0.8188341014123384,-3.27637733434e-5,1.4542316809645478e-7,-0.17135822380664517,0.8158617266989402,0.0,-1.0385642207253223]
541.0,[0.048957282361352265,-0.1082310791414064,-1.2611950729676273,-5.480291648917473e-5,-1.4542316809645478e-7,-0.22893038545125785,0.8256130491243587,0.0,-0.9835654722617785]
542.0,[0.04892640124368106,-0.10877068019108285,-1.2744949011963498,-5.596582819735096e-5,1.4542316809645478e-7,-0.25706751929057203,0.8260752886855023,0.0,-0.9809583799881234]
543.0,[0.05034021536933953,-0.06209160283026742,-0.6840422725750472,-2.971885476450377e-5,0.0,-0.18154518226059127,0.8130660105190253,0.0,-1.0543324298201]
544.0,[0.050350171677241866,-0.05909060871313773,-0.6543228810170825,-2.715146031698426e-5,-1.4542316809645478e-7,-0.14309130057073255,0.8123123823578766,0.0,-1.0585829923450365]
545.0,[0.05015564640085055,-0.079069082476744,-0.8676952961942076,-3.949405463033299e-5,0.0,-0.1680018096434487,0.8168770440227767,0.0,-1.0328376967044568]
546.0,[0.050123237790469746,-0.08057190322453231,-0.8849351450846291,-3.923562980629383e-5,1.4542316809645478e-7,-0.18233599207242354,0.8172923868567212,0.0,-1.0304951081760838]
547.0,[0.050256516130264065,-0.07404486225573474,-0.8110431953775263,-2.872448098504873e-5,2.9084633619290957e-7,-0.1740536175546078,0.8156971744290754,0.0,-1.0394923172956707]
548.0,[0.050250737422904854,-0.07328562205945714,-0.8015876276018192,-3.621318295122709e-5,2.9084633619290957e-7,-0.16870810542958897,0.8154978842803933,0.0,-1.0406163400979587]
549.0,[0.05021013924317739,-0.07560819995329954,-0.8285787566104875,-3.9443493251716633e-5,-1.4542316809645478e-7,-0.17146990305488102,0.8160545358236978,0.0,-1.037476751755331]
550.0,[0.05019950200479005,-0.0758575419099746,-0.8322339057079886,-3.781429327407843e-5,-2.9084633619290957e-7,-0.17346201937476383,0.8161432166712709,0.0,-1.0369765800435957]
551.0,[0.05022397869519691,-0.0751425528389092,-0.8232366619499447,-3.9213158082464334e-5,4.362695042893643e-7,-0.17254142016633314,0.81594969945235,0.0,-1.0380680427583402]
552.0,[0.05010949035608334,-0.0291377494727653,-0.3558509581240563,-1.0836988816772736e-5,1.4542316809645478e-7,-0.11239158073811456,0.8060306758863435,0.0,-1.094012647839669]
553.0,[0.050075535849466314,-0.027545820294755188,-0.34052510887638626,-8.617906088610357e-6,2.9084633619290957e-7,-0.0839948681056035,0.8056108669477489,0.0,-1.0963804257890815]
554.0,[0.04996121314209235,-0.08745366040479105,-0.9664090147107368,-4.5140075242492966e-5,0.0,-0.16263215065394648,0.8189541505645127,0.0,-1.0211225410325309]
555.0,[0.04989113251271693,-0.08969965758422513,-0.9930725113073041,-5.055576068540065e-5,1.4542316809645478e-7,-0.20182251171054974,0.8196987903867452,0.0,-1.0169226739281318]
556.0,[0.050021392674145286,-0.024822860644712123,-0.31379476081337915,-8.022405407128807e-6,0.0,-0.11710625602850383,0.8051786664414516,0.0,-1.098818093819593]
557.0,[0.04994555174093728,-0.021129508168954318,-0.27794189777593664,-4.893217863871982e-6,0.0,-0.0739226072579537,0.8042904017721652,0.0,-1.1038280240612386]
558.0,[0.04810742590548902,-0.11579792052272413,-1.4006195277495517,-9.999917104124142e-5,2.9084633619290957e-7,-0.21561942640476828,0.8285628629049921,0.0,-0.966928132313665]
559.0,[0.04800870938869024,-0.11577832070927398,-1.4371083831163665,-7.541510517177668e-5,-1.4542316809645478e-7,-0.2863938862056951,0.8298537915002498,0.0,-0.9596471242618854]
560.0,[0.05034384086408401,-0.057748930761498826,-0.638943430143168,-3.0971653367997975e-5,4.362695042893643e-7,-0.18605460920287142,0.8121459306392808,0.0,-1.0595218020575037]
561.0,[0.05036542820081125,-0.05289595633326275,-0.5906200584201335,-2.4943613450736625e-5,-1.4542316809645478e-7,-0.13263872660746875,0.810955098246913,0.0,-1.0662382542834448]
562.0,[0.05013553134625304,-0.08025507325041036,-0.8811559293016633,-4.0140116690430896e-5,-2.9084633619290957e-7,-0.1661123174976205,0.8171561815145405,0.0,-1.0312633243243325]
563.0,[0.050088252686361905,-0.08247823765747468,-0.9068588124840745,-4.0263711171493105e-5,0.0,-0.1859157647320917,0.8177782480602389,0.0,-1.0277547867145758]
564.0,[0.050260509695540974,-0.0734962695390631,-0.8064689891828452,-3.3932302982533607e-5,0.0,-0.1748383906503192,0.8156145795740025,0.0,-1.039958163204601]
565.0,[0.050260307256748134,-0.07237887811247226,-0.7941502513940353,-3.5690715372191394e-5,1.4542316809645478e-7,-0.16749472548929673,0.8153235163858744,0.0,-1.0415997980898477]
566.0,[0.05023102724589302,-0.0755859733607272,-0.8289834790019063,-3.4168256082743277e-5,-1.4542316809645478e-7,-0.17115297545853606,0.8160779279141261,0.0,-1.037344817270819]
567.0,[0.05020139756803209,-0.07614406289422519,-0.8349200096748455,-3.9319898770654425e-5,1.4542316809645478e-7,-0.17389062621934467,0.8162055040115005,0.0,-1.0366252712048252]
568.0,[0.048960944663149986,-0.10807731153279235,-1.2577748074008606,-7.018481145046232e-5,-1.4542316809645478e-7,-0.22953707542140397,0.8255625724099592,0.0,-0.9838501676084621]
569.0,[0.048921303466806856,-0.10879967579139312,-1.2713872114050984,-6.388149291628967e-5,1.4542316809645478e-7,-0.25630387470128363,0.8259610628611864,0.0,-0.9816026287479852]
570.0,[0.05032026594648161,-0.06215403934940242,-0.6847409005126154,-3.1741309909158096e-5,-1.4542316809645478e-7,-0.1813278604802404,0.8130801862702216,0.0,-1.0542524767080692]
571.0,[0.05032405707296568,-0.05952251181880463,-0.6570529503627692,-2.7157078247941632e-5,0.0,-0.14334484264780853,0.8123530746806102,0.0,-1.058353482261708]
572.0,[0.05015952954496773,-0.07904483528484692,-0.8675043780423032,-3.949405463033299e-5,0.0,-0.16809236038526157,0.8168733932936036,0.0,-1.0328582872999408]
573.0,[0.05021214522757916,-0.03563195570253557,-0.41965496131886,-1.3033599821105623e-5,-1.4542316809645478e-7,-0.12287433828198265,0.8073831629088007,0.0,-1.0863844421150348]
574.0,[0.05005727955105759,-0.026095333069478092,-0.32638993844989916,-7.494319897135734e-6,-1.4542316809645478e-7,-0.08589341532561301,0.8053349813910246,0.0,-1.09793645682539]
575.0,[0.050012963858952555,-0.08567654329866692,-0.9446106185276829,-4.544344351419112e-5,-1.4542316809645478e-7,-0.1591036900813056,0.8184734602593321,0.0,-1.02383369794337]
576.0,[0.04987195603797712,-0.09006488091217503,-0.9982363353906744,-5.050519930678429e-5,-1.4542316809645478e-7,-0.2010347202567779,0.8197789259927593,0.0,-1.0164706985092238]
577.0,[0.050264816120770446,-0.07167409306799688,-0.7865448431219569,-2.841549478239321e-5,2.9084633619290957e-7,-0.1776997940916054,0.8152147695912634,0.0,-1.0422131443973635]
578.0,[0.050312021166555095,-0.0695251856861174,-0.7607317453597398,-3.8651364986727026e-5,0.0,-0.16219750709324476,0.8146032676617198,0.0,-1.0456620961744345]
579.0,[0.05021181396409997,-0.07605263077477993,-0.8349332595150408,-3.4724431247523214e-5,2.9084633619290957e-7,-0.16995770566660637,0.8161952170391276,0.0,-1.0366832910898525]
580.0,[0.05019203017298164,-0.0771738613400878,-0.8465780622502828,-3.844911947226159e-5,0.0,-0.1756956043394809,0.8164633742279258,0.0,-1.0351708490710183]
581.0,[0.048911972878809655,-0.10798284851435995,-1.2545737664627787,-5.3960226845568756e-5,1.4542316809645478e-7,-0.23004415957555596,0.8255319647374703,0.0,-0.9840227989303315]
582.0,[0.048751586144301584,-0.1091205469641646,-1.2708295135859706,-9.393742353823583e-5,-1.4542316809645478e-7,-0.2557334050278627,0.825875502227385,0.0,-0.9820852020412808]
583.0,[0.050340288983446016,-0.062118274741354215,-0.6849239892134953,-2.976379821216276e-5,0.0,-0.18115279571273557,0.8130882660940992,0.0,-1.0542069054325347]
584.0,[0.05035604240223419,-0.059483110131971856,-0.657423343622773,-2.9218858909297564e-5,-1.4542316809645478e-7,-0.14354707263785724,0.8123834751689581,0.0,-1.0581820194858018]
585.0,[0.0501589958426957,-0.0790407940861974,-0.8673526071455211,-3.856147809140905e-5,-1.4542316809645478e-7,-0.1681678193367723,0.8168715498612842,0.0,-1.0328686845020867]
586.0,[0.050207452328290623,-0.03560346525205649,-0.41915989910792806,-1.558975840671039e-5,0.0,-0.12280793440465322,0.8073724565952816,0.0,-1.0864448271396008]
587.0,[0.050053341196360554,-0.026137462565399283,-0.32649413037507097,-7.876339202237105e-6,0.0,-0.08586323174500873,0.8053352705478058,0.0,-1.0979348259428912]
588.0,[0.050019165847424066,-0.08569179882356884,-0.9443853712443635,-3.978056910915902e-5,0.0,-0.1591248185877286,0.8184772093057869,0.0,-1.02381255282541]
589.0,[0.049842510395382414,-0.09016873971746756,-0.9989223157535108,-4.7173766249062035e-5,-2.9084633619290957e-7,-0.20104679368901962,0.8197789468638254,0.0,-1.0164705807936496]
590.0,[0.050229628577869764,-0.07192000000581986,-0.7876042280721142,-4.2516501485399726e-5,0.0,-0.1776997940916054,0.815213445831855,0.0,-1.0422206105755447]
591.0,[0.05028047752192551,-0.06942718661886667,-0.763373883947767,-2.8134598234524552e-5,0.0,-0.16218543366100305,0.8146032164548499,0.0,-1.0456623849879545]
592.0,[0.050196815089903285,-0.07616457197737149,-0.8352789598910444,-3.765137327631461e-5,0.0,-0.16996374238272724,0.8161956823551408,0.0,-1.0366806666459822]
593.0,[0.048803208036475434,-0.10963650700174139,-1.2830838089701944,-9.294866768973817e-5,0.0,-0.2322747261822126,0.8260468283872621,0.0,-0.9811188998351578]
594.0,[0.050184319095327154,-0.07650777077268153,-0.8394020692536234,-4.028056496436523e-5,0.0,-0.20102566518259662,0.8163854797281704,0.0,-1.035610184354156]
595.0,[0.04972389966630559,-0.012684413291130785,-0.19564533352679608,-9.550482627534293e-8,-1.4542316809645478e-7,-0.0934091268960799,0.8026578554934719,0.0,-1.1130358010395582]
596.0,[0.05026746622860397,-0.07249869965243037,-0.7950518427927763,-3.443791676869719e-5,-2.9084633619290957e-7,-0.13307638852623088,0.8152218111173151,0.0,-1.0421734292589215]
597.0,[0.049737499872479024,-0.09326985453113898,-1.036629554152826,-5.91343412573094e-5,0.0,-0.1973221398424509,0.8205982161104972,0.0,-1.011849793862826]
598.0,[0.05018485279759918,-0.07681560907980832,-0.8419105049087712,-3.8578331884281175e-5,2.9084633619290957e-7,-0.18674883155676997,0.8163892263888166,0.0,-1.035589052692473]
599.0,[0.050271128530401686,-0.06808985295577598,-0.7484738363827355,-2.6511016187843723e-5,1.4542316809645478e-7,-0.16377912671690928,0.8143525799840456,0.0,-1.0470760078395198]
