36.0,[0.010890516932704486,0.20897630292893152,0.4519591811913415,-0.0010752557955129305,0.0,2.2953121184175994e-5,0.7194979014841159,5.977375308379165e-6,-0.6692060611454609]
37.0,[0.010890516932704486,0.20897630292893152,0.4519591811913415,-0.0010752557955129305,0.0,2.2953121184175994e-5,0.7194979014841159,5.977375308379165e-6,-0.6692060611454609]
38.0,[0.0026386809774218514,-2.103005651103255,-5.739349262512405,0.0012561429230117938,0.0,-0.0,0.35525410038909166,0.0,-1.5381795033574528]
39.0,[0.012213414872045783,-0.027827222008151388,-0.06613305458813556,-0.0002417863242953899,0.0,1.3540136984454276e-5,0.596642830824822,3.5260773397016347e-6,-0.9622997965097049]
40.0,[0.01042461879781816,-0.06963081962870395,-0.07763247822367703,0.0003596170472519588,0.0,-0.0,0.5102898704891939,0.0,-1.168308451832923]
41.0,[0.011947179245908046,-0.004519051799434236,-0.008837730547384126,-8.082281510723988e-5,0.0,5.660720607475053e-6,0.5740175023127049,1.474145991529962e-6,-1.016274551882764]
42.0,[0.01152673689830408,0.0025295321393059562,0.02332143367311801,8.080860425252467e-5,0.0,1.0271682183915293e-6,0.5508828899895082,2.6749172353946075e-7,-1.0714654721565373]
43.0,[0.011857035057497948,-0.0006688575619288409,0.0026972202249453403,-4.194191660644719e-5,0.0,2.8030242699511332e-6,0.5685636443262014,7.299542369664411e-7,-1.0292848781875874]
44.0,[0.01174938309607872,0.002102732802692723,0.0129020349959319,1.554667505843099e-6,0.0,1.4775979379911491e-6,0.5623459792696396,3.847911296851951e-7,-1.0441179771702662]
45.0,[0.011834515589725925,6.868579779014301e-5,0.005157119176146807,-3.297486728115473e-5,0.0,1.9563674462263724e-6,0.5673138786831794,5.094706891214511e-7,-1.0322661595585025]
46.0,[0.011327737562775534,-0.0021467864523098492,0.022389201603800757,0.00014262866443459643,0.0,1.5823948056835723e-6,0.5418795072548984,4.1208198064676366e-7,-1.0929451692614587]
47.0,[0.011520199905135087,0.0024480565722721317,0.0234123831432953,8.488996172673068e-5,0.0,3.447477525936519e-6,0.5501582507410049,8.977806057126353e-7,-1.073195118759862]
50.0,[0.011538550855523983,0.0026716406864579763,0.023081270228431094,7.839844329282641e-5,0.0,2.8232670699061825e-6,0.5511365282715266,7.352257994547351e-7,-1.0708610051475973]
51.0,[0.011420610235290951,0.0005821713481661087,0.023916868485684972,0.00011581278158701024,0.0,2.760397139476136e-6,0.545707836762916,7.188534217385771e-7,-1.0838122895788784]
52.0,[0.011742419777268271,0.0022173670307286857,0.013424994449451333,5.783817869087215e-6,0.0,3.1556598748973578e-6,0.5616372261506597,8.217864257545203e-7,-1.0458094589190958]
53.0,[0.01185772665242742,-0.0006958581858877246,0.0026048496692965273,-4.3053205445175984e-5,0.0,1.984894569025301e-6,0.568767633389442,5.168996273503389e-7,-1.0287979263761058]
54.0,[0.012038204507310486,-0.01029860641210689,-0.024434143597318325,-0.0001348468003925518,0.0,1.473741258363161e-6,0.5820716696979664,3.8378678603207323e-7,-0.9970581143424436]
55.0,[0.012147201762976085,-0.020483525986492165,-0.04959019861416891,-0.0002111136154780979,0.0,4.812348140874495e-7,0.5931476563213705,1.2532156616860665e-7,-0.9706336203600217]
56.0,[0.012258766446393565,-0.0402053501602495,-0.09406164735992206,-0.00036059191188542167,0.0,-0.0,0.6148184555976133,0.0,-0.9189331130742656]
57.0,[0.012203922021096028,-0.02837102404858645,-0.06802167717978591,-0.000270071609520528,0.0,-0.0,0.6018035607567264,0.0,-0.9499829336232386]
58.0,[0.012190753295726608,-0.02626023842822178,-0.06312319555945578,-0.00025367512535012793,0.0,-0.0,0.5993826874099428,0.0,-0.9557584457505649]
59.0,[0.012161384195981857,-0.022284988669222607,-0.053876192396273836,-0.00022533583887707207,0.0,-0.0,0.5952727384312018,0.0,-0.9655636097427044]
60.0,[0.012155150367713455,-0.021501023184100628,-0.052023096941411495,-0.00021940991246083283,0.0,-0.0,0.5944017345536261,0.0,-0.9676415761363489]
61.0,[0.012206271549075609,-0.028587502735414695,-0.06842810762464069,-0.0002696424417081289,0.0,-0.0,0.6016613283296623,0.0,-0.9503222595563772]
62.0,[0.01214358273197528,-0.020157623718356867,-0.04884128657067777,-0.00021044002096459732,0.0,-0.0,0.5931318856663095,0.0,-0.9706710727675186]
63.0,[0.012082864486728795,-0.014000060370259838,-0.03384315050425357,-0.00016515571132913465,0.0,-0.0,0.586548149658879,0.0,-0.9863779858138172]
64.0,[0.012053552230402904,-0.011509844928999275,-0.027547741865419084,-0.00014574652595911175,0.0,1.6723589875674755e-7,0.5837184861154026,4.355101530123634e-8,-0.9931288142803609]
65.0,[0.011921088116650935,-0.003290286561726437,-0.005347544629330514,-7.39163397156517e-5,0.0,3.751159573585487e-7,0.573323023021282,9.768644722878873e-8,-1.0179294933334975]
66.0,[0.0119059109238151,-0.002593954680681539,-0.003282707439211663,-6.586446943401825e-5,0.0,1.156101064328087e-6,0.5721169396644423,3.01067985502106e-7,-1.0208071425509246]
67.0,[0.011978026274543177,-0.006287355821162539,-0.013791634501103545,-0.00010158771601709303,0.0,1.2356316761372748e-6,0.5772774243897686,3.217790823274153e-7,-1.0084957288242937]
68.0,[0.011974871464796403,-0.006111141222694034,-0.013322676295501878,-0.00010037979336630086,0.0,8.468188453431636e-7,0.5771237657426695,2.2052574097478217e-7,-1.008862175592076]
69.0,[0.011994795083107116,-0.0073294851669440195,-0.016626700016786344,-0.0001110265657189302,0.0,8.638043015753989e-7,0.5786609285365197,2.2494903686859352e-7,-1.0051949504215532]
70.0,[0.011994454022593951,-0.0073072214945568694,-0.016581225281697698,-0.00011100382835138588,0.0,7.47763736376037e-7,0.5786631351755567,1.9473013968125965e-7,-1.005189644568221]
71.0,[0.012000356264252332,-0.007680966973566682,-0.017571721855347278,-0.00011417284895287592,0.0,7.492106962724932e-7,0.5791232341580557,1.9510695215429508e-7,-1.0040919803696018]
72.0,[0.011885703088410082,-0.0017488825202841931,-0.000716227077646181,-5.692299964721314e-5,0.0,7.144853633528855e-7,0.5708477082759837,1.8606389670648063e-7,-1.023835008286354]
73.0,[0.011885049389093183,-0.0017218818963253093,-0.0006423306331271306,-5.6030557971098453e-5,0.0,1.3366030959930724e-6,0.5706824337673646,3.480737229148626e-7,-1.024229528227536]
74.0,[0.011967917619889096,-0.005699973826267523,-0.012181544661871158,-9.620464425097451e-5,0.0,1.3403432517286861e-6,0.5764941527404573,3.4904772180434536e-7,-1.0103644285846416]
75.0,[0.011848754866150557,-0.00039506176108261565,0.0035868197301169857,-4.019398147647735e-5,0.0,9.042902628809945e-7,0.568416128922194,2.3549225595859232e-7,-1.0296361296750027]
76.0,[0.011989546540765634,-0.006982266616735917,-0.01567457275086781,-0.00010744827250164234,0.0,1.5152528990901165e-6,0.5781091567105118,3.9459710913805117e-7,-1.0065115530095285]
77.0,[0.012062921920611794,-0.01224880937418978,-0.02942215360235423,-0.00015076295767357806,0.0,7.80249131788229e-7,0.5844079994629545,2.031898780698513e-7,-0.9914840513702128]
78.0,[0.011999939412514019,-0.007659650691493879,-0.01751914169290103,-0.00011442580216680652,0.0,3.1397877440795225e-7,0.5791835230034865,8.176530583540423e-8,-1.003947992969816]
79.0,[0.01202166307242199,-0.009123368727159685,-0.021380230919021415,-0.00012620375855476595,0.0,7.159786278749512e-7,0.5808624206754835,1.8645276767576856e-7,-0.9999427663808566]
80.0,[0.01188837472909654,-0.001861148272534289,-0.001071498445526231,-5.83270320930751e-5,0.0,5.836308215136527e-7,0.5710553252098272,1.5198719310251376e-7,-1.023339646867563]
81.0,[0.01189288430699283,-0.0020335733097454063,-0.0015930368135741446,-5.962590421404456e-5,0.0,1.3228830507212134e-6,0.5712023235923083,3.4450079445864935e-7,-1.0229892147451543]
82.0,[0.011968751323365723,-0.0057539750741852904,-0.012329337550909258,-9.673328804638003e-5,0.0,1.3016899951654766e-6,0.5765722777400418,3.3898176957434286e-7,-1.0101780308523272]
83.0,[0.011851199133161572,-0.00047464254748774687,0.003319655661471188,-4.12597955801175e-5,0.0,8.989541988484052e-7,0.5685713131888668,2.341026559501055e-7,-1.0292659024473463]
84.0,[0.011738147046950568,0.002287473913990349,0.01375468627884402,5.9173999034101135e-6,0.0,1.5037634688164459e-6,0.561710442664799,3.916050700042828e-7,-1.045634195272361]
85.0,[0.011833700834055586,9.331794596315982e-5,0.005223910193308257,-3.255422598158475e-5,0.0,2.002779040445651e-6,0.5672523994658696,5.215570417827216e-7,-1.032412847981083]
86.0,[0.011929643051189487,-0.0036877167985949195,-0.006488676262961235,-7.678693236812251e-5,0.0,1.5864898363454414e-6,0.5736694466631511,4.1314839488162536e-7,-1.0171034581357092]
87.0,[0.011954568890359951,-0.004975693930949395,-0.010174971976084635,-8.970744147518416e-5,0.0,1.1129846387413247e-6,0.5755611467479557,2.8983974967221995e-7,-1.0125902331101053]
95.0,[0.011903087700678345,-0.012599343790498095,-0.02567617229942698,-0.000751339257476502,0.0,9.777183699385707e-7,0.6717770854084126,2.5461415883816946e-7,-0.783046445425062]
96.0,[0.011706333680194803,0.021792819400919445,0.04929177066514967,-0.0008327504019689512,0.0,-0.0,0.6841934383193514,0.0,-0.753424225723833]
97.0,[0.012199071382686572,-0.028187704022760343,-0.06773888117095339,-0.00027534383661986794,0.0,-0.0,0.6028542585705206,0.0,-0.9474762688389011]
98.0,[0.012079823363819742,-0.013744264985386202,-0.03321360964037012,-0.00016400747426814632,0.0,-0.0,0.5864231472740677,0.0,-0.9866762057890099]
99.0,[0.011733684838569994,0.0023556860166233187,0.014084378108236706,6.480149750132113e-6,0.0,1.8682452105311118e-7,0.5617040858628128,4.8652219024247706e-8,-1.0456488904503325]
100.0,[0.011298538993287366,-0.0031855999319911153,0.021525181637116475,0.00015134560271690134,0.0,2.0207138329746763e-6,0.5405860768251125,5.262275606704886e-7,-1.096031081257886]
101.0,[0.011485099093988538,0.0019208338623381374,0.023845814212108962,9.627285635360748e-5,0.0,3.534256878681083e-6,0.5484993744220565,9.203793954898653e-7,-1.0771527546848363]
113.0,[0.012141773216474878,-0.019710455489985176,-0.04765752237290144,-0.00020278605461498953,0.0,2.942333773762176e-6,0.5918092191059998,7.662327535839001e-7,-0.973827628109177]
114.0,[0.011880549285100035,-0.0015584570671004863,-0.00012221335055073723,-5.5547388910781585e-5,0.0,-0.0,0.5707020979474443,0.0,-1.0241821377539542]
115.0,[0.011815321461957257,0.0006266986929404083,0.007084111075528199,-2.5440272111154624e-5,0.0,1.3607584686838799e-6,0.5662560803949567,3.543641845530937e-7,-1.0347895513286278]
116.0,[0.01206771571560239,-0.012618765291942204,-0.03035012241525692,-0.000152658685692586,0.0,1.6698767260402925e-6,0.5846336207194088,4.348637307396595e-7,-0.99094610123967]
117.0,[0.011953413074176448,-0.004921692683031627,-0.010021494745160453,-9.001155376608948e-5,0.0,2.8434819325877633e-7,0.5756519175797155,7.404900866113966e-8,-1.012373383898462]
118.0,[0.012021890446097434,-0.009130474154517286,-0.02140865262845182,-0.00012601901744346833,0.0,9.822665379582723e-7,0.5808191958910995,2.557985775933001e-7,-1.0000459834692834]
119.0,[0.0119892339019619,-0.006986056177993304,-0.015702994460298214,-0.00010836913588718743,0.0,5.83187391398006e-7,0.5782906038791367,1.5187171650989742e-7,-1.0060783390266999]
120.0,[0.0120083048689897,-0.008208189683500676,-0.018982859728566837,-0.00011858674042741767,0.0,7.795738018812832e-7,0.5797580057701084,2.0301401090658416e-7,-1.0025776075105275]
121.0,[0.01188413989439141,-0.001689670625637518,-0.0005385913937061559,-5.627214250125689e-5,0.0,6.66164022869048e-7,0.5707574703178766,1.7348021428881457e-7,-1.0240502730145025]
122.0,[0.011755057964061658,0.0020004146487432686,0.012445866559573915,-8.725464795134029e-7,0.0,1.343982722979899e-6,0.5627013397795784,3.4999550077601534e-7,-1.043270140805407]
123.0,[0.011844169497029117,-0.00024158453015843404,0.004098410499864258,-3.7198333302512765e-5,0.0,1.9324323185104373e-6,0.5679242598171772,5.032375829454264e-7,-1.0308099560191335]
124.0,[0.011808036030439931,0.0008275454395819299,0.007817391178832622,-2.2114932107797355e-5,0.0,1.5375422408996504e-6,0.5657689035975302,4.00401625234284e-7,-1.035951879110978]
125.0,[0.011691961769126161,0.002851644846183868,0.01687396888883086,2.37008634940139e-5,0.0,1.7029175434103428e-6,0.5591262828317933,4.4346811026311015e-7,-1.051799333428987]
294.0,[0.003843373027242099,-1.8405733233824622,-4.378445339625614,0.0011849039083244861,0.0,2.1899745242486687e-6,0.3754051968326365,5.703058656897575e-7,-1.49010552683304]
295.0,[0.003932257186534116,-1.8017909534743617,-4.251012342137983,0.001181021502816293,0.0,1.2351081922866801e-5,0.37557693131020464,3.2164275840798967e-6,-1.489699446403484]
296.0,[0.010880124060956101,-0.026576193098056436,-0.008765255188336596,0.0002693326450753375,0.0,1.221448628083844e-5,0.5226208663331797,3.180855802301677e-6,-1.1388945812073712]
297.0,[0.010771155226999932,-0.03555508480227824,-0.022235724372876575,0.00028764191029040376,0.0,4.611848156216914e-6,0.5205483096379449,1.2010021240148215e-6,-1.1438363940952443]
298.0,[0.011734186955436599,0.0023471595037941975,0.0140417455440911,1.0658141036401501e-5,0.0,4.8980702447377e-6,0.560827369379672,1.2755391262337762e-6,-1.0477421680764412]
299.0,[0.011735266980394954,0.0023343697345505157,0.01397637561240117,7.599965101690031e-6,0.0,2.0177440079402733e-6,0.5614398947133736,5.254541687344461e-7,-1.0462798289495256]
301.0,[0.012034045463830504,-0.00998359913258658,-0.023604229681950528,-0.00013181136182538467,0.0,2.0152415572216677e-6,0.5815985579136861,5.248024888598092e-7,-0.9981870172779049]
302.0,[0.01193301576070856,-0.0038549311890771296,-0.006988898348936345,-7.950120561872609e-5,0.0,5.093323682100137e-7,0.5741252187811261,1.3263863755469107e-7,-1.0160157313837306]
303.0,[0.011766057165611224,0.0017896203038011054,0.01156053031081683,-5.488232091011013e-6,0.0,1.0937497586073917e-6,0.5633831304917389,2.848306663040083e-7,-1.0416434935946224]
304.0,[0.011859953019666136,-0.0007725968013498155,0.002360422968195053,-4.41588099420187e-5,0.0,1.8857906359671069e-6,0.5689349275340518,4.910913114497674e-7,-1.028398774951132]
305.0,[0.011668447541524074,0.0030273857494952,0.018239632026961772,3.2153479878616054e-5,0.0,1.462882442244956e-6,0.557915795653166,3.8095896933462403e-7,-1.0546871242568905]
306.0,[0.011694083923430298,0.002836012905997146,0.016751755538280122,2.3388224690279454e-5,0.0,2.2475949730169963e-6,0.5591359619683522,5.853111908898428e-7,-1.0517764363022784]
307.0,[0.01191091314467485,-0.0028151703190815165,-0.003947775439883117,-6.718323675158899e-5,0.0,2.177828290444097e-6,0.5722486146446621,5.67142783969817e-7,-1.0204933685721242]
308.0,[0.012029990633285099,-0.009691329220610593,-0.022870949578646105,-0.0001303078533965163,0.0,1.2110276649294487e-6,0.581428912708718,3.15371787742044e-7,-0.9985914550476531]
309.0,[0.012076422232591236,-0.013402730777064182,-0.0323325366480276,-0.00015971863831509836,0.0,5.335516892523134e-7,0.5857158909139397,1.3894575240945663e-7,-0.9883637079452041]
310.0,[0.012105431324016536,-0.016066792341007382,-0.03893774191965349,-0.00017975310129259012,0.0,2.181785831789524e-7,0.5886319187035216,5.6817339369518855e-8,-0.9814067861568071]
311.0,[0.012118268462775934,-0.01735192730241882,-0.04207976189718465,-0.00018931132217403499,0.0,9.041321791405996e-10,0.5900263038348361,2.3545108831786453e-10,-0.9780801040312238]
312.0,[0.012038990841271394,-0.010410398469199814,-0.02474109805916669,-0.0001373507529933704,0.0,-0.0,0.5825186916080122,0.0,-0.9959911214494568]
313.0,[0.012042306707371608,-0.010623561289927844,-0.025286794880230445,-0.00013848762137058657,0.0,4.697087806318355e-7,0.582656066147428,1.223199949562072e-7,-0.9956635528014148]
314.0,[0.012015381874637871,-0.008693253524446238,-0.020264678823878057,-0.00012294663065404166,0.0,4.5139393130677033e-7,0.5804046663763205,1.1755050294447143e-7,-1.0010347428571824]
315.0,[0.012015467139766162,-0.008698937866332319,-0.02027178425123566,-0.00012281020644877572,0.0,6.21896682731189e-7,0.5803751102545055,1.619522611279138e-7,-1.0011053162130663]
316.0,[0.011893689588760026,-0.002074784788419492,-0.001723776676954003,-6.070308700145687e-5,0.0,6.217602875353518e-7,0.571400845443429,1.6191674154566452e-7,-1.0225153479279223]
317.0,[0.011758307512839867,0.0019426238395681137,0.012177281405456597,-2.228262019343674e-6,0.0,1.2965360959882371e-6,0.5629002571334952,3.3763960833027006e-7,-1.0427955638872668]
320.0,[0.01225102626752535,-0.03710643644202112,-0.08731717571208719,-0.0003306126927782316,0.0,1.9190666000258887e-6,0.6103539415411703,4.997569270900752e-7,-0.9295848534184223]
321.0,[0.010946071900737783,0.2018462434231575,0.4446434331839555,-0.0010613405265758047,0.0,-0.0,0.7181946902525884,0.0,-0.672306953254539]
322.0,[0.010920435518831558,0.20659645845929236,0.4526725660980446,-0.0010677922546165064,0.0,-0.0,0.7195921594249093,0.0,-0.6689729910862877]
323.0,[0.012117425285396166,-0.04170033207628875,-0.09382574717164971,-0.0006200707503012381,0.0,-0.0,0.6530643549159736,0.0,-0.8276893247004631]
335.0,[0.010354047693302467,0.37501877159229474,0.8226066938732401,-0.0011943598110519815,0.0,-0.0,0.7386488122744799,0.0,-0.6235092621451694]
336.0,[0.010369433312007459,0.36881241764300887,0.8068099077718216,-0.001191932597066625,0.0,-0.0,0.7386686184084212,0.0,-0.6234620103684807]
337.0,[0.01213087822785989,-0.042859937821049236,-0.09679297363618389,-0.0006081165793148102,0.0,-0.0,0.6514179274252505,0.0,-0.8316172302854737]
338.0,[0.012248686213448915,-0.047923739051232886,-0.10991101362378686,-0.0004684977739088935,0.0,-0.0,0.630704561826237,0.0,-0.881033402500263]
339.0,[0.012207683160643985,-0.029144568240250614,-0.06974971711315447,-0.0002771685103652999,0.0,-0.0,0.6028959214004663,0.0,-0.9473768732303158]
340.0,[0.012163847410799159,-0.022593837911699662,-0.05460805141410674,-0.00022783126496506154,0.0,-0.0,0.5956484175286796,0.0,-0.9646673467530072]
341.0,[0.012086682469695612,-0.0143373313221673,-0.03468585418886505,-0.0001678984062891686,0.0,-0.0,0.5869558427370349,0.0,-0.9854053466130738]
342.0,[0.011959438476575693,-0.005248542341481273,-0.010943779216177063,-9.323457561549729e-5,0.0,1.3889931293138202e-7,0.5761283983560487,3.6171696075880735e-8,-1.0112365849574674]
343.0,[0.01192047231294661,-0.0032542857297812584,-0.005239542133494979,-7.302389803953702e-5,0.0,9.487965770942972e-7,0.5731627565890713,2.470824419516399e-7,-1.0183120481362786]
344.0,[0.011989025476092744,-0.006963792505606154,-0.015631940186722204,-0.00010758185453596524,0.0,1.1602095361588413e-6,0.5781481825020067,3.0213790004136494e-7,-1.0064183218200466]
345.0,[0.011979106299501533,-0.006365989217253324,-0.014011902749189176,-0.00010271890005242311,0.0,7.822741870988419e-7,0.5774632023454911,2.0371723622365678e-7,-1.0080523537879664]
346.0,[0.011998167792626191,-0.007537911036100315,-0.017189449863508344,-0.00011288250334473558,0.0,8.391371412170026e-7,0.5789321242275842,2.185252971919278e-7,-1.0045479461774567]
347.0,[0.011995808790743467,-0.007396749879262642,-0.01681286221355549,-0.0001117513193094055,0.0,7.276473637150096e-7,0.5787731921778213,1.8949150096745043e-7,-1.0049270728212563]
348.0,[0.012001398393598112,-0.007743968429470744,-0.01774083102645818,-0.00011476970485091441,0.0,7.411832420639271e-7,0.5792078809878323,1.9301646928748102e-7,-1.0038900343516153]
349.0,[0.012000829959409504,-0.007719809976454901,-0.017675461094768252,-0.00011452812032075597,0.0,7.082197761570602e-7,0.5791739328611427,1.8443223337423445e-7,-1.0039710131097652]
350.0,[0.012002525788072186,-0.007821654435247181,-0.01794546733435709,-0.00011539782462932634,0.0,7.112392005822391e-7,0.5793030270918405,1.8521854181829144e-7,-1.0036630322377524]
351.0,[0.012002393153428177,-0.0078159700933611,-0.017929835394170368,-0.00011536371857800985,0.0,7.014563801542415e-7,0.579296910581509,1.8267093233183373e-7,-1.0036776209899643]
352.0,[0.012002819479069633,-0.007848655059206065,-0.01802504812076222,-0.00011564793567231389,0.0,7.020539363222399e-7,0.5793353781297919,1.8282654591724998e-7,-1.0035858486239022]
353.0,[0.01200286684858535,-0.007845339193105852,-0.01801367943699006,-0.00011560814527911133,0.0,6.991418074009381e-7,0.5793347532031844,1.8206817901066097e-7,-1.003587338480191]
354.0,[0.011888696841803418,-0.0018734643466207972,-0.0011084466677857563,-5.833555860590422e-5,0.0,6.992126944631382e-7,0.5710527185468941,1.8208663918310893e-7,-1.0233459068998008]
355.0,[0.011886119940148394,-0.0017602512040563547,-0.000744648787076585,-5.648814749292796e-5,0.0,1.3214909453220013e-6,0.5707512015221647,3.4413826701093787e-7,-1.024065462615316]
356.0,[0.011968628162624857,-0.005750185512927903,-0.012323653209023178,-9.667644462751922e-5,0.0,1.3353995157388933e-6,0.5765574254878539,3.4776029055700344e-7,-1.0102134761216612]
357.0,[0.0119692913358449,-0.005790923296444816,-0.012433076790330233,-9.743246209836796e-5,0.0,8.996044658012691e-7,0.5766938081498352,2.3427199630241382e-7,-1.0098879504155593]
358.0,[0.011875679698884293,-0.0013547681495159243,0.0004959588295605499,-5.219646936893695e-5,0.0,8.954052119250477e-7,0.5701512638037369,2.331784406054812e-7,-1.0254965904272322]
359.0,[0.01173918917629635,0.002266157631917546,0.013668000065081287,5.383071766118518e-6,0.0,1.3860212616995786e-6,0.5617938949076602,3.6094303690093193e-7,-1.0454350600136042]
360.0,[0.011701748311073363,0.0027597479856922287,0.016264323221548693,2.029025836236542e-5,0.0,1.9980124775796357e-6,0.5596041687820004,5.203157493696967e-7,-1.050659339481684]
361.0,[0.011655960937180982,0.003084229168356008,0.018893331343861064,3.7272229747031815e-5,0.0,2.1472544204010426e-6,0.5571339132399191,5.591808386461049e-7,-1.056552716718486]
362.0,[0.011789173489281286,0.0012927140839262088,0.009545431112201186,-1.3602630133391356e-5,0.0,2.3013608331717586e-6,0.5644902666323984,5.993127169718121e-7,-1.0390026143772901]
363.0,[0.01177981327297554,0.0015139297223261865,0.010402345651527867,-1.0274447959091049e-5,0.0,1.7864236443678208e-6,0.5640390378070731,4.6521449072078666e-7,-1.0400789335258556]
364.0,[0.011815482518310697,0.0006195932655828073,0.007065636964398436,-2.505373686290113e-5,0.0,1.827482180036491e-6,0.566172764763216,4.759068177178362e-7,-1.034988485308535]
365.0,[0.011813976167710885,0.0006660153909858005,0.007221956366265658,-2.4519408725609534e-5,0.0,1.6690212035473897e-6,0.5661062788993068,4.3464093842379943e-7,-1.0351470449906552]
366.0,[0.011682648922336131,0.002929330851960306,0.01743529765008134,2.712567948037758e-5,0.0,1.6760892704699014e-6,0.55863216033301,4.3648158085153685e-7,-1.0529781589517015]
367.0,[0.011821185808003065,0.00046895820560166607,0.006536993168992922,-2.7003466129826844e-5,0.0,2.220100945987805e-6,0.5664357915714671,5.781512880176575e-7,-1.034361118715552]
368.0,[0.011787638716972044,0.001329662306185734,0.009697487257653847,-1.3648104868480003e-5,0.0,1.6439431957620634e-6,0.564535253322998,4.2811020722970406e-7,-1.0388950541948458]
369.0,[0.011683501573619044,0.002918909558502491,0.01736992771839141,2.6858515411731784e-5,0.0,1.79272615087372e-6,0.558660208824138,4.668557684566979e-7,-1.0529112849217532]
370.0,[0.01167056969582821,0.0030103327238369575,0.018103207821695833,3.199431830580579e-5,0.0,2.2138058524240674e-6,0.5578924280532389,5.765119407354341e-7,-1.0547431408607912]
371.0,[0.011784692333094426,0.0013959796281900099,0.009936229616869241,-1.1817746781161985e-5,0.0,2.2527101189134625e-6,0.5642381877259064,5.866432601337141e-7,-1.0396039852503804]
372.0,[0.011783375460557483,0.0014272435085634543,0.01006981165119214,-1.1755219020415096e-5,0.0,1.8059029075647878e-6,0.5642523261758328,4.7028721551166356e-7,-1.0395700953744087]
373.0,[0.011814421441158629,0.0006555940975279857,0.007189271400420694,-2.456204128975514e-5,0.0,1.8114849741546437e-6,0.5661055796932832,4.717408786861052e-7,-1.0351487639763721]
374.0,[0.0119400643446473,-0.0042016760441280585,-0.007963762982399203,-8.179199539881665e-5,0.0,1.674268568354651e-6,0.5743886105212862,4.3600743967569033e-7,-1.0153877699951346]
375.0,[0.011826699619632564,0.00029605947323337506,0.005938716185482917,-3.0533442441083025e-5,0.0,1.057783491832491e-6,0.5670082468555179,2.754644509980446e-7,-1.0329949888530832]
376.0,[0.011862852034028037,-0.0008734938698277497,0.0020406787371030077,-4.566231837088707e-5,0.0,1.6178130110248721e-6,0.5691685646729816,4.213054716210605e-7,-1.0278412877848193]
377.0,[0.011952124623348936,-0.004826479956439774,-0.009757172847457696,-8.801634976407512e-5,0.0,1.4493577532656268e-6,0.5753033368194653,3.7743691491292364e-7,-1.013205414072759]
378.0,[0.011962688025353902,-0.00541812520774935,-0.011407053079892648,-9.392806532559915e-5,0.0,9.922800474118386e-7,0.576182832995132,2.58406262346833e-7,-1.011107024240202]
379.0,[0.01186991009186992,-0.00113686837721616,0.0011866063687193673,-4.9521986511535936e-5,0.0,9.325430690585168e-7,0.5697658941593399,2.428497575673221e-7,-1.0264159855566708]
380.0,[0.011871653290048318,-0.001201764613748916,0.0009961809155356605,-4.982041446055518e-5,0.0,1.4142826550818185e-6,0.5697820051940101,3.683027747608902e-7,-1.0263777212809528]
381.0,[0.011963332250767659,-0.005445125831708234,-0.011466738669696497,-9.38115363169345e-5,0.0,1.4064498511737954e-6,0.5761436179618347,3.662629820765092e-7,-1.0112007280231416]
382.0,[0.011965321770427787,-0.005563549621001584,-0.011812062439275905,-9.535767730994847e-5,0.0,9.297369647944758e-7,0.5763919056666631,2.421190012485614e-7,-1.010608214244163]
383.0,[0.011990285505210824,-0.007046215462954326,-0.015872103631409118,-0.00010855387699848505,0.0,9.177078496520999e-7,0.578298897643533,2.3898641918023435e-7,-1.006058671946089]
384.0,[0.011991602377747768,-0.007128638420302497,-0.016081003195722587,-0.00010940652828139717,0.0,7.742961973808828e-7,0.5784328800617358,2.016396347346049e-7,-1.005738976958501]
385.0,[0.011998935178780812,-0.007590017503389389,-0.017335821667074924,-0.00011338840977259677,0.0,7.662012468951289e-7,0.5790076386071585,1.9953157471227316e-7,-1.0043677643947961]
386.0,[0.011999598352000854,-0.007629807896591955,-0.01743813982102438,-0.00011377494502085027,0.0,7.229712986351083e-7,0.5790657693239456,1.8827377568622614e-7,-1.0042290656740507]
387.0,[0.012001701558498704,-0.007771442748586801,-0.017814727470977232,-0.00011496865681692724,0.0,7.19190385638473e-7,0.5792396708657771,1.8728916292668568e-7,-1.0038141849310698]
388.0,[0.01200193840607729,-0.007787074688773523,-0.017854517864179797,-0.00011512497621879446,0.0,7.061273063118329e-7,0.5792625338075283,1.8388731935203984e-7,-1.003759635818935]
389.0,[0.012002563683684759,-0.007828759862604782,-0.017968204701901414,-0.00011547740541573147,0.0,7.04583736346622e-7,0.5793153264756138,1.834853480069328e-7,-1.0036336870452272]
390.0,[0.012002734213941341,-0.007838707460905424,-0.017993784240388777,-0.00011555414403119356,0.0,7.006207136778418e-7,0.5793238292539635,1.8245331085360464e-7,-1.003613400430085]
391.0,[0.01200286684858535,-0.007852918315620626,-0.018034995719062863,-0.00011567067303985822,0.0,7.000338906280972e-7,0.5793399060367533,1.8230049235106702e-7,-1.0035750456101349]
392.0,[0.012002990009326215,-0.007848655059206065,-0.01801367943699006,-0.0001156621465270291,0.0,6.988283600997766e-7,0.5793429568374583,1.8198655210931684e-7,-1.0035677668407639]
393.0,[0.012002942639810499,-0.007859550047821054,-0.018040680060948944,-0.00011572751645871902,0.0,6.986147615392226e-7,0.5793478672353465,1.8193092748417255e-7,-1.0035560519580886]
394.0,[0.01200305632664822,-0.0078604974381354,-0.018039258975477424,-0.00011573888514249119,0.0,6.982469940702416e-7,0.5793489349656018,1.8183515470579207e-7,-1.0035535045274193]
395.0,[0.012003141591776512,-0.007853865705934973,-0.018030732462648302,-0.00011570762126211774,0.0,6.981714819351978e-7,0.5793504390438964,1.818154900872911e-7,-1.0035499161993762]
396.0,[0.01200305632664822,-0.00785907635266388,-0.018046364402835025,-0.00011574456948437727,0.0,6.980589695394198e-7,0.5793508060045763,1.817861899842239e-7,-1.0035490406958567]
397.0,[0.01200299948322936,-0.007859550047821054,-0.018043522231891984,-0.0001157474116553203,0.0,6.980328241968948e-7,0.5793512679642732,1.817793813012747e-7,-1.0035479385826709]
398.0,[0.012003103696163937,-0.007859550047821054,-0.018036416804534383,-0.0001157332008006051,0.0,6.979983079868349e-7,0.5793513923579325,1.8177039270490493e-7,-1.003547641802614]
399.0,[0.01200302790493879,-0.007861444828449747,-0.018057733086607186,-0.00011575878033909247,0.0,6.979893948123086e-7,0.5793515346101252,1.817680715657054e-7,-1.0035473024263424]
400.0,[0.012003018431035645,-0.00785907635266388,-0.018039258975477424,-0.00011573888514249119,0.0,6.979787781036236e-7,0.5793515763274635,1.8176530679781865e-7,-1.0035472028969006]
401.0,[0.01200308474835765,-0.007860023742978227,-0.018043522231891984,-0.0001157332008006051,0.0,6.979757756284954e-7,0.5793516202385618,1.8176452490325403e-7,-1.0035470981364942]
402.0,[0.012003103696163937,-0.007861444828449747,-0.018046364402835025,-0.00011574456948437727,0.0,6.979725018850951e-7,0.5793516341100285,1.8176367236591023e-7,-1.0035470650419684]
403.0,[0.011888820002544282,-0.0018748854320923174,-0.001114131009671837,-5.836398031533462e-5,0.0,6.979558207319065e-7,0.5710580384557571,1.8175932831560067e-7,-1.0233332146683438]
404.0,[0.01188608204453582,-0.0017621459846850482,-0.0007574385563202668,-5.651656920235836e-5,0.0,1.3211106833512525e-6,0.5707563482735849,3.440392404560554e-7,-1.0240531838011202]
405.0,[0.011968770271172009,-0.005748764427456383,-0.012303758012421895,-9.66537072599749e-5,0.0,1.335020229312376e-6,0.5765591723336758,3.4766151805009795e-7,-1.0102093085111694]
406.0,[0.011969338705360617,-0.005791396991601989,-0.012433076790330233,-9.74495151240262e-5,0.0,8.994780562749511e-7,0.5766953976337845,2.342390771549352e-7,-1.0098841583158487]
407.0,[0.011992019229486079,-0.00714711253143226,-0.016130741187225794,-0.0001094718982130871,0.0,8.953117608348177e-7,0.5784326684470638,2.3315410438406714e-7,-1.005739525030491]
408.0,[0.011992900302478422,-0.0072015874745072015,-0.016281376247206936,-0.00011004601674358126,0.0,7.645327848754917e-7,0.578527841637545,1.990970793946593e-7,-1.005512422283566]
409.0,[0.011999484665163132,-0.007624597249863047,-0.017411139197065495,-0.00011367262686690081,0.0,7.591809476692924e-7,0.5790506588612887,1.9770337178887826e-7,-1.0042651278526924]
410.0,[0.011999939412514019,-0.007658229606022359,-0.01750635192365735,-0.00011398242349969222,0.0,7.198260626712089e-7,0.5790955461936966,1.874547038206273e-7,-1.0041580254472036]
411.0,[0.012001872088755286,-0.00778375882267331,-0.017845991351350676,-0.00011506244845804757,0.0,7.169890282745436e-7,0.5792534868530681,1.8671589277982908e-7,-1.0037812231466188]
412.0,[0.012002061566818156,-0.007797495982231339,-0.01787725523172412,-0.00011520739917614263,0.0,7.051154355097013e-7,0.5792718836525695,1.8362381133065141e-7,-1.0037373293986682]
413.0,[0.01200267737052248,-0.007830654643233476,-0.017985257727559656,-0.00011551151146704795,0.0,7.038922070966919e-7,0.5793197571959144,1.8330526226476353e-7,-1.0036231163655354]
414.0,[0.011888516837643692,-0.0018606745773771154,-0.0010587086762825493,-5.820197657158132e-5,0.0,7.002767320603643e-7,0.5710335059019402,1.8236373230738655e-7,-1.0233917431613466]
415.0,[0.011885968357698099,-0.0017559879476417941,-0.0007418066161335446,-5.644835709972539e-5,0.0,1.3229173334459012e-6,0.5707461811643006,3.4450972225153676e-7,-1.024077440264216]
416.0,[0.011968599740915426,-0.0057468696468276894,-0.012296652585064294,-9.662244337960145e-5,0.0,1.3357585037202543e-6,0.5765515402403741,3.478537770104829e-7,-1.010227516768859]
417.0,[0.012070330512869987,-0.012868402639772587,-0.03098818979196949,-0.0001553388528918731,0.0,9.000384367054614e-7,0.5850623029026811,2.3438500955871391e-7,-0.9899231130887599]
418.0,[0.012090481504856143,-0.014664180980616946,-0.03547171445461572,-0.00016942180991463826,0.0,2.626698244914742e-7,0.5871327718886052,6.840360012798807e-8,-0.984983338019265]
419.0,[0.012025964224449126,-0.00944169187278021,-0.022228618945518974,-0.00012937562132719904,0.0,1.1431210211203429e-7,0.581354340668453,2.9768776591675597e-8,-0.9987689709452987]
420.0,[0.012031894887816936,-0.009851911878892375,-0.023294433049159124,-0.00013227463568910025,0.0,5.547947400138239e-7,0.5817491353554212,1.444777968786e-7,-0.9978272609359025]
421.0,[0.012010948087966728,-0.008392930794798302,-0.019475976387184346,-0.00012035741292493184,0.0,5.188361706875585e-7,0.5800270111783314,1.3511358611655172e-7,-1.001935744344613]
422.0,[0.012012075482440801,-0.008463985068374312,-0.01965076990018133,-0.00012085195066902087,0.0,6.494806951290717e-7,0.5800912709561185,1.6913559768986242e-7,-1.0017824855335087]
423.0,[0.012005709019528391,-0.008037659426918252,-0.01851105935202213,-0.00011728218396456212,0.0,6.428123659218823e-7,0.5795771630533928,1.6739905362549017e-7,-1.0030089977198935]
424.0,[0.012005860601978686,-0.008048080720376067,-0.018546586488810135,-0.00011731344784493557,0.0,6.817119062666953e-7,0.5795802758595054,1.775291422569519e-7,-1.003001585346575]
425.0,[0.012003956347446849,-0.007917340856996209,-0.018205525975645287,-0.0001162391072284663,0.0,6.809362849661426e-7,0.5794263714860013,1.7732715754326634e-7,-1.0033687569320702]
426.0,[0.012003899504027988,-0.007918288247310555,-0.018198420548287686,-0.00011622773854469413,0.0,6.925635514700764e-7,0.5794224746083841,1.803550915286657e-7,-1.0033780579212663]
427.0,[0.01200335949154881,-0.007876603073479297,-0.01808757588150911,-0.00011591509974095969,0.0,6.926965637491595e-7,0.5793762573097754,1.8038973014301028e-7,-1.003488319238309]
428.0,[0.012098164840305495,-0.015348670482732509,-0.03715996399478172,-0.0001740033894748194,0.0,6.96195893716212e-7,0.5877767867579038,1.8130101398859689e-7,-0.9834470573761057]
429.0,[0.012099538556261297,-0.015501674018499516,-0.037556446841335855,-0.00017585080058779565,0.0,5.9302299147490145e-8,0.588074753104769,1.544330706965889e-8,-0.9827359673437297]
430.0,[0.012035826557621476,-0.010152708303697484,-0.024083135485852836,-0.00013518217656383058,0.0,4.550636992838758e-8,0.5821998744478646,1.1850617168850933e-8,-0.9967517443552268]
431.0,[0.012035258123432868,-0.010110549434709052,-0.023958079964359058,-0.0001343892108707223,0.0,4.917880427464732e-7,0.5820589416860223,1.2806980279856072e-7,-0.9970881290447904]
432.0,[0.012014102897713503,-0.008602304054268945,-0.020028778635605704,-0.0001221621914737625,0.0,4.962789589220197e-7,0.5802902770132162,1.2923931221927598e-7,-1.001307659225241]
433.0,[0.01201325024643059,-0.008544039549936617,-0.01986819597732392,-0.00012154544037912272,0.0,6.299099364298854e-7,0.5801924340085101,1.6403904594528264e-7,-1.0015411324046746]
434.0,[0.012100845954895096,-0.015612992380435266,-0.03781934765356709,-0.00017603269952815023,0.0,6.354548170704837e-7,0.588065706600748,1.654830252787718e-7,-0.9827577554863643]
435.0,[0.012101963875466026,-0.015748469195386857,-0.03813909188465914,-0.00017762999959813894,0.0,3.8173369512373435e-8,0.5883314124704202,9.940981643847248e-9,-0.9821236438824867]
436.0,[0.012036963425998692,-0.010233236480416961,-0.024270718768093502,-0.00013583303370978683,0.0,2.627274166623809e-8,0.5822948648003643,6.841859808916169e-9,-0.9965251176451101]
437.0,[0.01203635709619751,-0.010182077403442234,-0.024135715648299083,-0.00013493206552084303,0.0,4.848666774371686e-7,0.5821391146164079,1.262673639159293e-7,-0.9968968568675259]
438.0,[0.012107051361454069,-0.0162179010961457,-0.03930296088583418,-0.00018057164652418575,0.0,4.90312509866184e-7,0.5887354476110522,1.2768554944431878e-7,-0.9811598929538142]
439.0,[0.012107932434446411,-0.016314061213051897,-0.039545966501464136,-0.00018182504391006657,0.0,-0.0,0.5889432945564855,0.0,-0.9806638544152417]
440.0,[0.012039322427881416,-0.010418451286871761,-0.024766677597654052,-0.0001373507529933704,0.0,-0.0,0.5825156472681918,0.0,-0.9959983843744566]
441.0,[0.012038469776598504,-0.010341238976252496,-0.024556356947869062,-0.00013621956895804033,0.0,4.687975372062891e-7,0.5823301074356585,1.2208269198080448e-7,-0.9964411968311921]
442.0,[0.012015277661703294,-0.008689937658346024,-0.020244783627276774,-0.0001228727342095226,0.0,4.7607146826029453e-7,0.5803935067687062,1.239769448594517e-7,-1.0010613753058966]
443.0,[0.012014396588710952,-0.008613199042883933,-0.020042989490320906,-0.00012209966371301562,0.0,6.223970532383966e-7,0.5802769960609826,1.6208256594749912e-7,-1.0013393888248894]
444.0,[0.012007168000612484,-0.008126714116466852,-0.018771117993310327,-0.00011804388577729695,0.0,6.291607749059347e-7,0.5796927997559056,1.638439517984205e-7,-1.0027331167111875]
445.0,[0.012006675357649025,-0.008094029150621887,-0.018667378753889352,-0.00011771987828979034,0.0,6.731793918590337e-7,0.5796395501007165,1.7530713329662337e-7,-1.002860170895216]
446.0,[0.012004401620894592,-0.007946709956740959,-0.018285106762050418,-0.00011650342912616905,0.0,6.765844744490304e-7,0.5794628684690788,1.7619387355443498e-7,-1.0032816840039387]
447.0,[0.01200420266892858,-0.00792870954076837,-0.01823110551413265,-0.00011636700492090311,0.0,6.89866361749157e-7,0.5794413727768173,1.7965269837217634e-7,-1.0033329713275791]
448.0,[0.012003435282773959,-0.007888919147565805,-0.018120260847354075,-0.00011598899618547874,0.0,6.913060790432858e-7,0.5793877805815271,1.8002762475085568e-7,-1.0034608275076708]
449.0,[0.012003416334967671,-0.007883708500836898,-0.018106049992638873,-0.00011592646842473185,0.0,6.953343523315271e-7,0.5793796619600093,1.8107665425300188e-7,-1.0034801976576748]
450.0,[0.01188900000670401,-0.0018819908594499184,-0.00113402620627312,-5.8443561101739754e-5,0.0,6.958793462972986e-7,0.5710695860702362,1.812185797649215e-7,-1.0233056646179175]
451.0,[0.011886328366017551,-0.0017664092410996088,-0.0007602807272633072,-5.656488610839005e-5,0.0,1.3202730188488268e-6,0.5707649776240771,3.4382109865854866e-7,-1.0240325963372088]
452.0,[0.011968808166784584,-0.005750185512927903,-0.012316547781665577,-9.667928679846226e-5,0.0,1.334383555338423e-6,0.5765628846027693,3.4749571753604764e-7,-1.0102004518703773]
453.0,[0.011969300809748043,-0.005795660248016549,-0.012447287645045435,-9.747225249157053e-5,0.0,8.992079198261994e-7,0.5766980873089117,2.3416872912140609e-7,-1.0098777414229962]
454.0,[0.011991933964357788,-0.007148059921746607,-0.016142109870997956,-0.00010949179340968838,0.0,8.951130604176055e-7,0.5784338629491461,2.3310235948375142e-7,-1.0057366752188441]
455.0,[0.011992881354672136,-0.007204429645450242,-0.016285639503621496,-0.00011008296496584079,0.0,7.644456012462005e-7,0.5785286835648187,1.9907437532453137e-7,-1.0055104136545043]
456.0,[0.011999513086872563,-0.007623176164391527,-0.017418244624423096,-0.0001136783112087869,0.0,7.591187071631759e-7,0.5790510428399188,1.9768716332374375e-7,-1.0042642117671603]
457.0,[0.011999892042998301,-0.007657282215708012,-0.01750635192365735,-0.00011398526567063526,0.0,7.197980250808186e-7,0.5790958102869719,1.874474023647965e-7,-1.00415739538609]
458.0,[0.01200190998436786,-0.007782811432358963,-0.017848833522293717,-0.00011508802799653493,0.0,7.169695387316715e-7,0.5792536101220609,1.8671081737803947e-7,-1.0037809290550612]
459.0,[0.011887702081973353,-0.0018284633066893243,-0.000957811607804615,-5.7818283494270866e-5,0.0,7.050897918130887e-7,0.5709794710627659,1.8361713328465853e-7,-1.023520656568041]
460.0,[0.011885674666700652,-0.001747461434812673,-0.000716227077646181,-5.6317617236345534e-5,0.0,1.3268948313149554e-6,0.5707249874169731,3.4554552898826965e-7,-1.0241280039105183]
461.0,[0.011968438684561988,-0.005732185096955314,-0.01226823087563389,-9.648886134527855e-5,0.0,1.3372928161026603e-6,0.5765347671873997,3.4825333752673447e-7,-1.0102675330289237]
462.0,[0.011969177649007179,-0.005780975698144174,-0.01241318159372895,-9.735288131196283e-5,0.0,9.012807849410858e-7,0.5766852817129953,2.3470853774507446e-7,-1.00990829265642]
463.0,[0.012088927784740614,-0.014484650516048227,-0.03502549361655838,-0.0001674749228186556,0.0,8.9605440344962e-7,0.5868169274412983,2.3334750089833852e-7,-0.9857370788380466]
464.0,[0.012091192047591903,-0.014721498094634928,-0.035632297112897504,-0.0001700158236417337,0.0,1.2948123691949312e-7,0.5872288782571644,3.371907211445133e-8,-0.9847540081154922]
465.0,[0.012032245422233245,-0.009895491833352327,-0.02341664639970986,-0.00013304770618560724,0.0,1.0885704505689642e-7,0.5818846032555411,2.8348188816900115e-8,-0.9975039139678678]
466.0,[0.012032321213458392,-0.009885544235051686,-0.023383961433864897,-0.0001325673792962334,0.0,5.147720665866835e-7,0.5817947155490701,1.340552256736155e-7,-0.9977185053229564]
467.0,[0.012012975503239431,-0.00852224957270664,-0.01979429953280487,-0.00012145733307988847,0.0,5.159461954512265e-7,0.5801874278832749,1.343609883987569e-7,-1.0015530348878283]
468.0,[0.012105298689372527,-0.016038370631576978,-0.03885816113324836,-0.0001791477188817225,0.0,6.374146838214168e-7,0.5885218320976362,1.6599340724516063e-7,-0.9816695710723125]
469.0,[0.012102087036206891,-0.015748942890544033,-0.03816893467956106,-0.00017770105387171495,0.0,3.438789390760858e-9,0.5883443723575399,8.955180705106402e-10,-0.982092712889437]
470.0,[0.012038479250501647,-0.010353081355181832,-0.02460325276842923,-0.00013679652965947753,0.0,2.5768597838108725e-8,0.5824324786204167,6.710572353674148e-9,-0.9961968102086477]
471.0,[0.012036347622294366,-0.010182551098599408,-0.024148505417542765,-0.00013497754025593167,0.0,4.744632931016582e-7,0.5821473475101779,1.235581492452235e-7,-0.9968772118197515]
472.0,[0.01201493660119013,-0.00866435811985866,-0.020186519122944446,-0.00012266241355973762,0.0,4.898287075269296e-7,0.5803628181243842,1.2755955925180458e-7,-1.0011345945563648]
473.0,[0.012106445031652886,-0.01614826790804121,-0.0391352728001948,-0.00017994068457483078,0.0,6.245200010983199e-7,0.5886343761272794,1.626354169526875e-7,-0.9814010685677765]
474.0,[0.01210249441404206,-0.01580720739487636,-0.03829683237199788,-0.0001780989578037406,0.0,-0.0,0.58840114087728,0.0,-0.9819572781927749]
475.0,[0.012038829784917954,-0.010384345235555276,-0.0246714648710622,-0.00013704379853152204,0.0,2.156537854299262e-8,0.5824681283962383,5.615983995570995e-9,-0.9961117585280379]
476.0,[0.012036518152550949,-0.010199130429100476,-0.024201085579989012,-0.0001351139644611976,0.0,4.7182406669001165e-7,0.5821655427974606,1.2287085070052386e-7,-0.996833802120368]
477.0,[0.011903201387516067,-0.0024788467574884026,-0.0029459101824613754,-6.524487616843544e-5,0.0,4.884807705617345e-7,0.5720665009686061,1.2720853400045172e-7,-1.0209272364323148]
478.0,[0.011898814970360641,-0.0022903160849333895,-0.0023632651391380932,-6.247660166991409e-5,0.0,1.2486036553361779e-6,0.5716187146890037,3.2515720191046295e-7,-1.021995798028968]
479.0,[0.011972900892942562,-0.005994138518872204,-0.012994405551580712,-9.89189175015781e-5,0.0,1.2716106332614341e-6,0.5768868745706837,3.311486024118318e-7,-1.0094274819565954]
480.0,[0.011853236022337416,-0.0005423809549635431,0.003100808498857077,-4.215223725623218e-5,0.0,8.756904837274736e-7,0.5687034288980654,2.280443968040296e-7,-1.028950703804074]
481.0,[0.01187455230441022,-0.0013073986337985841,0.000659383658785373,-5.1068127504549914e-5,0.0,1.494281725452438e-6,0.5699566141486861,3.8913586600323904e-7,-1.025961182774465]
482.0,[0.01195918268119082,-0.005212541509536094,-0.010828671292983927,-9.165717074210987e-5,0.0,1.392300521857574e-6,0.5758325407739364,3.625782609004099e-7,-1.011942864260938]
483.0,[0.011965918626325825,-0.005600971538418282,-0.01191295950775384,-9.563905223330947e-5,0.0,9.533068695913018e-7,0.5764342352753201,2.482569972894015e-7,-1.0105072363099044]
484.0,[0.011989139162930465,-0.006969950542649409,-0.01566746732351021,-0.00010791154636535792,0.0,9.141992404382023e-7,0.5782072180587696,2.3807271886411522e-7,-1.0062773919880927]
485.0,[0.011991782381907493,-0.007140007104074659,-0.016126477930811234,-0.00010949179340968838,0.0,7.812483865016784e-7,0.5784426658853619,2.0345010065147875e-7,-1.0057156332622033]
486.0,[0.012094233170500956,-0.014989609553595072,-0.036271785575081594,-0.00017131185359176013,0.0,7.653650709709677e-7,0.5873789875511618,1.9931382056535618e-7,-0.9843961173297536]
487.0,[0.012096667963608827,-0.015232615169225026,-0.03689990535349352,-0.0001738214905344648,0.0,8.858467381314787e-8,0.5877791323563853,2.3068925472173926e-8,-0.983441244444293]
488.0,[0.012122759092865937,-0.01782893832569243,-0.043222314616286894,-0.00019267076822870874,0.0,6.758602547975149e-8,0.5905047633475338,1.760052746868528e-8,-0.9769386601516071]
489.0,[0.012124312812981467,-0.017985257727559652,-0.04360032335171127,-0.00019402364159759597,0.0,-0.0,0.59071317414961,0.0,-0.9764414273859304]
490.0,[0.012045688890793826,-0.010910620555174924,-0.02603570692372159,-0.00014137242487777257,0.0,-0.0,0.5831041067602509,0.0,-0.994594488157687]
491.0,[0.012044665709254332,-0.010821565865626324,-0.025785595880734036,-0.00014005649973114487,0.0,4.260806111620502e-7,0.5828812649621908,1.1095849249011726e-7,-0.9951262771904201]
492.0,[0.01201761771577973,-0.008839625328012819,-0.020662582755903713,-0.0001241943436980364,0.0,4.3494794964912797e-7,0.5805873666282935,1.1326769522112708e-7,-1.0005988663824819]
493.0,[0.012016300843242789,-0.008758149760978993,-0.02042526148215984,-0.00012330474419286475,0.0,6.08325705506084e-7,0.5804484041208644,1.5841815247554272e-7,-1.0009304531422611]
494.0,[0.012007925912863962,-0.008181662754698966,-0.018893331343861064,-0.00011850147529912646,0.0,6.164159806721836e-7,0.5797562730037558,1.605249949667145e-7,-1.0025816831253185]
495.0,[0.012007243791837633,-0.008134293238981625,-0.01878248667708249,-0.0001180751496576704,0.0,6.68567795394804e-7,0.5796929013681102,1.7410619671739686e-7,-1.0027328883674356]
496.0,[0.012004591098957462,-0.007964236677556375,-0.018337686924496666,-0.00011665974852803628,0.0,6.726242526072452e-7,0.5794835555882007,1.751625657831368e-7,-1.0032323290339542]
497.0,[0.012004354251378874,-0.007945288871269439,-0.018266632650920656,-0.00011646648090390953,0.0,6.883580187464601e-7,0.5794580016225606,1.79259900715224e-7,-1.0032932991140404]
498.0,[0.01200352054790225,-0.007896024574923406,-0.018130208445654716,-0.00011604868177528259,0.0,6.900704621382696e-7,0.5793944977826438,1.797058495151744e-7,-1.0034448017437148]
499.0,[0.012098221683724356,-0.015360512861661844,-0.0371869646187406,-0.0001741028654578258,0.0,6.948560440865319e-7,0.5877881328287144,1.8095209481420104e-7,-0.9834199884143683]
500.0,[0.01209970908651788,-0.015509726836171465,-0.03756781552510802,-0.000175876380126283,0.0,5.845806034177951e-8,0.5880806435651996,1.522345321400508e-8,-0.9827219140866168]
501.0,[0.012123971752468302,-0.017952572761714688,-0.043516479308891576,-0.00019358026293048167,0.0,4.506977090058584e-8,0.5906387724434986,1.1736919505360897e-8,-0.9766189446954285]
502.0,[0.01180355487425307,0.0009417059724607193,0.008213874025386758,-2.187050540669588e-5,0.0,-0.0,0.5658248007279014,0.0,-1.0358179754062924]
503.0,[0.011663236894795165,0.00305249159282539,0.01850821718107909,3.424531769269379e-5,0.0,1.7223286308164126e-6,0.557597605368078,4.4852308094177416e-7,-1.0554463280249535]
516.0,[0.012135482544787616,-0.019073335503586954,-0.046219383875723,-0.00019894912384188498,0.0,2.2950990802940503e-6,0.5912912537097199,5.976820521599089e-7,-0.9750631143993398]
517.0,[0.012187304794982385,-0.02567664599458415,-0.061744742652081186,-0.00024854784896888305,0.0,-0.0,0.5986008471475641,0.0,-0.9576236932336685]
518.0,[0.012135653075044198,-0.019230128600611348,-0.046628656491520815,-0.0002036216528722434,0.0,-0.0,0.5921321049212236,0.0,-0.9730562639736523]
519.0,[0.01207302110136273,-0.013132724537475344,-0.031660363219998544,-0.00015859029645071132,0.0,-0.0,0.5855911269678125,0.0,-0.9886611685196475]
520.0,[0.011944734978897031,-0.00447215597887407,-0.008751044333621394,-8.573692866775672e-5,0.0,2.388965179976069e-7,0.5750392728344333,6.221263489521013e-8,-1.0138349629866081]
521.0,[0.011914371119322215,-0.0029762266725204727,-0.004420996901899343,-7.00254076946294e-5,0.0,1.0292532340050164e-6,0.5727245616001672,2.6803469635547303e-7,-1.019357484915756]
522.0,[0.011984771693581326,-0.006698049522431877,-0.014919976365490584,-0.00010523990567889995,0.0,1.1919048700053478e-6,0.5778089806289759,3.1039189323055935e-7,-1.0072275718940398]
523.0,[0.01185856982980719,-0.0007266483711039957,0.002496847173460992,-4.457660907064564e-5,0.0,8.073897852990464e-7,0.5690571472158626,2.102577565882933e-7,-1.0281068085670797]
524.0,[0.01187878713911535,-0.0014712971581805805,0.00014210854715202004,-5.2997961574874346e-5,0.0,1.4688862931402057e-6,0.5702393653743194,3.8252247217192856e-7,-1.0252866100663716]
525.0,[0.011960670083984343,-0.005290701210469705,-0.011043255199183477,-9.243024123861686e-5,0.0,1.371572457212466e-6,0.5759467114233976,3.5718032739907967e-7,-1.0116704783086292]
526.0,[0.011967083916412472,-0.005666815165265385,-0.012090595191693865,-9.62813828664366e-5,0.0,9.45025586848778e-7,0.5765220990556582,2.461004132418693e-7,-1.0102976154763539]
527.0,[0.011989679175409643,-0.006996477471451119,-0.01574136376802926,-0.00010814744655363028,0.0,9.077120122753235e-7,0.578244102965938,2.3638333653003214e-7,-1.0061893928212666]
528.0,[0.011992161338033231,-0.007160849690990289,-0.01617479483684292,-0.00010966800800815689,0.0,7.785618185742407e-7,0.5784700990610325,2.0275047358704186e-7,-1.0056501845836148]
529.0,[0.012094422648563825,-0.014997188676109847,-0.03630589162639808,-0.00017138859220722222,0.0,7.633362415346257e-7,0.5873910298382783,1.987854795663088e-7,-0.984367387148765]
530.0,[0.012096762702640262,-0.015242089072368493,-0.036907010780851124,-0.00017387264961143953,0.0,8.769754614736474e-8,0.5877878286215343,2.2837902642542903e-8,-0.9834204973234634]
531.0,[0.012034367576537381,-0.010052284930376723,-0.02382449793003616,-0.00013436647350317799,0.0,6.693575594593246e-8,0.5820748238189433,1.7431186444253245e-8,-0.997050087080434]
532.0,[0.012034301259215377,-0.010031916038618267,-0.02375202257098863,-0.00013377814411796862,0.0,5.009590268949188e-7,0.5819687348858553,1.3045807992055177e-7,-0.9973033399719687]
533.0,[0.012013638676459474,-0.008570092783581154,-0.019947776763729053,-0.00012187797437945845,0.0,5.029767983084256e-7,0.5802499402155541,1.3098354122615248e-7,-1.001403893691749]
534.0,[0.012012966029336287,-0.008524618048492508,-0.019814194729406154,-0.00012134933058405294,0.0,6.328616113353468e-7,0.5801641166277435,1.6480771128524654e-7,-1.0016086906386734]
535.0,[0.012006599566423876,-0.008089765894207327,-0.01865885224106023,-0.00011775966868299291,0.0,6.375358157104648e-7,0.5796462379307872,1.6602495200793354e-7,-1.002844202913628]
536.0,[0.01210041962925364,-0.015561359608303365,-0.037687186704715714,-0.00017563195342518154,0.0,6.765767067958469e-7,0.5880101561830868,1.7619185072808512e-7,-0.982890297597745]
537.0,[0.01210044805096307,-0.015583149585533342,-0.03773834578169044,-0.0001764249191182898,0.0,4.182441213452753e-8,0.5881640161789403,1.0891773993366544e-8,-0.9825230049103897]
538.0,[0.011928932508453727,-0.003663558345579076,-0.006437517185986508,-7.804885626683244e-5,0.0,3.8957714200052895e-8,0.57394012660989,1.0145238072930442e-8,-1.0164571404298746]
539.0,[0.011925152421099483,-0.0034731328923953693,-0.005879030595679069,-7.509584065701347e-5,0.0,1.1144751301022041e-6,0.573452901590215,2.9022789846411563e-7,-1.0176199042330336]
540.0,[0.011980603176198201,-0.0064493595649158415,-0.014247802937461529,-0.00010311111964256269,0.0,1.1361407830621655e-6,0.5775034241867889,2.958699955891056e-7,-1.007956522347512]
541.0,[0.01198013895494417,-0.006421885245799785,-0.014166801065584878,-0.00010319070042896782,0.0,8.311820349695816e-7,0.5775296643564548,2.164536549399952e-7,-1.0078938118860419]
542.0,[0.01199581826464661,-0.0073792231584472266,-0.016754597709223162,-0.00011156942036905092,0.0,8.334447959296448e-7,0.5787412630655311,2.1704291560667835e-7,-1.0050032843453744]
543.0,[0.012092291020356544,-0.01479728931978267,-0.03580282736947993,-0.00016993908502627161,0.0,7.421374503668242e-7,0.5871831980555955,1.9326496103302716e-7,-0.9848632068307402]
544.0,[0.012097435349763448,-0.015310301175001463,-0.03707611995196203,-0.00017440697774873112,0.0,1.0379597726886019e-7,0.5878634257748017,2.7030202413765675e-8,-0.9832401498643936]
545.0,[0.01203362861209219,-0.009996388901830262,-0.02368807372477022,-0.00013394299003266497,0.0,6.09630320732665e-8,0.5820147195080013,1.5875789602413152e-8,-0.9971934766605656]
546.0,[0.012034651793631685,-0.010047547978804989,-0.023800339477020316,-0.00013390888398134848,0.0,5.055901038152192e-7,0.5819895711241467,1.3166408953521337e-7,-0.9972536323145726]
547.0,[0.011901126602727647,-0.0023973711904545776,-0.0026844304557016585,-6.432401278289035e-5,0.0,5.01327367918246e-7,0.5719269307681198,1.3055400206204326e-7,-1.0212602156415456]
548.0,[0.011898028636399733,-0.0022514730820451705,-0.002256683728774078,-6.206164471223019e-5,0.0,1.2588864356839782e-6,0.5715623749549879,3.2783500929270267e-7,-1.0221302122096847]
549.0,[0.01197235140656024,-0.005958611382084199,-0.012900613910460379,-9.861764738161581e-5,0.0,1.275680463373039e-6,0.5768434773853133,3.322084540033956e-7,-1.0095310166952038]
550.0,[0.011972531410719967,-0.005978980273842655,-0.012948930816492066,-9.915765986079349e-5,0.0,8.789169664828314e-7,0.576944715508289,2.2888462668823732e-7,-1.0092893497577131]
551.0,[0.011993080306638149,-0.00721674571953675,-0.016339640751539264,-0.00011008580713678383,0.0,8.768195184839252e-7,0.5785255070571015,2.283384162718555e-7,-1.005518032027886]
552.0,[0.01199374347985819,-0.007266483711039957,-0.01646469627303304,-0.0001106258196159615,0.0,7.577941337440377e-7,0.5786053278045649,1.973422223291765e-7,-1.0053275600213]
553.0,[0.012095417408393889,-0.015079611633458018,-0.03651052793429699,-0.00017198829027620374,0.0,7.534373826619561e-7,0.5874805671183437,1.962076517348844e-7,-0.9841537732453023]
554.0,[0.012224764608011657,-0.031783997656020795,-0.07563016879430506,-0.00029221496333775576,0.0,8.102999163315654e-8,0.6048935167552353,2.1101560321134517e-8,-0.9426112103946502]
555.0,[0.01219225964632642,-0.026521244459824324,-0.06374705208145315,-0.00025577264750609174,0.0,-0.0,0.599696963476646,0.0,-0.955008672848573]
556.0,[0.012222680349320095,-0.031513991416431957,-0.07504610266551026,-0.00029144757718313485,0.0,-0.0,0.6048401409674949,0.0,-0.9427385208346907]
557.0,[0.012264460262182789,-0.04407449220404183,-0.10221867796644801,-0.0004006153631053166,0.0,-0.0,0.6206664287780362,0.0,-0.9049815199152564]
558.0,[0.012262584429360382,-0.04510667395152267,-0.10436735919938656,-0.0004154088628638419,0.0,-0.0,0.622870832858187,0.0,-0.8997224416097539]
559.0,[0.012261400191467448,-0.0428267791600471,-0.09967493497242685,-0.0003899288003594847,0.0,-0.0,0.6191959137605199,0.0,-0.9084897485999026]
560.0,[0.012245436664670706,-0.03672984879206827,-0.08666916073707398,-0.0003339863496876205,0.0,-0.0,0.6110683753860398,0.0,-0.9278797330075911]
561.0,[0.012241590259994457,-0.035625191685539896,-0.08420499852945795,-0.0003242121238145046,0.0,-0.0,0.6096223616612308,0.0,-0.9313295086082064]
562.0,[0.012258415911977256,-0.040571516516744545,-0.09490292995906202,-0.00036616825127566694,0.0,-0.0,0.6156950334915408,0.0,-0.9168418486701811]
563.0,[0.01222990893741856,-0.03308381716730461,-0.07861871154091205,-0.00030500473258143757,0.0,-0.0,0.606860949856201,0.0,-0.9379174482002063]
564.0,[0.012126491810704465,-0.018295054360351056,-0.044354919737088494,-0.0001975791974473395,0.0,-0.0,0.5912889964650823,0.0,-0.9750676798618753]
565.0,[0.012098306948852647,-0.01540172434033593,-0.03730349362740526,-0.00017537900021125094,0.0,-0.0,0.5880185010403567,0.0,-0.9828701475180062]
566.0,[0.011675401386431378,0.002979068843463513,0.017834622667578515,2.831654910551151e-5,0.0,5.344153910273213e-8,0.5585458269216914,1.3917067474669829e-8,-1.0531835462873718]
567.0,[0.011484056964642756,0.0018848330303929588,0.023777602109475993,9.563905223330947e-5,0.0,2.228750643745885e-6,0.5486745701696111,5.804038134754909e-7,-1.0767343214348724]
568.0,[0.01178005959445727,0.0015011399530825047,0.010378187198512023,-9.336531547887716e-6,0.0,2.9479930311124735e-6,0.5638362985182773,7.677065185188733e-7,-1.0405630263896208]
569.0,[0.011871814346401758,-0.0012046067846919564,0.0009876544027065393,-4.949924914399161e-5,0.0,1.8260956852318641e-6,0.5697088202809093,4.7554575136246465e-7,-1.0265524666497183]
570.0,[0.011814620393124642,0.0006451728040701709,0.0071665340328763705,-2.505657903384417e-5,0.0,1.4057804555522827e-6,0.5661997298184116,3.660886603000736e-7,-1.034924003783381]
571.0,[0.011840882052638335,-0.0001321609488513786,0.0044579451241588686,-3.600746367737884e-5,0.0,1.6729540392529337e-6,0.5677683643622613,4.3566511438878483e-7,-1.0311817853621907]
577.0,[0.012202339879271069,-0.027793115956834903,-0.0665721699988353,-0.00026136035558010917,0.0,1.552880799557911e-6,0.6003513202617237,4.0439604155153934e-7,-0.9534481191187445]
578.0,[0.012207597895515693,-0.02886982504909004,-0.06907185934323934,-0.0002723083980527008,0.0,-0.0,0.602062493574322,0.0,-0.9493651939012607]
579.0,[0.0120809697061001,-0.013846109444178484,-0.03349782673467416,-0.00016471233266202034,0.0,-0.0,0.5865266416721595,0.0,-0.9864292977249909]
580.0,[0.012160730496664957,-0.02212535340125517,-0.0534939204044349,-0.00022307062863546887,0.0,1.7831369961754915e-7,0.5948949875667702,4.643585927540343e-8,-0.9664648790598834]
581.0,[0.012121139055428404,-0.01768540869306889,-0.04289546495783725,-0.00019222170521970836,0.0,-0.0,0.5904720364766292,0.0,-0.9770167129771847]
582.0,[0.012060591340438501,-0.012090121496536689,-0.029044144866929855,-0.00015049579360493226,0.0,-0.0,0.5844197025490979,0.0,-0.9914558524900093]
583.0,[0.012044059379453149,-0.010769933093494425,-0.025659119273768738,-0.00013982059954287251,0.0,3.26068222020173e-7,0.5828501420336925,8.491359948442005e-8,-0.9952004918868418]
592.0,[0.011713495950971264,0.02102732802692723,0.049038817451219074,-0.000830766566650709,0.0,4.3872389674727353e-7,0.6835585007924105,1.1425101477793583e-7,-0.7549391619394982]
593.0,[0.011927113519050181,-0.016915654062662117,-0.036845904105575755,-0.000736991978556034,0.0,-0.0,0.6700833195815705,0.0,-0.7870869375696816]
594.0,[0.011998253057754482,-0.007671493070423214,-0.0175944592228916,-0.0001208121602758183,0.0,-0.0,0.5804638907502124,0.0,-1.0008932892102074]
595.0,[0.012117150542205005,-0.017217871572938744,-0.04172591161477612,-0.00018765717868518547,0.0,7.091416130611971e-7,0.5897511984571331,1.8467229506802007e-7,-0.9787366798028444]
596.0,[0.011894883300556103,-0.002127838646022913,-0.001887201506178826,-6.196785307110986e-5,0.0,-0.0,0.5716206014109462,0.0,-1.0219908509195998]
597.0,[0.011931300984239593,-0.0037729819268861316,-0.00673594513500575,-7.790674771968042e-5,0.0,1.2898838869633845e-6,0.5738516225543517,3.359072622300481e-7,-1.016668732578863]
598.0,[0.011971602968211906,-0.005915978817938593,-0.012784084901795723,-9.841585324465994e-5,0.0,1.1038203954513615e-6,0.5768235741449416,2.8745322798212544e-7,-1.0095784387614948]
599.0,[0.011863439416022931,-0.0009042840550440208,0.001928412984852912,-4.67053951069829e-5,0.0,8.827962588622707e-7,0.5693582789295494,2.2989485907871633e-7,-1.027388421266739]
