187.0,[-0.02984923051691587,-0.00015893039872768991,-0.0007957938488919336,-3.1985274249569356e-5,0.0,0.0,59.013596211745515,0.0,-26.019548901038036]
188.0,[-0.028460369912658805,-0.00028169043084838835,-0.0009240050801023006,4.90514911813419e-5,0.0,0.0,59.10240284501542,0.0,-23.676959352403347]
189.0,[-0.007257003936705866,0.13462720058293773,0.5672816451826148,-0.0012219744503089239,0.0,0.0,57.516520970378416,0.0,-65.50967346767555]
190.0,[-0.02459040060083997,-0.0057795861551110965,-0.01672493405754547,0.00019879736425947622,0.0,4.931762022320301e-6,59.271110765117356,0.0,-19.226747578451317]
191.0,[-0.028588265751358966,-0.00022469470164949263,-0.0007869516950153565,3.698297335106457e-5,0.0,0.0,59.090027007478895,0.0,-24.00341170795522]
192.0,[-0.027836908570404863,-0.0007036780412632891,-0.002033695391612719,7.38178667287515e-5,0.0,0.0,59.130702717276904,0.0,-22.930459575372684]
193.0,[-0.028374706161937706,-0.0003310136580397404,-0.0010522163113126676,4.721900151079365e-5,0.0,0.0,59.10141323510714,0.0,-23.703063483512114]
194.0,[-0.02785659570916202,-0.0006861408938174751,-0.0019894846222298338,7.292938688848569e-5,0.0,0.0,59.129725677471384,0.0,-22.95623212975836]
195.0,[-0.027859206548352035,-0.0006839487503867484,-0.0019806424683532567,7.300342687517451e-5,0.0,0.0,59.12976338777967,0.0,-22.955237399589087]
196.0,[-0.02785511388151363,-0.0006883330372482019,-0.0019894846222298338,7.318852684189656e-5,0.0,0.0,59.12998050773645,0.0,-22.949510165281158]
197.0,[-0.02785511388151363,-0.0006883330372482019,-0.0019894846222298338,7.318852684189656e-5,0.0,0.0,59.12998279320968,0.0,-22.949449878604234]
198.0,[-0.026767628795650162,-0.0018512651272487466,-0.005212449710242165,0.0001224621379833049,0.0,0.0,59.18438162701286,0.0,-21.514506394422213]
199.0,[-0.026763783100086487,-0.0018545533423948368,-0.0052257129410570305,0.00012298041789012663,0.0,0.0,59.18486157639101,0.0,-21.50184619226785]
200.0,[-0.027308601732143837,-0.0012045828151843532,-0.0034086503194204485,9.908401218631064e-5,0.0,0.0,59.158444934070445,0.0,-22.198669747511854]
201.0,[-0.027310224686234928,-0.0012045828151843532,-0.00340422924248216,9.884338222957197e-5,0.0,0.0,59.15820953032783,0.0,-22.204879275235186]
202.0,[-0.02836398055229223,-0.00033649401661655726,-0.0010610584651892447,4.795940137768183e-5,0.0,0.0,59.102206294317696,0.0,-23.68211386328048]
203.0,[-0.027317739669308897,-0.0011958142414614462,-0.003386544934729006,9.81400023560282e-5,0.0,0.0,59.15750331909999,0.0,-22.22350785840518]
204.0,[-0.02732253796836082,-0.0011903338828846294,-0.003368860626975852,9.828808232940584e-5,0.0,0.0,59.15758673887285,0.0,-22.221277251358938]
205.0,[-0.028364121678734932,-0.00033649401661655726,-0.0010654795421275332,4.795940137768183e-5,0.0,0.0,59.102193724214935,0.0,-23.682445440003573]
206.0,[-0.0273178807957516,-0.0011958142414614462,-0.0033821238577907177,9.81400023560282e-5,0.0,0.0,59.15749874815353,0.0,-22.223628431759035]
207.0,[-0.02732253796836082,-0.001189237811169266,-0.0033644395500375636,9.826957233273363e-5,0.0,0.0,59.157587881609466,0.0,-22.2213073946974]
208.0,[-0.02731435263468401,-0.001198006384892173,-0.0033909660116672948,9.865828226284992e-5,0.0,0.0,59.15799926679074,0.0,-22.210425649512338]
209.0,[-0.02676145451378188,-0.0018589376292562903,-0.005238976171871895,0.0001229063779034378,0.0,0.0,59.18482843702919,0.0,-21.50275049242173]
210.0,[-0.02731255327253954,-0.0012001985283228997,-0.003395387088605583,9.891742221626079e-5,0.0,0.0,59.158247240636115,0.0,-22.20385440172745]
211.0,[-0.027310189404624253,-0.0012045828151843532,-0.003399808165543872,9.884338222957197e-5,0.0,0.0,59.1582072448546,0.0,-22.204939561912113]
212.0,[-0.02731417622663063,-0.0011991024566075364,-0.0033909660116672948,9.867679225952214e-5,0.0,0.0,59.158010694156886,0.0,-22.210184502804637]
213.0,[-0.027314246789851983,-0.0011991024566075364,-0.0033909660116672948,9.865828226284992e-5,0.0,0.0,59.158008408683656,0.0,-22.210214646143097]
214.0,[-0.027314246789851983,-0.0011991024566075364,-0.0033909660116672948,9.865828226284992e-5,0.0,0.0,59.15800612321043,0.0,-22.210274932820024]
215.0,[-0.027314246789851983,-0.0011991024566075364,-0.003395387088605583,9.865828226284992e-5,0.0,0.0,59.15800498047381,0.0,-22.21024478948156]
216.0,[-0.027314246789851983,-0.0011991024566075364,-0.0033909660116672948,9.865828226284992e-5,0.0,0.0,59.15800612321043,0.0,-22.21024478948156]
217.0,[-0.027314246789851983,-0.0011991024566075364,-0.0033909660116672948,9.865828226284992e-5,0.0,0.0,59.15800612321043,0.0,-22.21024478948156]
218.0,[-0.027314211508241305,-0.0012001985283228997,-0.0033909660116672948,9.865828226284992e-5,0.0,0.0,59.15800612321043,0.0,-22.21024478948156]
219.0,[-0.02676134866894985,-0.0018578415575409269,-0.005234555094933607,0.0001229063779034378,0.0,0.0,59.18483186523903,0.0,-21.502660062406342]
220.0,[-0.026759514025194702,-0.001861129772687017,-0.005247818325748473,0.00012316551785684866,0.0,0.0,59.18506841171826,0.0,-21.496420391344547]
221.0,[-0.026755350795134945,-0.0018666101312638339,-0.005265502633501627,0.00012336912782024293,0.0,0.0,59.18526496241598,0.0,-21.491205593790486]
222.0,[-0.02675531551352427,-0.0018666101312638339,-0.005261081556563339,0.00012335061782357072,0.0,0.0,59.18526724788921,0.0,-21.491145307113563]
223.0,[-0.027308425324090457,-0.0012045828151843532,-0.0034086503194204485,9.910252218298284e-5,0.0,0.0,59.15845407596336,0.0,-22.19839845746569]
224.0,[-0.026757185438890094,-0.0018655140595484705,-0.0052566604796250496,0.00012310998786683205,0.0,0.0,59.18503298688321,0.0,-21.49732469149843]
225.0,[-0.026759443461973353,-0.001861129772687017,-0.005247818325748473,0.00012318402785352087,0.0,0.0,59.18507298266472,0.0,-21.496269674652233]
226.0,[-0.02730849588731181,-0.0012056788868997166,-0.00340422924248216,9.910252218298284e-5,0.0,0.0,59.15845064775352,0.0,-22.19851903081954]
227.0,[-0.027845587846631135,-0.0006949094675403821,-0.0020115900069212767,7.383637672542371e-5,0.0,0.0,59.13066729244185,0.0,-22.93142416220349]
228.0,[-0.027850985933064547,-0.000691621252394292,-0.0020027478530446996,7.33921368052908e-5,0.0,0.0,59.13020791232277,0.0,-22.94354178426553]
229.0,[-0.027320068255613505,-0.0011936220980307195,-0.0033732817039141406,9.823255233938922e-5,0.0,0.0,59.15755245677441,0.0,-22.222241838189746]
230.0,[-0.027853526209033214,-0.0006883330372482019,-0.0019939056991681225,7.346617679197962e-5,0.0,0.0,59.13023990894798,0.0,-22.94266762745011]
231.0,[-0.027851127059507253,-0.000691621252394292,-0.001998326776106411,7.33921368052908e-5,0.0,0.0,59.13019648495662,0.0,-22.943843217650155]
232.0,[-0.027855043318292277,-0.0006883330372482019,-0.0019850635452915454,7.318852684189656e-5,0.0,0.0,59.129987364156136,0.0,-22.949329305250384]
233.0,[-0.027855078599902952,-0.0006872369655328385,-0.0019894846222298338,7.320703683856875e-5,0.0,0.0,59.12998622141952,0.0,-22.949389591927307]
234.0,[-0.027320174100445533,-0.0011936220980307195,-0.0033732817039141406,9.821404234271703e-5,0.0,0.0,59.157544457618116,0.0,-22.22239255488206]
235.0,[-0.027853526209033214,-0.0006894291089635653,-0.0019939056991681225,7.346617679197962e-5,0.0,0.0,59.13023762347475,0.0,-22.942727914127033]
236.0,[-0.02731608143360713,-0.0011969103131768096,-0.003386544934729006,9.839914230943907e-5,0.0,0.0,59.15775243568198,0.0,-22.216936610620298]
237.0,[-0.02676565302545231,-0.0018534572706794734,-0.005221291864118742,0.00012273978793338796,0.0,0.0,59.18462845812162,0.0,-21.50796528997579]
238.0,[-0.02731255327253954,-0.001201294600038263,-0.003395387088605583,9.889891221958859e-5,0.0,0.0,59.158244955162886,0.0,-22.20394483174284]
239.0,[-0.02784562312824181,-0.0006960055392557455,-0.0020115900069212767,7.383637672542371e-5,0.0,0.0,59.13066043602216,0.0,-22.931544735557345]
240.0,[-0.027851021214675226,-0.0006905251806789286,-0.0019939056991681225,7.33921368052908e-5,0.0,0.0,59.13020562684954,0.0,-22.94357192760399]
241.0,[-0.027320103537224184,-0.0011936220980307195,-0.003377702780852429,9.821404234271703e-5,0.0,0.0,59.157551314037796,0.0,-22.222211694851282]
242.0,[-0.027853490927422536,-0.0006883330372482019,-0.0019939056991681225,7.344766679530741e-5,0.0,0.0,59.13023990894798,0.0,-22.94269777078857]
243.0,[-0.027851127059507253,-0.0006905251806789286,-0.0019939056991681225,7.33921368052908e-5,0.0,0.0,59.13019648495662,0.0,-22.943813074311695]
244.0,[-0.026767593514039487,-0.0018501690555333833,-0.005216870787180453,0.0001224621379833049,0.0,0.0,59.184385055222705,0.0,-21.514415964406826]
245.0,[-0.026763783100086487,-0.0018556494141102001,-0.005230134017995319,0.00012299892788679884,0.0,0.0,59.18486271912762,0.0,-21.501816048929385]
246.0,[-0.027308601732143837,-0.0012056788868997166,-0.00340422924248216,9.908401218631064e-5,0.0,0.0,59.15844379133383,0.0,-22.19863960417339]
247.0,[-0.02618982185761084,-0.002679895344063461,-0.0075865680261031,0.00014663619363720396,0.0,0.0,59.21110795095599,0.0,-20.809513994454793]
248.0,[-0.026189962984053544,-0.0026777032006327344,-0.007577725872226522,0.00014695086358063145,0.0,0.0,59.21137649406043,0.0,-20.80243030991604]
249.0,[-0.026749494047762747,-0.0018742826332713777,-0.005283186941254781,0.00012377634774703142,0.0,0.0,59.18568777496339,0.0,-21.480052558559258]
250.0,[-0.027304509065305432,-0.0012089671020458067,-0.0034219135502353143,9.928762214970488e-5,0.0,0.0,59.15865291213431,0.0,-22.193153516573165]
251.0,[-0.027310083559792225,-0.0012034867434689899,-0.00340422924248216,9.884338222957197e-5,0.0,0.0,59.15821752948413,0.0,-22.20466827186595]
252.0,[-0.0267612781057285,-0.0018589376292562903,-0.005243397248810185,0.00012292488790011002,0.0,0.0,59.18483872165872,0.0,-21.502479202375564]
253.0,[-0.026192009317472745,-0.002674414985486644,-0.007573304795288234,0.00014671023362389278,0.0,0.0,59.211147946737505,0.0,-20.80842883427013]
254.0,[-0.02730683765161004,-0.0012056788868997166,-0.0034086503194204485,9.932464214304929e-5,0.0,0.0,59.15868605149613,0.0,-22.19233964643467]
255.0,[-0.028356712540492993,-0.00034087830347801076,-0.0010743216960041103,4.832960131112592e-5,0.0,0.0,59.10262453591866,0.0,-23.67111154474157]
256.0,[-0.027317669106087544,-0.0011969103131768096,-0.0033821238577907177,9.81585123527004e-5,0.0,0.0,59.157510175519675,0.0,-22.223326998374407]
257.0,[-0.027322502686750145,-0.0011903338828846294,-0.003368860626975852,9.828808232940584e-5,0.0,0.0,59.157590167082695,0.0,-22.22121696468201]
258.0,[-0.027314317353073332,-0.0011991024566075364,-0.003395387088605583,9.865828226284992e-5,0.0,0.0,59.157998124054124,0.0,-22.2104557928508]
259.0,[-0.027849574668637512,-0.000691621252394292,-0.0020027478530446996,7.365127675870167e-5,0.0,0.0,59.1304524579583,0.0,-22.93706096649603]
260.0,[-0.028365391816719265,-0.00033649401661655726,-0.0010654795421275332,4.770026142427097e-5,0.0,0.0,59.101942322159715,0.0,-23.68913726114231]
261.0,[-0.027856630990772693,-0.0006872369655328385,-0.0019850635452915454,7.292938688848569e-5,0.0,0.0,59.12972910568123,0.0,-22.956141699742968]
262.0,[-0.02732437261211597,-0.0011881417394539026,-0.003360018473099275,9.801043237932277e-5,0.0,0.0,59.15733533681763,0.0,-22.22793892915921]
263.0,[-0.02731848058313309,-0.0011947181697460829,-0.003377702780852429,9.847318229612789e-5,0.0,0.0,59.15779014599026,0.0,-22.215941880451027]
264.0,[-0.026761489795392553,-0.0018600337009716536,-0.005238976171871895,0.0001229063779034378,-8.998691397902827e-6,0.0,59.18482386608273,0.0,-21.502810779098656]
265.0,[-0.026192044599083423,-0.002674414985486644,-0.007568883718349946,0.00014671023362389278,0.0,0.0,59.211145661264275,0.0,-20.808519264285522]
266.0,[-0.026753551432990474,-0.0018688022746945606,-0.005269923710439915,0.00012360975777698157,0.0,0.0,59.18549465247552,0.0,-21.485146782759468]
267.0,[-0.027840330886640424,-0.0006981976826864723,-0.002024853237736142,7.429912664222882e-5,0.0,0.0,59.131115245194785,0.0,-22.91957783018762]
268.0,[-0.027847069674279523,-0.0006938133958250188,-0.002007168929982988,7.359574676868505e-5,0.0,0.0,59.130417033123244,0.0,-22.937965266649915]
269.0,[-0.027319997692392156,-0.0011936220980307195,-0.0033732817039141406,9.821404234271703e-5,0.0,0.0,59.15755702772087,0.0,-22.22209112149743]
270.0,[-0.027318374738301062,-0.0011947181697460829,-0.0033821238577907177,9.847318229612789e-5,0.0,0.0,59.15779700240995,0.0,-22.21576102042025]
271.0,[-0.027314317353073332,-0.0011991024566075364,-0.0033909660116672948,9.865828226284992e-5,0.0,0.0,59.158000409527354,0.0,-22.21036536283541]
272.0,[-0.027314246789851983,-0.0011991024566075364,-0.0033909660116672948,9.867679225952214e-5,0.0,0.0,59.1580038377372,0.0,-22.210305076158487]
273.0,[-0.027314246789851983,-0.0011991024566075364,-0.0033909660116672948,9.865828226284992e-5,0.0,0.0,59.15800612321043,0.0,-22.21024478948156]
274.0,[-0.027314211508241305,-0.0012001985283228997,-0.0033909660116672948,9.863977226617773e-5,0.0,0.0,59.15800612321043,0.0,-22.21024478948156]
275.0,[-0.027314211508241305,-0.0012001985283228997,-0.0033909660116672948,9.863977226617773e-5,0.0,0.0,59.15800612321043,0.0,-22.21024478948156]
276.0,[-0.027314211508241305,-0.0011991024566075364,-0.0033909660116672948,9.865828226284992e-5,0.0,0.0,59.15800612321043,0.0,-22.21024478948156]
277.0,[-0.027314246789851983,-0.0011991024566075364,-0.0033909660116672948,9.865828226284992e-5,0.0,0.0,59.15800612321043,0.0,-22.210274932820024]
278.0,[-0.026761383950560526,-0.0018589376292562903,-0.005243397248810185,0.00012294339789678223,0.0,0.0,59.18483186523903,0.0,-21.50262991906788]
279.0,[-0.026759478743584027,-0.001861129772687017,-0.005243397248810185,0.00012316551785684866,0.0,0.0,59.18506726898165,0.0,-21.496420391344547]
280.0,[-0.02784414130059342,-0.0006960055392557455,-0.002016011083859565,7.411402667550678e-5,0.0,0.0,59.130910695340766,0.0,-22.92497348777246]
281.0,[-0.028361616684376943,-0.00033759008833192063,-0.0010699006190658218,4.788536139099302e-5,0.0,0.0,59.102157156643266,0.0,-23.683440170172844]
282.0,[-0.0273218323361473,-0.0011914299545999927,-0.0033732817039141406,9.795490238930616e-5,0.0,0.0,59.15729991198258,0.0,-22.228873372651556]
283.0,[-0.026769922100344096,-0.0018479769121026565,-0.005203607556365588,0.00012253617796999372,0.0,0.0,59.184421622794375,0.0,-21.513421234237555]
284.0,[-0.027312659117371567,-0.001201294600038263,-0.003395387088605583,9.891742221626079e-5,0.0,0.0,59.15823924147981,0.0,-22.204095548435156]
285.0,[-0.02731029524945628,-0.0012045828151843532,-0.003399808165543872,9.882487223289977e-5,0.0,0.0,59.15820495938137,0.0,-22.204999848589036]
286.0,[-0.027314211508241305,-0.0011991024566075364,-0.003395387088605583,9.865828226284992e-5,0.0,0.0,59.15800955142027,0.0,-22.210154359466173]
287.0,[-0.027314211508241305,-0.0012001985283228997,-0.0033909660116672948,9.865828226284992e-5,0.0,0.0,59.15800726594704,0.0,-22.210184502804637]
288.0,[-0.02784950410541616,-0.000691621252394292,-0.0020027478530446996,7.365127675870167e-5,0.0,0.0,59.13045588616814,0.0,-22.936970536480644]
289.0,[-0.027316010870385776,-0.001198006384892173,-0.003386544934729006,9.839914230943907e-5,0.0,0.0,59.15775700662844,0.0,-22.21684618060491]
290.0,[-0.02676565302545231,-0.0018534572706794734,-0.005221291864118742,0.00012273978793338796,0.0,0.0,59.18463074359485,0.0,-21.50796528997579]
291.0,[-0.027312588554150214,-0.0012001985283228997,-0.003395387088605583,9.891742221626079e-5,0.0,0.0,59.158244955162886,0.0,-22.20394483174284]
292.0,[-0.027310259967845606,-0.0012034867434689899,-0.003399808165543872,9.884338222957197e-5,0.0,0.0,59.15820610211799,0.0,-22.204969705250576]
293.0,[-0.027314211508241305,-0.0011991024566075364,-0.003395387088605583,9.865828226284992e-5,0.0,0.0,59.15800955142027,0.0,-22.210154359466173]
294.0,[-0.027314211508241305,-0.0011991024566075364,-0.003386544934729006,9.865828226284992e-5,0.0,0.0,59.158008408683656,0.0,-22.210214646143097]
295.0,[-0.027314246789851983,-0.0011991024566075364,-0.0033909660116672948,9.865828226284992e-5,0.0,0.0,59.15800612321043,0.0,-22.21024478948156]
296.0,[-0.027314211508241305,-0.0012001985283228997,-0.0033909660116672948,9.865828226284992e-5,0.0,0.0,59.15800612321043,0.0,-22.21024478948156]
297.0,[-0.027314246789851983,-0.0011991024566075364,-0.0033909660116672948,9.865828226284992e-5,0.0,0.0,59.15800612321043,0.0,-22.21024478948156]
298.0,[-0.026761383950560526,-0.0018589376292562903,-0.005238976171871895,0.00012292488790011002,0.0,0.0,59.18483186523903,0.0,-21.50262991906788]
299.0,[-0.02731251799092886,-0.0012001985283228997,-0.003395387088605583,9.889891221958859e-5,0.0,0.0,59.15824838337273,0.0,-22.20385440172745]
300.0,[-0.027845658409852488,-0.0006949094675403821,-0.0020115900069212767,7.383637672542371e-5,0.0,0.0,59.13066272149539,0.0,-22.931514592218882]
301.0,[-0.027315940307164426,-0.0011969103131768096,-0.003386544934729006,9.839914230943907e-5,0.0,0.0,59.15776043483828,0.0,-22.216725607251057]
302.0,[-0.027318339456690387,-0.0011947181697460829,-0.0033821238577907177,9.849169229280009e-5,0.0,0.0,59.157800430619794,0.0,-22.215670590404862]
303.0,[-0.027314282071462657,-0.0011991024566075364,-0.0033909660116672948,9.867679225952214e-5,0.0,0.0,59.15800155226397,0.0,-22.21033521949695]
304.0,[-0.027314282071462657,-0.0011991024566075364,-0.003395387088605583,9.865828226284992e-5,0.0,0.0,59.15800498047381,0.0,-22.210274932820024]
305.0,[-0.026761383950560526,-0.0018600337009716536,-0.005238976171871895,0.00012294339789678223,0.0,0.0,59.18483072250242,0.0,-21.50262991906788]
306.0,[-0.026759478743584027,-0.001861129772687017,-0.005247818325748473,0.00012318402785352087,0.0,0.0,59.18506841171826,0.0,-21.496390248006083]
307.0,[-0.02730849588731181,-0.0012045828151843532,-0.00340422924248216,9.908401218631064e-5,0.0,0.0,59.15845064775352,0.0,-22.19851903081954]
308.0,[-0.027310189404624253,-0.0012034867434689899,-0.00340422924248216,9.884338222957197e-5,0.0,0.0,59.15821181580106,0.0,-22.204818988558262]
309.0,[-0.02784943354219481,-0.000691621252394292,-0.0020027478530446996,7.365127675870167e-5,0.0,0.0,59.130461599851216,0.0,-22.93681981978833]
310.0,[-0.027851021214675226,-0.0006905251806789286,-0.001998326776106411,7.341064680196301e-5,0.0,0.0,59.13020334137631,0.0,-22.94366235761938]
311.0,[-0.026767522950818134,-0.0018501690555333833,-0.005216870787180453,0.0001224621379833049,0.0,0.0,59.184387340695935,0.0,-21.5143556777299]
312.0,[-0.026763783100086487,-0.0018556494141102001,-0.005230134017995319,0.00012299892788679884,-8.998691397902827e-6,0.0,59.18486271912762,0.0,-21.501816048929385]
313.0,[-0.0278441765822041,-0.0006971016109711089,-0.002016011083859565,7.409551667883458e-5,0.0,0.0,59.13090612439431,0.0,-22.92509406112631]
314.0,[-0.02784717551911155,-0.0006938133958250188,-0.0020115900069212767,7.359574676868505e-5,0.0,0.0,59.13041131944017,0.0,-22.938146126680692]
315.0,[-0.027854902191849575,-0.0006872369655328385,-0.0019894846222298338,7.322554683524097e-5,0.0,0.0,59.129994220575824,0.0,-22.949148445219606]
316.0,[-0.027855043318292277,-0.0006872369655328385,-0.0019894846222298338,7.318852684189656e-5,0.0,0.0,59.129987364156136,0.0,-22.949329305250384]
317.0,[-0.027855149163124305,-0.0006872369655328385,-0.0019939056991681225,7.320703683856875e-5,8.998691397902827e-6,0.0,59.12998393594629,0.0,-22.949389591927307]
318.0,[-0.027855078599902952,-0.0006883330372482019,-0.0019894846222298338,7.318852684189656e-5,0.0,0.0,59.12998393594629,0.0,-22.949449878604234]
319.0,[-0.026767628795650162,-0.0018512651272487466,-0.005212449710242165,0.0001224621379833049,0.0,0.0,59.18438162701286,0.0,-21.514506394422213]
320.0,[-0.027316716502599297,-0.0011947181697460829,-0.003386544934729006,9.873232224953874e-5,0.0,0.0,59.15803583436241,0.0,-22.20946106268153]
321.0,[-0.027845728973073837,-0.0006960055392557455,-0.0020115900069212767,7.383637672542371e-5,0.0,0.0,59.13065815054893,0.0,-22.931635165572732]
322.0,[-0.0273159755887751,-0.001198006384892173,-0.003386544934729006,9.839914230943907e-5,0.0,0.0,59.15775814936505,0.0,-22.216785893927984]
323.0,[-0.027318339456690387,-0.0011947181697460829,-0.0033821238577907177,9.847318229612789e-5,0.0,0.0,59.157800430619794,0.0,-22.2156404470664]
324.0,[-0.0267614192321712,-0.0018589376292562903,-0.005238976171871895,0.00012292488790011002,-8.998691397902827e-6,4.931762022320301e-6,59.184827294292575,-7.797884637482451e-6,-21.50275049242173]
325.0,[-0.026192079880694098,-0.002674414985486644,-0.007573304795288234,0.00014671023362389278,0.0,0.0,59.211145661264275,0.0,-20.80848912094706]
326.0,[-0.02730687293322072,-0.00120677495861508,-0.0034086503194204485,9.934315213972149e-5,0.0,0.0,59.15868490875952,0.0,-22.192309503096208]
327.0,[-0.027841812714288813,-0.0006981976826864723,-0.0020204321607978533,7.403998668881796e-5,0.0,0.0,59.130868414086024,0.0,-22.92608879129558]
328.0,[-0.027315905025553748,-0.001198006384892173,-0.003386544934729006,9.841765230611127e-5,0.0,0.0,59.157766148521354,0.0,-22.216574890558743]
329.0,[-0.027853420364201187,-0.0006894291089635653,-0.0019939056991681225,7.346617679197962e-5,0.0,0.0,59.13024676536766,0.0,-22.942486767419332]
330.0,[-0.027316046151996454,-0.001198006384892173,-0.003386544934729006,9.839914230943907e-5,0.0,0.0,59.15775357841859,0.0,-22.216906467281834]
331.0,[-0.027318374738301062,-0.0011947181697460829,-0.0033821238577907177,9.847318229612789e-5,0.0,0.0,59.157798145146565,0.0,-22.21576102042025]
332.0,[-0.028364086397124257,-0.00033649401661655726,-0.0010654795421275332,4.795940137768183e-5,0.0,0.0,59.10219715242478,0.0,-23.682355009988186]
333.0,[-0.02731781023253025,-0.0011958142414614462,-0.0033821238577907177,9.8121492359356e-5,0.0,0.0,59.15749989089014,0.0,-22.223598288420572]
334.0,[-0.02676995738195477,-0.0018479769121026565,-0.005203607556365588,0.0001225176679733215,0.0,0.0,59.184423908267604,0.0,-21.51339109089909]
335.0,[-0.027848092840989123,-0.0006927173241096554,-0.0020027478530446996,7.389190671544032e-5,0.0,0.0,59.130695860857216,0.0,-22.93064043540346]
336.0,[-0.0273120240483794,-0.0012023906717536265,-0.00340422924248216,9.85842422761611e-5,0.0,0.0,59.15795584279938,0.0,-22.211571096373923]
337.0,[-0.027318304175079713,-0.0011958142414614462,-0.0033821238577907177,9.847318229612789e-5,0.0,0.0,59.15780271609302,0.0,-22.215610303727935]
338.0,[-0.02784950410541616,-0.000691621252394292,-0.0020027478530446996,7.365127675870167e-5,0.0,0.0,59.13045360069491,0.0,-22.937000679819107]
339.0,[-0.027316010870385776,-0.001198006384892173,-0.003386544934729006,9.839914230943907e-5,0.0,0.0,59.15775586389182,0.0,-22.21684618060491]
340.0,[-0.027318339456690387,-0.0011947181697460829,-0.0033821238577907177,9.847318229612789e-5,0.0,0.0,59.15779928788318,0.0,-22.215700733743322]
341.0,[-0.0267614192321712,-0.0018589376292562903,-0.005238976171871895,0.00012292488790011002,0.0,0.0,59.184827294292575,0.0,-21.50275049242173]
342.0,[-0.026759514025194702,-0.001861129772687017,-0.005243397248810185,0.00012316551785684866,0.0,0.0,59.18506612624503,0.0,-21.49645053468301]
343.0,[-0.02730849588731181,-0.0012056788868997166,-0.00340422924248216,9.910252218298284e-5,0.0,0.0,59.15845064775352,0.0,-22.198549174158003]
344.0,[-0.027310189404624253,-0.0012023906717536265,-0.00340422924248216,9.884338222957197e-5,0.0,0.0,59.158210673064445,0.0,-22.204818988558262]
345.0,[-0.026761313387339173,-0.0018600337009716536,-0.005238976171871895,0.00012292488790011002,-8.998691397902827e-6,0.0,59.18483757892211,0.0,-21.502509345714028]
346.0,[-0.02731251799092886,-0.0012001985283228997,-0.003395387088605583,9.891742221626079e-5,0.0,0.0,59.158249526109344,0.0,-22.20382425838899]
347.0,[-0.02784562312824181,-0.0006949094675403821,-0.0020115900069212767,7.383637672542371e-5,0.0,0.0,59.13066272149539,0.0,-22.931514592218882]
348.0,[-0.0273159755887751,-0.001198006384892173,-0.0033909660116672948,9.841765230611127e-5,0.0,0.0,59.15776043483828,0.0,-22.216695463912597]
349.0,[-0.02785345564581186,-0.0006883330372482019,-0.0019939056991681225,7.344766679530741e-5,0.0,0.0,59.130245622631044,0.0,-22.942516910757796]
350.0,[-0.027316046151996454,-0.001198006384892173,-0.0033909660116672948,9.839914230943907e-5,0.0,0.0,59.15775357841859,0.0,-22.216906467281834]
351.0,[-0.026765688307062985,-0.0018534572706794734,-0.0052257129410570305,0.00012273978793338796,0.0,0.0,59.18462845812162,0.0,-21.507995433314253]
352.0,[-0.02784802227776777,-0.0006927173241096554,-0.0020027478530446996,7.391041671211253e-5,0.0,0.0,59.13069928906706,0.0,-22.93055000538807]
353.0,[-0.027847246082332903,-0.0006938133958250188,-0.0020115900069212767,7.357723677201285e-5,0.0,0.0,59.13040674849371,0.0,-22.93823655669608]
354.0,[-0.027320068255613505,-0.0011936220980307195,-0.0033732817039141406,9.821404234271703e-5,0.0,0.0,59.157553599511026,0.0,-22.222181551512822]
355.0,[-0.027318374738301062,-0.0011947181697460829,-0.003377702780852429,9.847318229612789e-5,0.0,0.0,59.15779700240995,0.0,-22.215730877081786]
356.0,[-0.02676145451378188,-0.0018589376292562903,-0.005238976171871895,0.00012292488790011002,0.0,0.0,59.18482615155596,0.0,-21.502780635760192]
357.0,[-0.02675954930680538,-0.001861129772687017,-0.005247818325748473,0.00012316551785684866,0.0,0.0,59.18506612624503,0.0,-21.49645053468301]
358.0,[-0.027308531168922484,-0.0012045828151843532,-0.0034086503194204485,9.908401218631064e-5,0.0,0.0,59.158449505016904,0.0,-22.19851903081954]
359.0,[-0.02675722072050077,-0.0018644179878331071,-0.0052566604796250496,0.00012310998786683205,0.0,0.0,59.18503184414659,0.0,-21.497384978175354]
360.0,[-0.026191938754251395,-0.002674414985486644,-0.007577725872226522,0.00014671023362389278,0.0,0.0,59.21115137494735,0.0,-20.808368547593208]
361.0,[-0.0267535161513798,-0.0018677062029791973,-0.005269923710439915,0.0001235912477803094,0.0,0.0,59.185495795212134,0.0,-21.485116639421005]
362.0,[-0.027304544346916107,-0.0012089671020458067,-0.0034174924732970255,9.926911215303268e-5,0.0,0.0,59.158649483924464,0.0,-22.19327408992702]
363.0,[-0.02618971601277881,-0.002679895344063461,-0.0075821469491648115,0.00014665470363387618,0.0,0.0,59.21111480737568,0.0,-20.809333134424016]
364.0,[-0.02675753825499685,-0.0018633219161177438,-0.005252239402686761,0.00012340614781358733,0.0,0.0,59.18530495819749,0.0,-21.49015057694429]
365.0,[-0.02730457962852678,-0.0012089671020458067,-0.0034219135502353143,9.926911215303268e-5,0.0,0.0,59.158647198451234,0.0,-22.19330423326548]
366.0,[-0.026757185438890094,-0.0018644179878331071,-0.0052566604796250496,0.00012310998786683205,0.0,0.0,59.18503412961982,0.0,-21.497294548159967]
367.0,[-0.027847916432935743,-0.000691621252394292,-0.0020027478530446996,7.391041671211253e-5,0.0,0.0,59.13071071643321,0.0,-22.930248572003446]
368.0,[-0.02731195348515805,-0.0012023906717536265,-0.003399808165543872,9.860275227283332e-5,0.0,0.0,59.15796041374584,0.0,-22.211450523020073]
369.0,[-0.026765582462230958,-0.0018545533423948368,-0.005221291864118742,0.00012275829793006017,0.0,0.0,59.18463302906808,0.0,-21.507874859960403]
370.0,[-0.026759514025194702,-0.001861129772687017,-0.005247818325748473,0.00012316551785684866,0.0,0.0,59.18506612624503,0.0,-21.49645053468301]
371.0,[-0.026755386076745623,-0.0018666101312638339,-0.005265502633501627,0.00012335061782357072,-8.998691397902827e-6,0.0,59.18526381967936,0.0,-21.491265880467413]
372.0,[-0.027308460605701135,-0.0012045828151843532,-0.0034086503194204485,9.910252218298284e-5,0.0,0.0,59.15845293322675,0.0,-22.198458744142616]
373.0,[-0.02784555256502046,-0.0006949094675403821,-0.0020115900069212767,7.385488672209591e-5,0.0,0.0,59.130668435178464,0.0,-22.931363875526568]
374.0,[-0.027850985933064547,-0.000691621252394292,-0.0020027478530446996,7.341064680196301e-5,0.0,0.0,59.13020791232277,0.0,-22.94354178426553]
375.0,[-0.027320068255613505,-0.0011936220980307195,-0.0033732817039141406,9.819553234604481e-5,0.0,0.0,59.157551314037796,0.0,-22.222241838189746]
376.0,[-0.027318374738301062,-0.0011958142414614462,-0.003377702780852429,9.845467229945568e-5,0.0,0.0,59.157795859673335,0.0,-22.215791163758713]
377.0,[-0.027314282071462657,-0.0012001985283228997,-0.0033909660116672948,9.863977226617773e-5,0.0,0.0,59.158000409527354,0.0,-22.21036536283541]
378.0,[-0.027849539387026837,-0.000691621252394292,-0.0020027478530446996,7.365127675870167e-5,0.0,0.0,59.13045360069491,0.0,-22.93703082315757]
379.0,[-0.0278510564962859,-0.0006905251806789286,-0.0020027478530446996,7.33921368052908e-5,0.0,0.0,59.13020105590308,0.0,-22.943692500957845]
380.0,[-0.027320103537224184,-0.0011936220980307195,-0.0033732817039141406,9.823255233938922e-5,0.0,0.0,59.15755017130118,0.0,-22.22227198152821]
381.0,[-0.027853526209033214,-0.0006894291089635653,-0.0019894846222298338,7.346617679197962e-5,0.0,0.0,59.13023990894798,0.0,-22.94266762745011]
382.0,[-0.027851127059507253,-0.000691621252394292,-0.001998326776106411,7.33921368052908e-5,0.0,0.0,59.13019648495662,0.0,-22.943813074311695]
383.0,[-0.027320103537224184,-0.0011936220980307195,-0.003377702780852429,9.821404234271703e-5,0.0,0.0,59.15754788582796,0.0,-22.222332268205136]
384.0,[-0.02731841001991174,-0.0011947181697460829,-0.0033821238577907177,9.847318229612789e-5,0.0,0.0,59.157795859673335,0.0,-22.215791163758713]
385.0,[-0.027314317353073332,-0.0011991024566075364,-0.0033909660116672948,9.865828226284992e-5,0.0,0.0,59.158000409527354,0.0,-22.210395506173874]
386.0,[-0.027314282071462657,-0.0011991024566075364,-0.003395387088605583,9.865828226284992e-5,0.0,0.0,59.15800498047381,0.0,-22.210274932820024]
387.0,[-0.026761383950560526,-0.0018600337009716536,-0.005238976171871895,0.00012294339789678223,0.0,0.0,59.18483186523903,0.0,-21.50262991906788]
388.0,[-0.026759514025194702,-0.001861129772687017,-0.005243397248810185,0.00012316551785684866,0.0,0.0,59.18506841171826,0.0,-21.496390248006083]
389.0,[-0.027308531168922484,-0.0012056788868997166,-0.00340422924248216,9.910252218298284e-5,0.0,0.0,59.15845064775352,0.0,-22.19851903081954]
390.0,[-0.02675722072050077,-0.0018655140595484705,-0.0052566604796250496,0.00012310998786683205,0.0,0.0,59.18503070140998,0.0,-21.497354834836894]
391.0,[-0.027312412146096834,-0.0012001985283228997,-0.003395387088605583,9.891742221626079e-5,0.0,0.0,59.1582540970558,0.0,-22.203703685035137]
392.0,[-0.027310189404624253,-0.0012023906717536265,-0.00340422924248216,9.886189222624418e-5,0.0,0.0,59.15820953032783,0.0,-22.20490941857365]
393.0,[-0.026194020369281274,-0.002673318913771281,-0.007564462641411657,0.00014646960366715412,0.0,0.0,59.21091939941458,0.0,-20.81448764530115]
394.0,[-0.027310824473616418,-0.001201294600038263,-0.003399808165543872,9.915805217299946e-5,0.0,0.0,59.15848607258857,0.0,-22.19761473066566]
395.0,[-0.02442591773186889,-0.006009761215337406,-0.0174057799060419,0.00021286496173035163,0.0,0.0,59.28496644656983,0.0,-18.861289742928612]
396.0,[-0.02382613035037848,-0.0073820430029723555,-0.021552750074156534,0.00023404039792335356,0.0,0.0,59.30864737743496,0.0,-18.236599196626027]
397.0,[-0.02833914229837639,-0.0003496468772009178,-0.001096427080695553,5.03101709550518e-5,0.0,0.0,59.10461746857458,0.0,-23.61857170580095]
398.0,[-0.02783073428853658,-0.0007080623281247426,-0.0020469586224275845,7.420657665886779e-5,0.0,0.0,59.13111981614124,0.0,-22.919487400172233]
399.0,[-0.027323878669566506,-0.001189237811169266,-0.0033644395500375636,9.804745237266718e-5,0.0,0.0,59.15736619070623,0.0,-22.227094915682255]
400.0,[-0.028367790966245227,-0.0003343018731858305,-0.0010610584651892447,4.7755791414287585e-5,0.0,0.0,59.10198460341446,0.0,-23.68796167094226]
401.0,[-0.027852750013598344,-0.0006894291089635653,-0.0019939056991681225,7.311448685520774e-5,0.0,0.0,59.129933655535254,0.0,-22.950746042158134]
402.0,[-0.027859100703520007,-0.0006850448221021118,-0.0019806424683532567,7.300342687517451e-5,0.0,0.0,59.12977024419936,0.0,-22.955086682896773]
403.0,[-0.02785511388151363,-0.0006883330372482019,-0.0019894846222298338,7.318852684189656e-5,0.0,0.0,59.12998165047306,0.0,-22.949510165281158]
404.0,[-0.02785511388151363,-0.0006872369655328385,-0.0019894846222298338,7.318852684189656e-5,0.0,0.0,59.12998165047306,0.0,-22.949449878604234]
405.0,[-0.02785511388151363,-0.0006872369655328385,-0.0019894846222298338,7.318852684189656e-5,0.0,0.0,59.12998393594629,0.0,-22.94941973526577]
406.0,[-0.027320174100445533,-0.001192526026315356,-0.003377702780852429,9.821404234271703e-5,0.0,0.0,59.15754560035473,0.0,-22.22239255488206]
407.0,[-0.026765688307062985,-0.0018534572706794734,-0.0052257129410570305,0.00012273978793338796,0.0,0.0,59.184623887175164,0.0,-21.50808586332964]
408.0,[-0.02731262383576089,-0.0012001985283228997,-0.0033909660116672948,9.889891221958859e-5,0.0,0.0,59.158242669689656,0.0,-22.203974975081305]
409.0,[-0.027845693691463162,-0.0006949094675403821,-0.0020115900069212767,7.385488672209591e-5,0.0,0.0,59.130661578758776,0.0,-22.931574878895805]
410.0,[-0.027851021214675226,-0.0006905251806789286,-0.001998326776106411,7.33921368052908e-5,0.0,0.0,59.13020448411292,0.0,-22.943602070942454]
411.0,[-0.027854972755070925,-0.0006872369655328385,-0.0019894846222298338,7.318852684189656e-5,0.0,0.0,59.12999079236598,0.0,-22.94920873189653]
412.0,[-0.02732013881883486,-0.001192526026315356,-0.003377702780852429,9.821404234271703e-5,0.0,0.0,59.15754560035473,0.0,-22.222332268205136]
413.0,[-0.02731841001991174,-0.0011958142414614462,-0.003377702780852429,9.845467229945568e-5,0.0,0.0,59.157793574200106,0.0,-22.215821307097176]
414.0,[-0.027849574668637512,-0.000691621252394292,-0.0020027478530446996,7.365127675870167e-5,0.0,0.0,59.13045017248507,0.0,-22.937121253172958]
415.0,[-0.027851091777896575,-0.0006905251806789286,-0.001998326776106411,7.33921368052908e-5,0.0,0.0,59.130199913166464,0.0,-22.943722644296304]
416.0,[-0.027320103537224184,-0.001192526026315356,-0.0033732817039141406,9.821404234271703e-5,0.0,0.0,59.15755017130118,0.0,-22.22227198152821]
417.0,[-0.027853490927422536,-0.0006883330372482019,-0.0019939056991681225,7.344766679530741e-5,0.0,0.0,59.13023990894798,0.0,-22.942637484111646]
418.0,[-0.027851127059507253,-0.0006905251806789286,-0.001998326776106411,7.33921368052908e-5,0.0,0.0,59.13019648495662,0.0,-22.943813074311695]
419.0,[-0.026767593514039487,-0.0018512651272487466,-0.005216870787180453,0.0001224806479799771,0.0,0.0,59.184385055222705,0.0,-21.514415964406826]
420.0,[-0.026763783100086487,-0.0018556494141102001,-0.005230134017995319,0.00012298041789012663,0.0,0.0,59.18486271912762,0.0,-21.501816048929385]
421.0,[-0.027308601732143837,-0.0012045828151843532,-0.0034086503194204485,9.910252218298284e-5,0.0,0.0,59.158444934070445,0.0,-22.198669747511854]
422.0,[-0.027310189404624253,-0.0012045828151843532,-0.00340422924248216,9.884338222957197e-5,0.0,0.0,59.15820953032783,0.0,-22.204879275235186]
423.0,[-0.026761313387339173,-0.0018589376292562903,-0.005238976171871895,0.00012294339789678223,0.0,0.0,59.18483643618549,0.0,-21.502509345714028]
424.0,[-0.02619197403586207,-0.0026755110572020077,-0.007573304795288234,0.000146728743620565,0.0,0.0,59.21114908947412,0.0,-20.808458977608595]
425.0,[-0.027842659472945033,-0.0006960055392557455,-0.002016011083859565,7.433614663557323e-5,0.0,0.0,59.13115067002984,0.0,-22.918643386695276]
426.0,[-0.027843365105158554,-0.0006971016109711089,-0.0020204321607978533,7.37623367387349e-5,0.0,0.0,59.130614726557575,0.0,-22.932780612434318]
427.0,[-0.026767417105986107,-0.00185236119896411,-0.005216870787180453,0.00012249915797664932,0.0,0.0,59.18439533985224,0.0,-21.51414467436066]
428.0,[-0.026763712536865138,-0.0018556494141102001,-0.005230134017995319,0.00012298041789012663,0.0,0.0,59.18486729007408,0.0,-21.501725618913994]
429.0,[-0.026755456639966972,-0.0018666101312638339,-0.005261081556563339,0.0001233321078268985,0.0,0.0,59.185259248732905,0.0,-21.4913563104828]
430.0,[-0.02730849588731181,-0.0012056788868997166,-0.00340422924248216,9.910252218298284e-5,0.0,0.0,59.15845179049013,0.0,-22.19848888748108]
431.0,[-0.0273101188414029,-0.0012045828151843532,-0.00340422924248216,9.886189222624418e-5,0.0,0.0,59.15821181580106,0.0,-22.204758701881335]
432.0,[-0.027314140945019955,-0.0011991024566075364,-0.0033909660116672948,9.867679225952214e-5,0.0,0.0,59.158010694156886,0.0,-22.21012421612771]
433.0,[-0.027314211508241305,-0.0011991024566075364,-0.0033909660116672948,9.865828226284992e-5,0.0,0.0,59.158008408683656,0.0,-22.210214646143097]
434.0,[-0.027314246789851983,-0.0011991024566075364,-0.0033909660116672948,9.865828226284992e-5,0.0,0.0,59.15800612321043,0.0,-22.21024478948156]
435.0,[-0.027849539387026837,-0.000691621252394292,-0.0020027478530446996,7.365127675870167e-5,0.0,0.0,59.13045588616814,0.0,-22.93694039314218]
436.0,[-0.027316010870385776,-0.001198006384892173,-0.003386544934729006,9.841765230611127e-5,0.0,0.0,59.15775700662844,0.0,-22.216816037266447]
437.0,[-0.026198395289005087,-0.002665646411763737,-0.007542357256720215,0.00014628450370043208,0.0,0.0,59.21072056324363,0.0,-20.819762729532137]
438.0,[-0.02675771466305023,-0.0018622258444023804,-0.005252239402686761,0.00012340614781358733,0.0,0.0,59.18529467356796,0.0,-21.490421866990456]
439.0,[-0.026183753420574583,-0.0026875678460710046,-0.007613094487732831,0.00014704341356399245,0.0,0.0,59.211521621610494,0.0,-20.798602105931266]
440.0,[-0.026753480869769124,-0.0018688022746945606,-0.005265502633501627,0.00012360975777698157,0.0,0.0,59.18550036615859,0.0,-21.48496592272869]
441.0,[-0.02675125812829654,-0.0018731865615560141,-0.005278765864316493,0.00012353571779029275,0.0,0.0,59.185461513113694,0.0,-21.48602093957489]
442.0,[-0.02560873372977866,-0.0036477266687293245,-0.010411636189669464,0.00016973666948411517,0.0,0.0,59.23666639807897,0.0,-20.13535822973479]
443.0,[-0.02618378870218526,-0.002685375702640278,-0.007608673410794542,0.00014733957351074773,0.0,0.0,59.21178673650509,0.0,-20.791608851407904]
444.0,[-0.026745507225756367,-0.0018786669201328312,-0.005300871249007935,0.00012394293771708127,0.0,0.0,59.18587632650481,0.0,-21.475078907712902]
445.0,[-0.027840189760197722,-0.0006981976826864723,-0.0020204321607978533,7.429912664222882e-5,0.0,0.0,59.1311243870877,0.0,-22.91933668347992]
446.0,[-0.027311812358715343,-0.0012023906717536265,-0.003399808165543872,9.860275227283332e-5,0.0,0.0,59.15797069837537,0.0,-22.21120937631237]
447.0,[-0.02676551189900961,-0.0018534572706794734,-0.0052257129410570305,0.00012273978793338796,0.0,0.0,59.184636457277925,0.0,-21.507784429945016]
475.0,[-0.02975111235762617,-0.0001282403906975153,-0.0006985301562495861,-3.278120410647415e-5,0.0,0.0,59.01373905382234,0.0,-26.01578098373019]
476.0,[-0.029751288765679552,-0.00012933646241287868,-0.0007029512331878747,-3.429902383359492e-5,0.0,0.0,59.01226378085285,0.0,-26.05466589034717]
477.0,[-0.027878258618117022,-0.0006696998180870244,-0.00194085277590866,7.12819971846595e-5,0.0,0.0,59.12801385802266,0.0,-23.001386850775596]
478.0,[-0.027337673779340783,-0.001174988878869542,-0.003324649857592967,9.739960248914002e-5,0.0,0.0,59.15665655126854,0.0,-22.2458440722061]
479.0,[-0.026766041123169746,-0.00185236119896411,-0.005221291864118742,0.00012272127793671578,0.0,0.0,59.1846033179161,0.0,-21.508658586760433]
480.0,[-0.027312729680592916,-0.0012001985283228997,-0.0033909660116672948,9.889891221958859e-5,0.0,0.0,59.15823695600658,0.0,-22.204185978450543]
481.0,[-0.027310259967845606,-0.0012034867434689899,-0.00340422924248216,9.884338222957197e-5,0.0,0.0,59.15820610211799,0.0,-22.204969705250576]
482.0,[-0.02731417622663063,-0.0011991024566075364,-0.0033909660116672948,9.867679225952214e-5,0.0,0.0,59.15800955142027,0.0,-22.210154359466173]
483.0,[-0.027314211508241305,-0.0011991024566075364,-0.0033909660116672948,9.865828226284992e-5,0.0,0.0,59.15800726594704,0.0,-22.210214646143097]
484.0,[-0.027314246789851983,-0.001198006384892173,-0.0033909660116672948,9.867679225952214e-5,0.0,0.0,59.15800612321043,0.0,-22.21024478948156]
485.0,[-0.02784950410541616,-0.000691621252394292,-0.0020027478530446996,7.366978675537386e-5,0.0,0.0,59.13045588616814,0.0,-22.936970536480644]
486.0,[-0.0278510564962859,-0.000691621252394292,-0.001998326776106411,7.33921368052908e-5,0.0,0.0,59.13020105590308,0.0,-22.94366235761938]
487.0,[-0.027320103537224184,-0.001192526026315356,-0.003377702780852429,9.821404234271703e-5,0.0,0.0,59.15755017130118,0.0,-22.22227198152821]
488.0,[-0.027853526209033214,-0.0006883330372482019,-0.0019939056991681225,7.346617679197962e-5,0.0,0.0,59.13023990894798,0.0,-22.94266762745011]
489.0,[-0.027851127059507253,-0.0006905251806789286,-0.001998326776106411,7.33921368052908e-5,0.0,0.0,59.130195342220006,0.0,-22.943813074311695]
490.0,[-0.027855008036681603,-0.0006872369655328385,-0.0019894846222298338,7.320703683856875e-5,0.0,0.0,59.12998850689275,0.0,-22.94929916191192]
491.0,[-0.02885940492940331,-0.00012714431898215193,-0.0005526346172860649,2.110139620631312e-5,0.0,0.0,59.07277511280772,0.0,-24.45848568872776]
492.0,[-0.02886162767087589,-0.00012714431898215193,-0.0005526346172860649,2.0546096306146983e-5,0.0,0.0,59.07222431375946,0.0,-24.473014777866815]
493.0,[-0.028869107372339182,-0.00012495217555142518,-0.0005482135403477765,2.0101856386014074e-5,0.0,0.0,59.07176264816715,0.0,-24.485192686605778]
494.0,[-0.028869213217171213,-0.00012495217555142518,-0.0005482135403477765,2.0101856386014074e-5,0.0,0.0,59.071753506274234,0.0,-24.48543383331348]
495.0,[-0.02837999840353909,-0.00032772544289365026,-0.0010433741574360905,4.651562163724988e-5,0.0,0.0,59.10071616577221,0.0,-23.721450919974405]
496.0,[-0.027865063295724236,-0.0006795644635252948,-0.0019673792375383913,7.252216696169719e-5,0.0,0.0,59.12927086829876,0.0,-22.968229178466544]
497.0,[-0.026772180123427355,-0.0018468808403872931,-0.005208028633303876,0.00012231405800992726,0.0,0.0,59.18416450705608,0.0,-21.52023362873014]
498.0,[-0.026196560645249937,-0.002667838555194464,-0.007551199410596792,0.00014652513365717075,0.0,0.0,59.21093996867364,0.0,-20.81394506520882]
499.0,[-0.026185905598825814,-0.0026842796309249147,-0.007599831256917966,0.0001470989435540091,0.0,0.0,59.211555903708934,0.0,-20.797697805777386]
500.0,[-0.026749494047762747,-0.0018742826332713777,-0.005283186941254781,0.00012377634774703142,0.0,0.0,59.185686632226776,0.0,-21.48008270189772]
501.0,[-0.026751222846685865,-0.0018720904898406508,-0.005278765864316493,0.00012353571779029275,0.0,0.0,59.18546379858692,0.0,-21.485960652897962]
504.0,[-0.02560862788494663,-0.0036477266687293245,-0.010398372958854598,0.00016968113949409857,0.0,0.0,59.23666639807897,0.0,-20.135297943057868]
505.0,[-0.02501670830263695,-0.004761335531538517,-0.01367881204706468,0.0001921152554608104,0.0,0.0,59.261644335001705,0.0,-19.476454994276956]
506.0,[-0.02559423298779086,-0.0036674559596058653,-0.010451425882114061,0.0001706066393277088,0.0,0.0,59.23765600798724,0.0,-20.109223955287565]
507.0,[-0.025592151372760982,-0.0036718402464673188,-0.010469110189867214,0.00017055110933769218,0.0,0.0,59.237625154098644,0.0,-20.1100076820876]
508.0,[-0.02617549752367642,-0.0026985285632246383,-0.007639620949362562,0.00014767275345084743,0.0,0.0,59.2121626968513,0.0,-20.78169169305365]
509.0,[-0.02674533081770299,-0.0018797629918481946,-0.005296450172069647,0.00012394293771708127,0.0,0.0,59.18588661113434,0.0,-21.474837761005197]
510.0,[-0.02618347116768918,-0.002688663917786368,-0.007613094487732831,0.00014708043355733688,0.0,0.0,59.2115376199231,0.0,-20.798180099192788]
511.0,[-0.02675333974332642,-0.0018688022746945606,-0.005269923710439915,0.00012360975777698157,0.0,0.0,59.18550493710505,0.0,-21.48484534937484]
512.0,[-0.02675125812829654,-0.0018720904898406508,-0.005278765864316493,0.00012351720779362057,0.0,0.0,59.185461513113694,0.0,-21.48602093957489]
513.0,[-0.027308390042479782,-0.0012045828151843532,-0.0034086503194204485,9.910252218298284e-5,0.0,0.0,59.15845864690982,0.0,-22.198308027450302]
514.0,[-0.027845517283409782,-0.0006949094675403821,-0.0020115900069212767,7.385488672209591e-5,0.0,0.0,59.13066957791508,0.0,-22.931333732188104]
515.0,[-0.026196066702700475,-0.002671126770340554,-0.00755562048753508,0.00014622897371041548,0.0,0.0,59.21068285293535,0.0,-20.820727316362944]
516.0,[-0.026761842611499314,-0.0018567454858255635,-0.005234555094933607,0.00012323955784353748,0.0,0.0,59.185098122870244,0.0,-21.49557637786759]
517.0,[-0.027304650191748134,-0.0012089671020458067,-0.0034174924732970255,9.926911215303268e-5,0.0,0.0,59.15864377024139,0.0,-22.193454949957793]
518.0,[-0.02675722072050077,-0.0018655140595484705,-0.005252239402686761,0.00012310998786683205,0.0,0.0,59.18503298688321,0.0,-21.49732469149843]
519.0,[-0.02784788115132507,-0.0006938133958250188,-0.0020027478530446996,7.392892670878473e-5,0.0,0.0,59.13071071643321,0.0,-22.930248572003446]
520.0,[-0.028361651965987618,-0.00033759008833192063,-0.0010654795421275332,4.788536139099302e-5,0.0,0.0,59.10215601390665,0.0,-23.68350045684977]
521.0,[-0.02785656042755134,-0.0006861408938174751,-0.0019894846222298338,7.292938688848569e-5,0.0,0.0,59.12973253389107,0.0,-22.956081413066045]
522.0,[-0.02677186258893127,-0.0018446886969565664,-0.0051947654024890105,0.00012229554801325508,0.0,0.0,59.18417821989546,0.0,-21.519841765330124]
523.0,[-0.02731675178420997,-0.0011969103131768096,-0.0033821238577907177,9.871381225286654e-5,0.0,0.0,59.158032406152564,0.0,-22.209551492696917]
524.0,[-0.027310330531066955,-0.0012045828151843532,-0.00340422924248216,9.884338222957197e-5,0.0,0.0,59.15820038843491,0.0,-22.20512042194289]
525.0,[-0.027314211508241305,-0.0011991024566075364,-0.003395387088605583,9.865828226284992e-5,0.0,0.0,59.15800726594704,0.0,-22.210214646143097]
526.0,[-0.027314211508241305,-0.0011991024566075364,-0.003395387088605583,9.865828226284992e-5,0.0,0.0,59.15800726594704,0.0,-22.210214646143097]
527.0,[-0.026761383950560526,-0.0018600337009716536,-0.005238976171871895,0.00012292488790011002,0.0,0.0,59.18483072250242,0.0,-21.50262991906788]
528.0,[-0.02731251799092886,-0.0012001985283228997,-0.0033909660116672948,9.889891221958859e-5,0.0,0.0,59.15824838337273,0.0,-22.20385440172745]
529.0,[-0.026757256002111447,-0.0018655140595484705,-0.0052566604796250496,0.00012309147787015984,0.0,0.0,59.185027273200134,0.0,-21.497475408190745]
530.0,[-0.027312482709318187,-0.001201294600038263,-0.003395387088605583,9.891742221626079e-5,0.0,0.0,59.15825181158257,0.0,-22.203763971712064]
531.0,[-0.02784562312824181,-0.0006949094675403821,-0.0020115900069212767,7.385488672209591e-5,0.0,0.0,59.130663864232005,0.0,-22.93148444888042]
532.0,[-0.027315940307164426,-0.001198006384892173,-0.003386544934729006,9.841765230611127e-5,0.0,0.0,59.157761577574895,0.0,-22.216725607251057]
533.0,[-0.02785345564581186,-0.0006883330372482019,-0.0019939056991681225,7.346617679197962e-5,0.0,0.0,59.130244479894436,0.0,-22.942516910757796]
534.0,[-0.027316046151996454,-0.001198006384892173,-0.003386544934729006,9.839914230943907e-5,0.0,0.0,59.15775357841859,0.0,-22.216906467281834]
535.0,[-0.027318374738301062,-0.0011947181697460829,-0.0033821238577907177,9.847318229612789e-5,0.0,0.0,59.15779700240995,0.0,-22.21576102042025]
536.0,[-0.027314282071462657,-0.0011991024566075364,-0.003386544934729006,9.865828226284992e-5,0.0,0.0,59.15800269500058,0.0,-22.21036536283541]
537.0,[-0.0267614192321712,-0.0018589376292562903,-0.005243397248810185,0.00012292488790011002,0.0,0.0,59.184829579765804,0.0,-21.502690205744805]
538.0,[-0.027847986996157096,-0.0006927173241096554,-0.002007168929982988,7.391041671211253e-5,0.0,0.0,59.13070386001352,0.0,-22.930459575372684]
539.0,[-0.02619197403586207,-0.0026777032006327344,-0.0075821469491648115,0.0001463955636804653,-8.998691397902827e-6,0.0,59.21086911900353,0.0,-20.815813952193512]
540.0,[-0.025615331390975053,-0.0036334777364296004,-0.010358583266410001,0.00016957007951406533,0.0,0.0,59.236505272216306,0.0,-20.139548153781117]
541.0,[-0.027301298438733926,-0.0012111592454765335,-0.0034219135502353143,9.97318620698378e-5,0.0,0.0,59.15910886404355,0.0,-22.18115646786498]
542.0,[-0.02730246273188623,-0.0012122553171918969,-0.0034307557041118914,9.921358216301606e-5,0.0,0.0,59.158601488986655,0.0,-22.194540110142455]
543.0,[-0.027314035100187928,-0.0011991024566075364,-0.0033909660116672948,9.867679225952214e-5,0.0,0.0,59.1580198360498,0.0,-22.20988306942001]
544.0,[-0.02731417622663063,-0.0011991024566075364,-0.0033909660116672948,9.865828226284992e-5,0.0,4.931762022320301e-6,59.158010694156886,0.0,-22.21012421612771]
545.0,[-0.026761383950560526,-0.0018600337009716536,-0.005238976171871895,0.00012292488790011002,0.0,0.0,59.18483072250242,0.0,-21.502660062406342]
546.0,[-0.02784795171454642,-0.0006938133958250188,-0.0020027478530446996,7.391041671211253e-5,0.0,0.0,59.13070386001352,0.0,-22.93042943203422]
547.0,[-0.028361651965987618,-0.000338686160047284,-0.0010654795421275332,4.788536139099302e-5,0.0,0.0,59.10215372843342,0.0,-23.683530600188234]
548.0,[-0.026769463439405308,-0.0018490729838180199,-0.005203607556365588,0.00012220299802989405,0.0,0.0,59.18414050958717,0.0,-21.52086663883786]
549.0,[-0.02732087973265905,-0.0011914299545999927,-0.003368860626975852,9.854722228281671e-5,0.0,0.0,59.15782785629854,0.0,-22.214977293620215]
550.0,[-0.027845764254684515,-0.0006938133958250188,-0.0020115900069212767,7.383637672542371e-5,8.998691397902827e-6,0.0,59.13065357960247,0.0,-22.93172559558812]
551.0,[-0.027851091777896575,-0.000691621252394292,-0.001998326776106411,7.33921368052908e-5,0.0,0.0,59.130202198639694,0.0,-22.94366235761938]
552.0,[-0.028369131667450913,-0.0003343018731858305,-0.0010566373882509562,4.7478141464204515e-5,8.998691397902827e-6,0.0,59.101725202202935,0.0,-23.694804208773313]
553.0,[-0.02732193818097933,-0.0011914299545999927,-0.0033732817039141406,9.795490238930616e-5,0.0,0.0,59.15729077008966,0.0,-22.22911451935926]
554.0,[-0.027322643813192847,-0.001189237811169266,-0.0033644395500375636,9.826957233273363e-5,0.0,0.0,59.15758216792639,0.0,-22.221427968051252]
555.0,[-0.027849645231858865,-0.000691621252394292,-0.0020027478530446996,7.365127675870167e-5,0.0,0.0,59.130446744275226,0.0,-22.937211683188345]
556.0,[-0.02731608143360713,-0.001198006384892173,-0.003386544934729006,9.839914230943907e-5,0.0,0.0,59.15775357841859,0.0,-22.216906467281834]
557.0,[-0.027318339456690387,-0.0011958142414614462,-0.003377702780852429,9.847318229612789e-5,0.0,0.0,59.15779928788318,0.0,-22.215700733743322]
558.0,[-0.027314282071462657,-0.0012001985283228997,-0.0033909660116672948,9.863977226617773e-5,0.0,0.0,59.15800269500058,0.0,-22.21036536283541]
559.0,[-0.027314246789851983,-0.001198006384892173,-0.0033909660116672948,9.867679225952214e-5,0.0,0.0,59.1580038377372,0.0,-22.210305076158487]
560.0,[-0.027314211508241305,-0.0011991024566075364,-0.003395387088605583,9.865828226284992e-5,0.0,0.0,59.15800498047381,0.0,-22.21024478948156]
561.0,[-0.027314246789851983,-0.0011991024566075364,-0.0033909660116672948,9.867679225952214e-5,0.0,0.0,59.15800612321043,0.0,-22.21024478948156]
562.0,[-0.0267614192321712,-0.0018589376292562903,-0.005238976171871895,0.00012292488790011002,0.0,0.0,59.18483186523903,0.0,-21.502660062406342]
563.0,[-0.026759514025194702,-0.001861129772687017,-0.005243397248810185,0.00012316551785684866,0.0,0.0,59.18506726898165,0.0,-21.496420391344547]
564.0,[-0.02730849588731181,-0.0012056788868997166,-0.00340422924248216,9.910252218298284e-5,0.0,0.0,59.15845064775352,0.0,-22.19851903081954]
565.0,[-0.027310154123013578,-0.0012034867434689899,-0.00340422924248216,9.884338222957197e-5,0.0,0.0,59.158210673064445,0.0,-22.204849131896726]
566.0,[-0.02731417622663063,-0.0011991024566075364,-0.003395387088605583,9.865828226284992e-5,0.0,0.0,59.1580118368935,0.0,-22.21012421612771]
567.0,[-0.027314211508241305,-0.0011991024566075364,-0.0033909660116672948,9.865828226284992e-5,0.0,0.0,59.15800726594704,0.0,-22.210214646143097]
568.0,[-0.027849539387026837,-0.0006905251806789286,-0.002007168929982988,7.365127675870167e-5,0.0,0.0,59.13045588616814,0.0,-22.936970536480644]
569.0,[-0.028365391816719265,-0.00033649401661655726,-0.0010654795421275332,4.7681751427598767e-5,0.0,0.0,59.101942322159715,0.0,-23.68913726114231]
570.0,[-0.028860463377723588,-0.00012714431898215193,-0.0005482135403477765,2.0842256252902254e-5,0.0,0.0,59.07250885517651,0.0,-24.465539229928048]
571.0,[-0.02932759190307259,-6.247608777571259e-5,-0.0004465287707671405,-6.71912879201023e-6,0.0,0.0,59.04238631801468,0.0,-25.260057345129916]
572.0,[-0.0283813038231341,-0.00032772544289365026,-0.0010389530804978022,4.6237971687166816e-5,0.0,0.0,59.10044419445793,0.0,-23.728625034528548]
573.0,[-0.027869261807394668,-0.0006762762483792046,-0.0019585370836618142,7.231855699830294e-5,0.0,0.0,59.12904574918568,0.0,-22.97416741614371]
574.0,[-0.027859347674794737,-0.000682852678671385,-0.0019762213914149684,7.29849168785023e-5,0.0,0.0,59.12975081767691,0.0,-22.955568976312176]
575.0,[-0.026767805203703542,-0.0018501690555333833,-0.005216870787180453,0.0001224621379833049,0.0,0.0,59.184372485119944,0.0,-21.514747541129914]
576.0,[-0.026763818381697165,-0.0018556494141102001,-0.005230134017995319,0.00012299892788679884,0.0,0.0,59.18486043365439,0.0,-21.50187633560631]
577.0,[-0.027308601732143837,-0.0012056788868997166,-0.00340422924248216,9.908401218631064e-5,0.0,0.0,59.158444934070445,0.0,-22.198669747511854]
580.0,[-0.026189857139221517,-0.0026787992723480976,-0.0075821469491648115,0.00014665470363387618,0.0,0.0,59.21110795095599,0.0,-20.80948385111633]
581.0,[-0.02561095647125124,-0.003644438453583234,-0.01039395188191631,0.00016977368947745957,0.0,0.0,59.23669725196756,0.0,-20.134544359596298]
582.0,[-0.026747694685618273,-0.001875378704986741,-0.0052876080181930695,0.00012399846770709788,0.0,0.0,59.18591060860325,0.0,-21.474174607559018]
583.0,[-0.02730073393296311,-0.0012133513889072602,-0.0034351767810501797,9.945421211975472e-5,0.0,0.0,59.15884489188557,0.0,-22.188119579049882]
584.0,[-0.027310048278181547,-0.0012034867434689899,-0.0034086503194204485,9.886189222624418e-5,0.0,0.0,59.15822095769398,0.0,-22.204577841850558]
585.0,[-0.026761242824117824,-0.0018589376292562903,-0.005243397248810185,0.00012294339789678223,0.0,0.0,59.18483872165872,0.0,-21.50241891569864]
586.0,[-0.026759478743584027,-0.001861129772687017,-0.005243397248810185,0.00012316551785684866,0.0,0.0,59.18506955445488,0.0,-21.496360104667623]
587.0,[-0.027844106018982746,-0.0006960055392557455,-0.0020115900069212767,7.409551667883458e-5,0.0,0.0,59.130910695340766,0.0,-22.92497348777246]
588.0,[-0.02731195348515805,-0.0012023906717536265,-0.003399808165543872,9.860275227283332e-5,0.0,0.0,59.15796269921907,0.0,-22.211390236343146]
589.0,[-0.026765547180620283,-0.0018545533423948368,-0.0052257129410570305,0.00012275829793006017,0.0,0.0,59.18463531454131,0.0,-21.507814573283476]
590.0,[-0.02731251799092886,-0.0012001985283228997,-0.0033909660116672948,9.889891221958859e-5,0.0,0.0,59.1582460978995,0.0,-22.203914688404378]
591.0,[-0.027310259967845606,-0.0012034867434689899,-0.00340422924248216,9.884338222957197e-5,0.0,0.0,59.15820610211799,0.0,-22.204969705250576]
592.0,[-0.02731417622663063,-0.0011991024566075364,-0.003395387088605583,9.865828226284992e-5,0.0,0.0,59.15800955142027,0.0,-22.210154359466173]
593.0,[-0.027849468823805484,-0.0006927173241096554,-0.0020027478530446996,7.365127675870167e-5,0.0,0.0,59.13045817164137,0.0,-22.936910249803717]
594.0,[-0.02836535653510859,-0.0003353979449011939,-0.0010610584651892447,4.7681751427598767e-5,0.0,0.0,59.101942322159715,0.0,-23.689107117803847]
595.0,[-0.027321902899368655,-0.001192526026315356,-0.003368860626975852,9.795490238930616e-5,0.0,0.0,59.15729534103612,0.0,-22.22899394600541]
596.0,[-0.027322608531582172,-0.0011903338828846294,-0.003368860626975852,9.828808232940584e-5,0.0,0.0,59.15758445339962,0.0,-22.22139782471279]
597.0,[-0.027849609950248187,-0.000691621252394292,-0.0020027478530446996,7.363276676202946e-5,0.0,0.0,59.13044788701184,0.0,-22.937211683188345]
598.0,[-0.02731608143360713,-0.001198006384892173,-0.0033909660116672948,9.841765230611127e-5,0.0,0.0,59.15775357841859,0.0,-22.21687632394337]
599.0,[-0.027318374738301062,-0.0011947181697460829,-0.003377702780852429,9.845467229945568e-5,0.0,0.0,59.15779928788318,0.0,-22.215730877081786]
