51.0,[-0.008242897491422594,-0.0008304637101311385,-0.00611833783541659,-1.5756753932712327e-6,78.1098581744875,0.047057569496602544,57.36396217319856,3.7831149174714214,-86.47440788393608]
52.0,[-0.04822601115500246,0.04123374432577456,0.05186898891273565,1.1337859829805002e-5,36.18075681675395,0.047057221018813065,59.41013786961725,3.7831149174714214,-28.66273243147446]
53.0,[-0.0038014017127140773,-0.00033745684390296127,-0.0030947917657168896,-1.4146063530701733e-6,68.01402616554013,0.0,56.9008508057032,0.0,-87.56180504083324]
54.0,[-0.004940217589202334,0.00041694176537094305,-0.0022594486121309504,-1.8039732502518644e-5,2224.9474752732804,6.321004472513656,113.95467092803186,508.1676457259492,-87.10576815655075]
55.0,[-0.008761293320615973,0.0023645814186554924,0.050663875543934256,7.025411353465335e-5,-158.15193300140513,5.597839530533732,109.93069615658655,450.02870840069517,-16.42789407751747]
56.0,[-0.008193474132199535,0.0025153644183111817,0.05230030328238297,7.822352952373185e-6,32.799377675001246,0.0,59.436386819862115,0.0,-15.924036772310576]
57.0,[-0.005805053557905434,-0.00037010058609646097,-0.004630869183392462,-1.7157354282286755e-6,-74.8250898653563,0.0,56.918121348445,0.0,-87.07387879840583]
58.0,[-0.005314156340312991,-5.2506336649861927e-5,-0.003059825792919801,-1.5448621855805953e-5,-1028.5189240885516,6.021854062614266,111.25343582506359,484.11707763265633,-87.15778239571112]
59.0,[-0.00812060347343615,0.0007871805260375352,0.05090924369986296,7.071631165001292e-5,-187.4250152857214,5.640748994663286,110.33412015053095,453.47850374318375,-15.969460725671569]
60.0,[-0.009125964364398439,0.003597167671511001,0.05311139258200561,8.207518048506153e-6,38.78924929753461,0.0,59.41664492587631,0.0,-16.48181459769419]
61.0,[-0.005725602826939032,-0.0003684424912548864,-0.004583675225888877,-1.7017294247329312e-6,45.2621750831755,1.7423889473887826e-7,56.9174235097942,8.58739082784523e-6,-87.09362242321801]
62.0,[-0.00621601018000127,-0.0013633684834847043,-0.009053963684499334,-1.5434615852310207e-5,-2293.5411664345493,6.033600203464193,111.35966344620289,485.06278980974525,-87.15495020677254]
63.0,[-0.008465070915243155,0.00373340779766038,0.05211708562723522,6.791511095086406e-5,-934.0335297847188,5.638463677319891,110.32878804636488,453.29638235850683,-15.535100979803557]
64.0,[-0.008074106061812419,0.0025395104244416112,0.05215518438950257,1.6106904020105934e-5,28.355279374411975,0.0,59.43691983750561,6.869912662276184e-5,-15.908568663492204]
65.0,[-0.005716388077938429,-0.0003686497531100832,-0.0045763990696998874,-1.694726422985059e-6,49.02999755541423,0.0,56.91737242492059,0.0,-87.0950385176873]
66.0,[-0.006245243176830768,0.0019104016066341868,0.001444114888064732,-6.3167075765806745e-6,-354.27192322306206,6.038358667679511,111.40289088793101,485.44374364165014,-87.14127944862673]
67.0,[-0.007313730394279943,0.00550549665959322,0.051155824548489826,6.924568128295977e-5,379.7771830351396,5.627851134719135,110.23320150078477,452.4433624780136,-15.534284002225121]
68.0,[-0.008066691895949865,0.002548560858785206,0.05214770611786389,1.9825497948226043e-5,32.41293434451522,0.0,59.436808029103,0.0,-15.909385641070639]
69.0,[-0.00585572143782685,-0.000370618740734453,-0.0046779620831712,-1.7227384299765477e-6,47.339307984537875,0.0,56.91857243751762,0.0,-87.06113394818225]
70.0,[-0.00590503888039473,-0.0003804636788563021,-0.006272248750358689,-1.584078995368679e-5,10337.938755496858,6.012080306052783,111.1665144306861,483.33212141186465,-87.12515775774561]
71.0,[-0.006962060619920741,0.0003023259594470997,0.05392379563205127,6.861541112565127e-5,7684.039183384091,5.614447285024663,110.1120763738626,451.3654388317392,-15.539185867695732]
72.0,[-4.647093245993512e-5,0.008079550726567635,0.010595801392491189,-0.0016995795031963343,34.007013082770065,0.04261116714176111,59.43665477448217,2.100097951294518,-15.916466113417078]
73.0,[-0.005852199709042137,-0.0003706532843769858,-0.004678063140896047,-1.7227384299765477e-6,47.38761340084863,0.0,56.918574365248695,0.0,-87.06107948301035]
74.0,[-0.007369654388214634,0.00040098260252078763,-0.005533921012625943,-1.6106904020105934e-5,-5068.590722654684,6.012026640473204,111.16539827439104,483.3278277164507,-87.14225982172086]
75.0,[-0.008229353399141536,0.004161610790497017,0.057814922269563127,6.93157113004385e-5,-2231.9034552220287,5.628023631224926,110.23414030582052,452.4554706990809,-15.541691265602934]
76.0,[-0.007442432369904738,0.0022610195783421463,0.050056417559878476,1.2157211034306043e-5,-34.586678078499105,0.0,59.465182302863084,0.0,-15.110463267118922]
77.0,[-0.005933715814784536,-0.00037193139915069957,-0.004737687198555822,-1.7227384299765477e-6,50.43085462842607,0.0,56.919262565244104,0.0,-87.04163541664359]
78.0,[-0.007042345444546681,-0.0008481155114654013,-0.0041183044029680866,-1.5378591838327228e-5,-2273.7359457471407,6.002007904025718,111.0743322581925,482.5231376715367,-87.16137709705623]
79.0,[-0.006135434084573588,0.0027098796694134003,0.06605476492269441,4.5505505357673194e-5,7817.168910736526,5.64396230836006,110.34283735047273,453.7388390835207,-16.548153177063124]
80.0,[-0.008103100746167763,0.002543413856047818,0.05222471210419736,1.0595541644530556e-5,-35.64939723733567,0.0,59.43690152406036,0.0,-15.909494571414431]
81.0,[-0.005960168499415576,-0.00037286407749908526,-0.004754159607705896,-1.7437474352201641e-6,45.2621750831755,0.0,56.91943991650342,0.0,-87.03659738824324]
82.0,[-0.005247269972567238,0.000717471455406337,-0.0053168490196544215,-1.5826783950191046e-5,6058.85175702512,5.993119629527299,110.99570396291931,481.8105044562971,-87.12303361604168]
83.0,[-0.009786328230277823,0.0017001689981795422,0.04969574253989925,4.713020176317953e-5,508.1729795891209,5.6146082817634015,110.07792661778815,451.37923018140873,-16.552292530127193]
84.0,[-0.02559405802624678,0.01837383255048346,0.05450255322225048,-1.2598400144421988e-5,-39.272303460642135,0.0,59.29600462332066,0.0,-19.890326752683414]
85.0,[-0.0057939455486935,-0.0003667153091282462,-0.0046151041783163175,-2.1429185348488765e-6,-47.19439173560562,0.0,56.91793339466474,0.0,-87.07793645371206]
86.0,[-0.004829852434505462,-0.0020493361369011242,-0.020361918863987874,-1.7549522380167596e-5,9544.860430506917,6.0001055637729594,111.05940776417452,482.37266940945113,-87.09955912695465]
87.0,[-0.009042925706737837,0.003146234961887779,0.04868678221502604,7.152865985276609e-5,-1343.3736276020393,5.596472103687821,109.91418128442794,449.92045575191935,-16.551530017720655]
88.0,[-0.012852615397719697,0.007548545853553373,0.05419604514278929,-2.736072782893647e-5,29.369693116937786,0.0,59.38041611183255,0.0010304868993414277,-17.50540580571557]
89.0,[-0.05454743488607097,-0.002312869585783885,0.013658962090330943,-1.7647564404637804e-6,44.97234258531098,0.0,56.91807797449571,0.0,-87.07510426477349]
90.0,[-0.003168999843802037,-0.001901558434145789,-0.006423026875830527,-1.6078892013114443e-5,-6552.629722553636,6.012907940802793,111.17443354996095,483.4002022463478,-87.11508170094491]
91.0,[-0.009251740392423904,0.0008896369697898316,0.05935564834258166,5.615006801443886e-5,3984.2307373109024,5.607434866467002,110.0618782565508,450.8026727612272,-15.17470493736987]
92.0,[-0.008192494403139126,0.002496814482271066,0.052947881183203045,1.0490496618312472e-5,-31.2052989367464,0.0,59.43660658120518,0.0,-15.917827742714469]
93.0,[-0.005714124109433971,-0.0003678207056892959,-0.0045713461834575335,-1.6807204194893147e-6,74.68017361642404,0.0,56.91730784592943,8.58739082784523e-6,-87.09686310094581]
94.0,[-0.006456070278965243,-0.0007269364134603252,-0.005675806058311239,-1.5042447754429366e-5,-151.77561804838572,6.039679746979422,111.41433004415713,485.5508971044,-87.15691095296079]
95.0,[-0.007775738844172221,-0.0033029249244165776,0.05309047363296227,6.965185538433635e-5,2753.4087297129176,5.640575801201916,110.34815017732801,453.46854236982347,-15.529817858129675]
96.0,[-0.007436461318469002,0.0022667883666451245,0.04994495088937215,1.1505931871753933e-5,-34.63498349480986,0.0,59.4652844726103,0.0,-15.108012334383616]
97.0,[-0.005855125656641466,-0.0003710678080873795,-0.004681398045816,-1.694726422985059e-6,52.169849615613174,0.0,56.91860617281151,0.0,-87.06018080767407]
98.0,[-0.0036580435199288414,-0.0018366163861841176,0.008013877580373216,-1.571473592222509e-5,6231.108871589265,6.016373900896939,111.20347289094349,483.67805586397355,-87.17640948449944]
99.0,[-0.010119542027472025,0.00521733359358457,0.06340745676260037,-0.0001750050136793249,-4079.9720724388144,5.647574977603576,110.45005389765585,454.6914211732719,-15.255803578322531]
100.0,[-0.007587670583319406,0.0022959777445853437,0.05049905039470867,1.2339289079750719e-5,-41.542658027247526,0.0,59.452334939083336,0.0,-15.473446405217652]
101.0,[-0.005957255791398144,-0.0003772856637432842,-0.004755978646753143,-1.736744433472292e-6,38.934165546466865,2.2476817421315294e-5,56.919457266083135,8.58739082784523e-6,-87.03964743786939]
102.0,[-0.005575691041114574,-0.0031858219762303723,-0.003996428786802512,-1.5322567824344253e-5,-155.73666218586746,5.995504611518484,111.01619188883289,481.9992724814748,-87.14394824204962]
103.0,[-0.008515619638927496,0.0026918478880112767,0.06253815821346581,9.980678091067381e-5,2825.1905783506963,5.629963955556739,110.21631650425887,452.6120531834358,-16.552020204267716]
104.0,[-0.008418507305709939,0.002543102963265023,0.05425051525648187,1.8824068698280325e-5,-26.761200636157128,0.0,59.436742486246295,0.0,-15.913987948095825]
105.0,[-0.005959731593212962,-0.00037265681564388844,-0.004754462780880437,-1.7577534387159082e-6,45.117258834243245,0.0,56.91943991650342,0.0,-87.03659738824324]
106.0,[-0.00544340113879558,0.00382778102906,-0.0068670745188085846,-1.586880196067828e-5,2302.9124171988356,5.993119978005088,110.9947227477998,481.80688057736774,-87.14106158793915]
107.0,[-0.00846591824848459,0.004749612673690405,0.058880070689451315,-2.1569245383446204e-5,-2395.948649013346,5.628170688852086,110.22052281347449,452.4691246504972,-16.41051968768275]
108.0,[-0.00801191974564025,0.0025158825729491734,0.05196509480906522,1.0994712744159267e-5,41.977406774044304,0.0,59.43677332994357,0.0,-15.913116505345494]
109.0,[-0.0059445855115223155,-0.00037241501014615883,-0.0047436496043218,-1.7437474352201641e-6,50.23763296318305,0.0,56.91932039717649,0.0,-87.04000146148672]
110.0,[-0.006446034675887001,-0.0015974362052869834,-0.001788721729793265,-1.6204946044576143e-5,-1561.5208876613995,5.995724152525855,111.0191066182252,482.0195730733918,-87.12570240946457]
111.0,[-0.00818063173775904,-0.0030883398170028,0.060284166718476605,0.00011828069952156052,-1144.54853406698,5.614567858339822,110.07743119090071,451.37514258337467,-16.552292530127193]
112.0,[-0.012786986790254199,0.00710203473017435,0.05482543265313689,1.5042447754429366e-5,55.9376720878519,0.0,59.38109274544148,0.0,-17.486315762966136]
113.0,[-0.005878467039526613,-0.00037082600258964984,-0.004687562567031672,-1.7717594422116525e-6,49.56135713483251,0.0,56.918707378693185,0.0,-87.05732138614954]
114.0,[0.004947843588375246,0.002469939528380544,-0.0003444047262788388,-1.659711414245698e-5,2948.466000775738,5.99930371637937,111.05256431884209,482.29500504680414,-87.0949295873435]
115.0,[-0.00779096436335425,0.0037572429110080143,0.05831839185475126,-0.0002802881419568347,4563.219457211587,5.592678922949355,109.90033439208344,449.6166338644302,-15.976922454221278]
116.0,[-0.009160466714823108,0.0036242153436141867,0.053685602574586704,1.332671232620069e-5,38.499416799670094,0.0,59.41587190571341,0.0,-16.503655131624356]
117.0,[-0.0058672398740776035,-0.00037092963351724825,-0.0046828128539638594,-7.703301922659359e-7,56.324115418337925,-2.4393445263442956e-5,56.91863412491217,0.0,-87.05939106268158]
118.0,[-0.0018534885073108482,0.002655093452356373,0.00037169031198754966,-1.5392597841822974e-5,6193.430646866877,6.007043059605882,111.1209756393936,482.92543975703956,-87.11878533263382]
119.0,[-0.005783155289447105,0.0015472097490442866,0.048695068948463496,6.939974732141295e-5,-3213.759347154393,5.611936851029265,110.0891749286374,451.16145395001456,-15.541800195946724]
120.0,[-0.008037114669991035,0.0025861788855034294,0.05181916745438604,1.3193655292991121e-5,-29.514609365870044,0.0,59.43662585851598,0.0,-15.917255858409565]
121.0,[-0.005715898213408225,-0.0003686152094675504,-0.004576095896525346,-1.6737174177414426e-6,48.74016505754972,-3.4847778947775653e-7,56.91737146105505,1.717478165569046e-5,-87.0950385176873]
122.0,[-0.004701931594212615,-0.0018531973345998634,0.007997506228947989,-1.4636273653052782e-5,-6572.14511074318,6.038285487343721,111.40111930306888,485.43800726457715,-87.17368622590466]
123.0,[-0.008253078729901707,-0.0021824673352225502,0.05644276048158951,4.776047192048803e-5,-158.15193300140513,5.652722691509742,110.42233119700066,453.5741501022243,-16.53317525479181]
124.0,[0.015231146004336428,-0.036931195473743704,0.1279656578380344,1.3340718329696436e-5,-20215.381977303306,0.0,59.43700080221095,0.0,-15.906689615061804]
125.0,[-0.005881392987125943,-0.0003703078479516578,-0.0046895837215286135,-1.4426183600616617e-6,-62.89365203660032,0.0,56.9201541408684,-8.58739082784523e-6,-87.01644527464184]
126.0,[-0.005550403439690507,0.0011319260785149182,0.0003850299316673638,-1.5126483775403833e-5,-1345.3058442544693,5.977670215208591,110.85630394536288,480.56866469390076,-87.126519387043]
127.0,[-0.0052248156416692185,0.0029566594516677513,0.05830464800417206,-0.00019521567672368392,2410.2470522413287,5.614732688334245,110.114435916704,451.38867631131933,-15.553292347216713]
128.0,[-0.02116041331960343,-0.05234201254233338,-0.12490239608246981,-2.0357726081064324e-5,-241.9135248842507,0.0,59.440537224876415,0.03456424808207705,-15.916384415659234]
129.0,[-0.007043801798555397,-8.048668710143308e-6,-0.004644714091696511,-1.694726422985059e-6,-69.8979374016595,5.227166842166348e-7,56.91795459970662,0.0,-87.07850833801696]
130.0,[-0.007463417107212144,-0.00017513626764131577,-0.009493766903033813,-1.571473592222509e-5,-5100.762129917645,6.025493913125361,111.28747955592867,484.4096156885977,-87.12194431260376]
131.0,[-0.009762311628715908,0.005466669605386348,0.03677915049629494,5.902129873106644e-5,6549.538175909748,5.614363998832977,110.09597403615501,451.35635337224335,-15.967608909827117]
132.0,[-0.010719824670700932,0.008793982341431085,0.0389914051509223,-0.00019789082339137105,-1357.478809164779,-2.265105631605417e-6,59.38119105972654,0.000111636080761988,-17.48348357402756]
133.0,[-0.004369326817785695,-0.0009702272878188631,-0.06820153417162086,-1.7437474352201641e-6,1853.6720455088332,0.0,56.917970021555256,0.0,-87.07815431439964]
134.0,[-0.0037366071989081164,-0.0018936824836483098,-0.001975678520760358,-1.479033969150597e-5,-3138.9825627053474,6.015370981818822,111.19668534981234,483.5988972953225,-87.11617100438282]
135.0,[-0.008148009407963803,0.0064687115879779235,0.06881121542562328,0.00018087352914404175,-4506.895341793249,5.607494456169003,110.04940198100387,450.80617641668493,-16.40158739949186]
136.0,[-0.012842275284257814,0.007858851394425551,0.055054429457640365,1.5749750930964452e-5,-33.95870766645932,0.0,59.380979973173325,0.0,-17.49606502873546]
137.0,[-0.005868299040629397,-0.0003706532843769858,-0.004676446217298493,-1.7647564404637804e-6,46.61472673987659,0.0,56.918591714828416,8.58739082784523e-6,-87.06058929646328]
138.0,[-0.0038430534373633525,-0.001913372359892008,-0.019724244620202818,-1.5294555817352765e-5,-6521.42442361689,6.001785923673821,111.07383490357398,482.5023733605149,-87.11987463607173]
139.0,[-0.00857188786199152,0.002565970854621739,0.05526806548796709,-0.0036247256926916307,11732.805956886159,5.607559969993424,110.01432498628014,450.81261695980584,-16.5496782018762]
140.0,[-0.009138780279675138,0.003644008850785483,0.0531429225921579,2.051179211951751e-5,38.499416799670094,0.0,59.416050220838265,0.0,-16.498589870638057]
141.0,[-0.005965133342627107,-0.00037241501014615883,-0.004749915183262319,-1.7717594422116525e-6,47.87066756395616,0.0,56.919414855999385,0.0,-87.03733266806383]
142.0,[-0.010817824055905615,-0.002681001184255976,0.007024522454120331,-0.00046174992324769776,-10323.060687273146,5.989992041366736,110.9673219782349,481.55710772774904,-87.1178049595397]
143.0,[-0.00892514638617841,0.00044284949727054596,0.0389205636858045,9.25936891103655e-5,1804.8835750349726,5.612069272589267,110.07509478083227,451.1742663371297,-15.977684966627816]
144.0,[-0.009139773248317445,0.003571259939611398,0.053556248686782444,1.919522779091755e-5,39.07908179539913,0.0,59.41618612587938,0.0,-16.49477730860536]
145.0,[-0.005946280178005185,-0.0003722422919334948,-0.004741022103475776,-1.7577534387159082e-6,52.60459836240995,0.0,56.919295336672455,0.0,-87.04070950872136]
146.0,[-0.0120215933211826,-0.0018966532369061309,0.006952569354029212,-1.672316817391868e-5,-6501.812424594724,5.992630366710872,110.99122584362148,481.7697315246465,-87.11747816850831]
147.0,[-0.004937993339443567,0.0112463046121199,0.05067761939451346,3.121938179201402e-5,-3022.469898563811,5.612015258531898,110.05454516752414,451.17218818854934,-16.55120322668928]
148.0,[-0.020170410343642146,0.002218220005244002,0.1444808144057183,-0.0006527637989226584,11245.88736047377,0.0,59.38101467233275,-1.978483322390574,-17.44720976954504]
149.0,[-0.005613066380810984,-0.0003664044163454509,-0.004492319042627119,-1.7017294247329312e-6,-72.84456779661544,0.0,56.91638735433894,0.0,-87.12287022052598]
150.0,[-0.013837375499249604,-0.0018534045964550604,-0.08425768655304933,-1.5602687894259137e-5,6224.44272413838,6.049937190712699,111.50605727211595,486.37532097343643,-87.17891488240664]
151.0,[-0.005916848587447226,0.008231819102852235,0.05126294573682773,-1.785765445707397e-5,-2435.36586872292,5.65859558769581,110.54565972054677,454.9154146756254,-14.547320622303584]
152.0,[-0.006751087882385395,0.0024835842671810018,0.045902136606864825,1.2283265065767742e-5,40.14180095423569,0.0,59.51409944287252,0.0,-13.728382297680206]
153.0,[-0.006093252776648416,-0.0003844361977475746,-0.004905443021801971,-1.7157354282286755e-6,68.40046949602616,0.0,56.92053390389108,0.0,-87.00571563577839]
154.0,[-0.006080992923811407,-0.0018481539627900742,-0.018753484115321795,0.0013131328577435058,-3705.894928528344,5.982930835918548,110.90202394337688,480.98944684446514,-87.16862096491836]
155.0,[-0.03043411817839515,0.017701820528650294,0.0961487448049055,4.62338175394519e-5,5811.044971350957,5.649316321117596,110.26896091231066,454.16822579969465,-19.994491393933895]
156.0,[-0.009101775648271856,0.0035616913506298117,0.05349167280060516,1.3067601261529421e-5,36.373978481996964,0.0,59.416320103189406,0.0,-16.49101921174456]
157.0,[-0.00596435220729516,-0.00037262227200135565,-0.004755372300404061,-1.7787624439595247e-6,44.73081550375722,0.0,56.9194611215453,0.0,-87.03599827135238]
158.0,[-0.0034226967121203495,-0.001874061694689677,-0.010245838491345761,-1.5028441750933623e-5,8737.870145619478,5.989030591145567,110.95809200182596,481.4801131815866,-87.13920977209469]
159.0,[-0.009098929138163911,0.0012835035819488616,0.04268213432006241,-0.00045191770879368523,1829.7125590186997,5.6259501883775345,110.17992479693889,452.29036952302476,-16.554035415627855]
160.0,[-0.025581559860935618,0.018894923398090804,0.054608764891064754,-5.512062675750165e-5,28.162057709168963,0.0,59.29691740398683,0.0,-19.864537493790813]
161.0,[-0.00558366126941682,-0.00036384818679802345,-0.004462102782897843,-1.988852496395689e-6,64.53603619116592,4.878689052688591e-6,56.917390738365846,-0.0007986273469896064,-87.0949295873435]
162.0,[-0.009089952701637464,-0.0019039074018380197,-0.007716969984772503,-1.5854795957182537e-5,-15035.64049171758,6.013179056523007,111.17693960036439,483.42275273466174,-87.12069161365017]
163.0,[-0.009140951571106315,0.007220519424061868,0.027631203127687826,-0.00020515993920566236,10709.310796093927,5.611176124014835,110.06732602458163,451.1033516636734,-15.971475937031709]
164.0,[-0.007439307828576947,0.002270899060106528,0.050011143699146984,9.096899270485916e-6,-28.886638953830257,0.0,59.46501169866254,-8.58739082784523e-6,-15.115283434831689]
165.0,[-0.005946240459259493,-0.0003726913592864213,-0.004746681336067212,-1.7227384299765477e-6,45.89014549521529,0.0,56.91935413247038,0.0,-87.03910278615044]
166.0,[-0.005066231929701953,0.0004304828732438022,-0.01196179865924913,-1.5196513792882554e-5,7284.553390494165,6.000036216692853,111.0558549557949,482.36258781261927,-87.17733539242167]
167.0,[-0.013108642432451955,0.0053342983672006435,0.04408825150358464,7.533829280360854e-5,-10963.300675055865,5.655928687172937,110.4156207651127,454.70002573888144,-17.539310375220627]
168.0,[-0.009102649460677086,0.0035376144317844473,0.05336575487544571,1.2759469184623047e-5,38.35450055073783,0.0,59.41670950486748,0.0,-16.479990014435685]
169.0,[-0.00598603864244313,-0.0003730022520692165,-0.004770025670506887,-1.7717594422116525e-6,65.98519868048851,0.0,56.91962883414922,0.0,-87.03131426656935]
170.0,[-0.01682946804973835,0.003048476453519944,-0.04104237167669374,-0.00048490184702616306,-11911.729218901188,5.985463920970262,111.02312979298824,481.19255581232534,-87.1013020124553]
171.0,[-0.004266508224770351,0.012770577382522404,0.09301656168099519,8.087066418442753e-5,-6117.397921593752,5.597583747836255,109.94451798842702,450.0119458137992,-15.980952876941558]
172.0,[-0.012840342305300791,0.007257446577929435,0.054233032270083324,-6.55410933583354e-5,23.234905245472163,0.0,59.38055201687366,0.0005324182313264043,-17.498161937853446]
173.0,[-0.004736129434253644,-9.033162522328219e-5,-0.004453816049460383,-1.7437474352201641e-6,-46.0833671604583,0.0,56.91797194928633,0.0,-87.07809984922774]
174.0,[-0.011595887804853041,0.01636449795163532,0.026721481488614435,-1.5098471768412344e-5,-6562.387416648408,6.0152615597929255,111.19434508428175,483.5884035037309,-87.15200908749017]
175.0,[-0.010338021607943207,-0.009471106822359108,0.02794630111376101,-0.00017873061060919287,-11245.21108464542,5.634607770579319,110.25823116112181,452.98624015136835,-16.538512841637587]
176.0,[-0.007699836321154327,0.00229297244768499,0.051221208896465885,1.331970932445282e-5,34.248540164323835,0.0,59.45213638278214,0.00016316042572905938,-15.47902908533696]
177.0,[-0.005959996384850909,-0.0003727949902140197,-0.004755978646753143,-1.736744433472292e-6,44.39267758958195,0.0,56.919457266083135,0.0,-87.03610720169618]
178.0,[-0.0016476394879698022,-0.0018522991998940106,0.034226634482107464,-1.4188081541188966e-5,-1434.8640860946052,5.995451294416694,111.0154073022835,481.9962497199034,-87.15854490811766]
179.0,[-0.005656081782395693,-0.005575827515790008,0.06353539584225677,5.93574428149643e-5,-18095.01572834281,5.642639486671203,110.35089333865423,453.6313249503561,-15.977194780080756]
180.0,[-0.007435216797770645,0.0022714172147445203,0.04991089443609868,1.71713602857825e-5,-27.389171048196914,-1.7423889473887826e-7,59.46526905076166,0.0,-15.107985101797668]
181.0,[-0.0059482528757079005,-0.00037251864107375724,-0.004746479220617518,-1.7227384299765477e-6,46.37319965832282,0.0,56.91935413247038,0.0,-87.03904832097854]
182.0,[-0.005452112783684081,0.002239602519971808,0.0014406789254199314,-1.658310813896124e-5,3511.6105441264954,6.000038656037379,111.05714075242496,482.3648548837978,-87.1467259658163]
183.0,[-0.005967503227786745,0.0031709682099412668,0.03059623677470107,-0.0002310430336657978,13209.792366003741,5.6314258198835985,110.26478930225448,452.72786273614014,-15.542344847665682]
184.0,[-0.007439307828576947,0.0022605359673466873,0.04996081695217314,1.3053595258033677e-5,-26.80950605246788,0.0,59.4652092910982,0.0,-15.109700754712382]
185.0,[-0.006009234389927405,-0.000373796755847471,-0.004794077409020491,-1.7507504369680363e-6,75.45306027739609,3.4847778947775653e-7,56.91996233162598,-1.717478165569046e-5,-87.02191902441736]
186.0,[-0.014548791192925431,0.0017422431547844974,0.003296098753612267,-0.0005303513283698533,-11593.106692915462,5.986744228368803,110.93789516330537,481.2988505359924,-87.12956943666916]
187.0,[-0.006362704747424655,0.005759254257639197,0.061725249874795926,5.832099855627922e-5,3416.738706492177,5.618061696657126,110.12937004937736,451.6578394894273,-15.978883200409522]
188.0,[-0.008123913368910505,0.00253197991036946,0.05245987342991651,1.0196370544901842e-5,-34.248540164323835,0.0,59.43665959380987,0.0,-15.916357183073286]
189.0,[-0.005945671157237904,-0.0003724495537886916,-0.004744053835221188,-1.7507504369680363e-6,50.43085462842607,0.0,56.91932039717649,0.0,-87.04000146148672]
190.0,[-0.005822609243501409,-0.0018976895461821149,-0.019565381876743212,-1.5728741925720837e-5,-15110.996941162355,5.995686168446802,111.01893119469695,482.0171857787417,-87.12597473532404]
191.0,[-0.006673914359505349,-0.007890389740058,-0.006562688651569188,6.424553803497906e-5,11721.212656971578,5.6145737824622435,110.14788590639657,451.37412927125695,-14.557560074619971]
192.0,[-0.006991743762534751,0.0023996086721837554,0.04733867216556603,1.2059169009835833e-5,34.007013082770065,0.0,59.49680191189561,0.0,-14.217098285100102]
193.0,[-0.006318259470995025,-0.0003730022520692165,-0.005105133086099794,-1.7997714492031411e-6,79.26918816594556,0.0,56.92306212320192,-8.58739082784523e-6,-86.93423009766532]
194.0,[-0.004245695602027611,-0.002022392095725537,-0.022362255469610917,-1.7521510373176105e-5,9291.450216540707,5.924697757952289,110.38350090986503,476.30639913040807,-86.97363564953184]
195.0,[-0.007616996257222186,-0.0055036313028964485,0.043918676641291246,4.273231666551583e-5,12633.508749416458,5.498574586767624,109.07876817740218,442.0488926487016,-15.191752536173217]
196.0,[-0.022338974420947733,-0.0063084290866257135,0.14382171592426565,1.2514364123447523e-5,-136.4144956615663,0.004538574730158301,59.37220012197145,-0.22538465966762591,-17.757742947108234]
197.0,[-0.005845963865968453,-0.0003696860623860673,-0.004652899767409124,-1.7577534387159082e-6,80.38021274109289,0.0,56.91843556861097,0.0,-87.06500097538684]
198.0,[-0.007060457192582348,-0.0002514086303537468,-0.007383479492777148,-1.5658711908242116e-5,-13465.907683283353,6.004593609223643,111.09918263953915,482.73048881046583,-87.11535402680438]
199.0,[-0.00662074419860532,-0.007885139106393015,0.06254179629156031,0.00010052108708895677,13686.663435823495,5.607094403666682,110.03041575760125,450.77445459496687,-15.975016173204928]
200.0,[-0.009146829945468768,0.0035756124385705316,0.05349258232012879,1.4734315677522993e-5,38.6926384649131,0.0,59.416106125039576,0.0,-16.49706484582498]
201.0,[-0.005822926993466948,-0.0003758002871143736,-0.004663005539893832,-1.7297414317244198e-6,-74.97000611428855,0.0,56.91801146777347,0.0,-87.07695608061793]
202.0,[-0.00505055626473541,-0.0019083980753672842,-0.019685640569311234,-1.5532657876780416e-5,-6569.150174931913,6.020671677474568,111.24394753268999,484.0228224309299,-87.1214541260567]
203.0,[-0.007238344214956048,-0.0028632534422590493,0.04981276738527217,6.773303290541938e-5,9729.483731646613,5.611840671159369,110.08883757569848,451.1546183869156,-15.53542777083493]
204.0,[-0.009103946939703032,0.003631124072120747,0.053483183951718014,7.77333194013808e-6,38.88586013015612,0.0,59.41622949982867,0.0,-16.493551842237707]
205.0,[-0.0052623101376027045,0.00010072926162565616,-0.002302398145190958,-1.7227384299765477e-6,608.0202751034473,0.0,56.917931466933666,0.0,-87.07924361783755]
206.0,[-0.006025916263118151,0.002680103049550123,0.0032777062476900994,-1.6274976062054864e-5,-149.16712556760507,6.022417551199851,111.2594252855278,484.164033485703,-87.14231428689274]
207.0,[-0.0062866036306782995,-0.0015870040252420768,0.05112065646024304,6.995998746124272e-5,5010.817444747024,5.625548045008477,110.19722618337796,452.2577030883156,-15.968099096374178]
208.0,[-0.00937842995160029,0.002214938359203386,0.06030033595445214,7.99742799606999e-6,-26.229841056738845,5.227166842166348e-7,59.43674441397737,0.0,-15.913824552580136]
209.0,[-0.005945591719746519,-0.0003722422919334948,-0.0047471866246914475,-1.7507504369680363e-6,50.382549212115315,0.0,56.91931846944541,0.0,-87.04005592665861]
210.0,[-0.008671873184480816,-0.0018718509015675777,-0.01924563523532706,-1.5252537806865532e-5,-20750.75090627538,5.995756909438066,111.01895432746991,482.0222008149851,-87.14013568001691]
211.0,[-0.008689931974188892,-0.0056982501849262655,0.08650137016010413,6.935772931092572e-5,247.42034234367654,5.628152219529244,110.19979392117594,452.4662736367423,-16.54880675912587]
212.0,[-0.009178538744113082,0.0036185847298813396,0.053389604498509616,2.5616980393716307e-5,37.7748355550088,0.0,59.41637986285287,0.0,-16.489276326243896]
213.0,[-0.0058847558409278865,-0.0003711023517299123,-0.00469766833951638,-1.7437474352201641e-6,55.1164800105691,0.0,56.9187488249114,0.0,-87.05617761753973]
214.0,[0.0010529704274654017,0.0162984505071126,0.015161286227907592,-1.651307812148252e-5,7592.452114058904,6.004623926791328,111.09923083281613,482.7316223460551,-87.11927551918087]
215.0,[-0.004470503702645758,0.01596862780820939,0.0940431060499918,3.5211092788301143e-5,-6113.533488288892,5.61201351614295,110.07472851192716,451.1696291460827,-15.97512510354872]
216.0,[-0.009151834507425991,0.0035996548137733632,0.05346095125225166,2.5140776274860998e-5,38.934165546466865,0.0,59.41618516201384,0.0,-16.494804541191307]
217.0,[-0.0064856739840878684,-0.0004758732195319065,-0.004586302726734901,-1.7227384299765477e-6,-68.69030199389067,-1.7423889473887826e-7,56.918012431639006,0.0,-87.07698331320388]
218.0,[-0.00543053226519129,-0.0018596915393960308,0.015928718590396296,-1.5728741925720837e-5,10464.015892067922,6.020660526185305,111.24285450916787,484.0225819839867,-87.15489574160064]
219.0,[-0.011279964901616866,0.0024041684329980857,0.05995411218912605,4.3880808952166857e-5,-2157.706335768712,5.63849713118768,110.29380358273298,453.3001436356894,-16.54101823954479]
220.0,[-0.007402038405535717,0.0025805137281280496,0.048071340670707334,1.3718880424081531e-5,42.412155520841075,0.0,59.43684080053135,0.0,-15.911237456915092]
221.0,[-0.0058000622355301075,-0.0003700660424539282,-0.004650272266563101,-1.7017294247329312e-6,-80.52512899002515,0.0,56.918142553486874,0.0,-87.07327968151498]
222.0,[-0.004102840513354477,0.002498748926252903,0.006878190868541763,-1.6148922030593167e-5,-4853.341787573969,6.021499312224577,111.25073700155221,484.0874339595186,-87.14073479690776]
223.0,[-0.009457033349325258,0.014241238419713998,0.03637653652050418,6.986194543677252e-5,5805.538153891531,5.628012479935664,110.23439091086085,452.45576267036904,-15.537116191163697]
224.0,[-0.012693608019131714,0.0073397640780851064,0.05391672159131197,-2.766185690409497e-6,-39.610441374817405,1.7423889473887826e-7,59.38168648661399,-0.0019493377179208673,-17.46954049002227]
225.0,[-0.005643835169140582,-0.0003667153091282462,-0.004518594051087359,-1.7017294247329312e-6,72.16829196826488,0.0,56.91676229803391,-7.728651745060707e-5,-87.11224951200633]
226.0,[-0.004864275347438747,0.004371843398951661,0.003927305303007111,-1.5910819971165513e-5,3310.7566231063847,6.04202291163587,111.43611533308727,485.7408158399486,-87.15190015714639]
227.0,[-0.00852118026332441,0.007053190019632965,0.06594218661721477,7.019808952067038e-5,-165.9774104437471,5.634484060964055,110.25792079641799,452.9778416831387,-16.5320859513539]
228.0,[-0.012710832715180254,0.007225977319582051,0.054887381038468144,1.2843505205597514e-5,47.14608631929487,-3.6590167895164435e-6,59.38170287232816,0.0,-17.46962218778011]
229.0,[-0.006573929037016053,-0.0003838489558245169,-0.00518517080417868,-1.932828482412712e-6,55.9376720878519,0.0,56.92457442823384,0.0,-86.89161110065695]
230.0,[-0.04835651371376531,-0.05717256097047814,-0.1456876457558421,-8.109476024035944e-6,-1393.9010930630868,5.871453836497982,110.60583577392639,472.0277144756525,-105.17595056223853]
231.0,[-0.0064567719768058056,0.0025917749555937437,0.04430380763068346,1.0301415571119925e-5,39.610441374817405,0.0,59.53357145450719,0.0,-13.178202363776037]
232.0,[-0.08587852149843425,0.039186722612923136,0.02640234119354737,4.054738012017972e-6,-60.236854139508914,0.0,58.012416209204005,0.0,-56.15626101786445]
233.0,[-0.005873806706698723,-0.0003570430892190611,-0.004525769149551501,-2.8362157078882186e-6,59.27074581329386,0.0,56.917072662737716,0.0,-87.10350785191707]
234.0,[-0.007265194087044011,0.01169709914717299,0.024559250407786375,-2.099499924012069e-5,-6301.8280010682065,5.792706219542956,109.20645144545702,465.69478853662315,-86.5697219347535]
235.0,[-0.006126166377245395,0.008469133927052598,0.07541877370702457,0.0001016415673686163,-3515.474977431356,5.190116335111283,106.26562442980315,417.2549313062238,-16.04652894390395]
236.0,[-0.009600378302528596,0.00410634096244453,0.05424374438891711,2.168129341141216e-5,35.21464849053889,0.0,59.4086564082826,0.0,-16.70754550261582]
237.0,[-0.0055336950873359665,-0.00036533356342693404,-0.004437848928934544,-1.6597114142456983e-6,70.57421323001005,-1.7423889473887826e-7,56.91583313165356,-8.58739082784523e-6,-87.13855619003195]
238.0,[-0.003932314698515741,-0.0018180319065014693,-0.004640166494078393,-1.557467588726765e-5,-13017.923252417431,6.06697183049574,111.65872393496193,487.7456109278357,-87.20930644832443]
239.0,[-0.01486715017923073,0.00784886828173357,0.05103778912586844,5.098185272450921e-6,-12605.878051286709,5.682864974866199,110.66061225255216,456.8650271900528,-17.48462734263737]
240.0,[-0.06375576268945324,0.04294887072117081,0.05214608919426633,9.103902272233788e-7,-30.09427436159908,-3.833255684255322e-6,59.06206289042925,8.58739082784523e-6,-26.500002153255025]
241.0,[-0.005763812260294978,-0.000368684296752616,-0.004565686950866097,-1.9748464928999448e-6,45.93845091152604,-1.7423889473887826e-7,56.91727796609769,-8.58739082784523e-6,-87.09770731111018]
242.0,[-0.0052194668505826615,0.0006273816356807844,-0.002544633511649402,-1.8768044684297346e-5,1450.4184301466678,5.9739711234732855,110.82519614893198,480.27133487387744,-87.05544233771914]
243.0,[-0.007354799577325732,0.0010576572470693897,0.06317785361174781,0.0016806223774648444,9547.758755485562,5.602849944190843,109.64519532824116,447.2091073214988,-15.553237882044817]
244.0,[-0.008081202477709435,0.0025748485707526698,0.05203239925381337,2.2220524545998316e-5,44.73081550375722,0.0,59.43606103330967,0.0,-15.933241386360946]
245.0,[-0.005857919208421821,-0.00037079145894711705,-0.004679376891319059,-1.7157354282286755e-6,47.87066756395616,0.0,56.91857532911424,0.0,-87.0610522504244]
246.0,[-0.007843684378469768,-0.001884839311159912,-0.01770470704685883,-1.547663386279744e-5,8624.062584791343,6.011885506968465,111.16416452650013,483.31697325444435,-87.13806600348488]
247.0,[-0.0163667976207512,0.023356407549415092,0.046253716431607805,0.000147175084733281,17723.547076913117,5.627947314589031,110.16346004578836,452.44997476895105,-17.530051295998362]
248.0,[-0.012653783356784283,0.007261868164173634,0.054400080689255545,1.361383539786345e-5,44.82742633637873,4.181733473733078e-6,59.38131539838117,0.0,-17.480651385088986]
249.0,[-0.005844864980670968,-0.0003693751696032721,-0.004639256974554769,-1.7577534387159082e-6,-46.42150507463357,3.310539000038687e-6,56.918264964410426,-8.58739082784523e-6,-87.06984837568555]
250.0,[-0.002294181230348284,-0.0018609351105272117,-0.005852050730444542,-1.570072991872935e-5,4372.702895281977,6.0090032471716945,111.13708183256335,483.0836023213068,-87.16611556701116]
251.0,[-0.01535857698009907,0.0080818306069748,0.056801111173897245,7.173874990520225e-5,13242.833270760297,5.619898523085463,110.33686523958825,453.99642645879277,-17.53173971632713]
252.0,[-0.009109044178733539,0.0036035927890221025,0.053468025292990946,1.3851937457291102e-5,38.064668052873316,0.0,59.41657070822975,0.0,-16.483911506812174]
253.0,[-0.0058324197736873955,-0.00037262227200135565,-0.004611061869322435,-1.736744433472292e-6,67.96572074922938,0.0,56.9183054467631,0.0,-87.06865014190384]
254.0,[-0.002021869509882203,0.01000300983007922,0.07233530040649055,-1.5686723915233604e-5,18929.636711359995,6.014313003249967,111.18461004232996,483.5098975767827,-87.18757484473805]
255.0,[-0.0125378310985267,0.00574930568858975,0.06015198321437663,7.518422676515535e-5,-1365.4008974397425,5.66241873752417,110.4747905428688,455.22363330721845,-17.52858073635718]
256.0,[-0.00792574330706996,0.002617751774778412,0.05141968626806554,1.3473775362906006e-5,43.329958430745386,0.0,59.43701911565621,0.0,-15.906144963342847]
257.0,[-0.0058248334932601755,-0.000370446022521789,-0.004653910344657596,-1.7017294247329312e-6,79.17257733332407,0.0,56.91832954340159,0.0,-87.06796932725514]
258.0,[-0.003989430254821199,0.0016629309515291796,0.002361314798776804,-6.007174899324726e-5,17535.73561829691,6.01742769773232,111.2134970925572,483.76121615675044,-87.15838151260196]
259.0,[-0.008607475858131777,0.00629101909078918,0.011821126306261998,-0.002237543094466125,-6173.7220370120895,5.640841689755287,110.31501055233925,453.4890318843387,-16.544994197093175]
260.0,[-0.00812449591051399,0.002537057825821782,0.0524358216914029,1.3172646287747505e-5,-37.53330847345503,0.0,59.436866824900925,0.0,-15.910474944508554]
261.0,[-0.006129383595646468,-0.00037524758883384875,-0.004876944743395095,-1.7717594422116525e-6,67.28944492087884,0.0,56.92091173918267,0.0,-86.99501322950088]
262.0,[-0.005854728469184544,0.007127320676508363,0.0065531892254335625,-1.7731600425612272e-5,18661.73487250056,5.961026567505344,110.70646140854848,479.22803558742083,-87.09689033353175]
263.0,[-0.004140361488451758,-0.003493951267622983,0.034549817086168416,7.923196177542544e-5,-6085.323125163412,5.600352055395867,109.91337163737452,450.23530384923146,-17.569865336654104]
264.0,[-0.025917011147470484,0.01876970269390939,0.054190385910197855,1.3396742343679414e-5,32.219712679272206,0.0,59.294368943499656,0.0,-19.936540451036894]
265.0,[-0.005675027624090897,-0.0003669916582685086,-0.004512126356697146,-1.792768447455269e-6,-66.6131690925283,0.0,56.916996517360076,0.0,-87.10565922620695]
266.0,[-0.0037667404873066384,-0.0018371690844646426,-0.019312535449175824,-2.005659700590582e-5,21337.854936116273,6.021333785274575,111.2470878066186,484.0709976934741,-87.19247671020867]
267.0,[-0.014880363281964354,0.013566117470052878,0.053781102124567194,8.113677825084666e-5,-5655.598141662954,5.6614555449140544,110.46627189922822,455.14574567240993,-17.522317241589178]
268.0,[-0.009117941177768603,0.0036203464556505125,0.05337232362756077,1.890110171750692e-5,38.20958430180557,0.0,59.4167972166316,0.0,-16.477511849114432]
269.0,[-0.00568388490438027,-0.00036913336410554243,-0.004550629349863882,-1.694726422985059e-6,54.00545543542179,-1.0454333684332695e-6,56.91712760307349,-2.5762172483535692e-5,-87.10201005968995]
270.0,[-0.023014550566427254,-0.10191977372190672,0.0982786374137825,-1.795569648154418e-5,29896.415376390236,6.040045648658373,111.41671271977147,485.582172381795,-87.18501498165895]
271.0,[-0.012217088987479866,-0.013630644994304155,-0.006607760396850984,-4.201801048723287e-7,-8324.27917116681,5.662286664441958,110.47413318657067,455.2110613670465,-17.50477945623877]
272.0,[-0.009061884788014937,0.0035608277595664917,0.05336636122179479,1.8831071700028198e-5,38.64433304860235,0.0,59.41681167461469,0.0,-16.477076127739267]
273.0,[-0.005984211580141286,-0.0003729331647841509,-0.004770126728231734,-1.7647564404637804e-6,61.44448954727773,0.0,56.9196211232249,-8.58739082784523e-6,-87.03153212725694]
274.0,[-0.013382225152780189,-0.0018743380438299396,-0.01925291139151605,-1.701729424732931e-5,-17369.951429518405,5.985599827308158,110.92727722051914,481.2059864915801,-87.13452576731166]
275.0,[-0.006464676007198564,0.03313336378275965,0.07357588503671326,0.00014218894748879601,-30014.956868016823,5.62591917385427,110.14456057028431,452.2891844630905,-17.554724018867105]
276.0,[-0.01269736806039058,0.007371751491070483,0.05519186796343239,1.1807060946912436e-5,35.35956473947115,1.393911157911026e-5,59.381250819390004,-0.0006869912662276184,-17.479671011994864]
277.0,[-0.005902655755653195,-0.0003712059826575107,-0.004706763534752616,-1.7857654457073968e-6,60.8648245515487,0.0,56.91890786272546,0.0,-87.05165700827239]
278.0,[-0.0038416235625184313,-0.002995970116870082,-0.015390080916961374,-1.5196513792882554e-5,-2284.266526502885,5.994877003019635,111.01272197288968,481.9502556546295,-87.09215186357683]
279.0,[-0.01164638357020979,0.0064007296994733655,0.06526772736158537,8.185108442912962e-5,-14021.130138359147,5.592716558550619,109.90124620888407,449.62352095187407,-15.976105476642843]
280.0,[-0.012982469216969567,0.007290608474760926,0.05625600580607211,3.2676006155571424e-5,40.43163345210021,2.7878223158220522e-6,59.38052213704193,0.0004293695413922615,-17.504207571933865]
281.0,[-0.005866207186689605,-0.000370618740734453,-0.004679882179943294,-1.7787624439595247e-6,45.21386966686475,0.0,56.918592678693955,0.0,-87.06058929646328]
282.0,[-0.0074800460220753005,-0.0018328856727905748,-0.01857804790498727,-1.5518651873284674e-5,39256.26606242697,6.001666047314241,111.07049607334417,482.4966713330052,-87.1806577679073]
283.0,[-0.08039050296864438,0.04566980435619471,0.05500228367161927,2.8852367201233235e-6,-25342.76039160818,5.658885521216656,110.1067095705371,454.9353545971277,-27.02300396638325]
284.0,[-0.0080752314262737,0.00258113551369364,0.052211776715416935,1.035043658335503e-5,-35.021426825295876,0.0,59.43610151566234,0.0,-15.932097617751136]
285.0,[-0.006257529508831571,-0.00037811471116407146,-0.004969210446180476,-1.8277834561946298e-6,51.44526837095188,0.0,56.92195367783117,0.0,-86.96562926926318]
286.0,[0.001914575938185532,0.016118892653227086,0.03327184109775228,-1.5252537806865532e-5,43872.041812584655,5.938198135994446,110.49954068219931,477.3900935033188,-87.1227612901822]
287.0,[-0.0022176829261450065,-0.03140438538670775,0.1174571703198111,5.294269321391341e-5,31916.16144317544,5.615274571296883,110.1188022275992,451.4331418210259,-15.565819336752718]
288.0,[-0.007436884985089719,0.002265095728161017,0.049947376274768474,1.054652063229545e-5,29.07986061907327,1.7423889473887826e-7,59.46507627765371,-8.58739082784523e-6,-15.113458851573183]
289.0,[-0.005933503981474178,-0.00037248409743122446,-0.004739708353052764,-1.7227384299765477e-6,49.65796796745402,0.0,56.9192673845718,0.0,-87.04149925371385]
290.0,[-0.010963724248415154,-0.0018933370472229817,-0.01916337424730154,-1.4552237632078317e-5,-15014.096276042985,6.00192670870077,111.07424551029392,482.5162334093111,-87.14776080408231]
291.0,[-0.011517430042528946,0.033982446516215965,0.08750952202317858,4.486122919686896e-5,-30007.80766640283,5.631361003014756,110.22890458820842,452.72526934411013,-16.546083500531086]
292.0,[-0.024505420165149734,0.00027590007290950475,0.049532231141096686,1.3172646287747505e-5,0.0,0.0,59.43675887196047,0.0,-15.913524994134711]
293.0,[-0.005961148228475985,-0.0003726913592864213,-0.004754058549981049,-1.7577534387159082e-6,45.74522924628303,0.0,56.91943991650342,0.0,-87.03659738824324]
294.0,[-0.010113743090600957,-0.029466210691477184,-0.004297580806846802,-1.535057983133574e-5,52801.10479596209,5.99311196301593,110.99417719990429,481.8078251903588,-87.15751006985164]
295.0,[-0.008016831630524192,-0.022304208197865886,0.044037116294812016,5.9483496846426e-5,43514.87156438295,5.64097271740413,110.33594185640113,453.4978597221097,-15.979318921784687]
296.0,[-0.007441359963771046,0.0022667538230025917,0.04998658667200914,1.4440189604112363e-5,-26.857811468778632,0.0,59.46525652050965,0.0,-15.108366358000938]
297.0,[-0.005943724938698984,-0.0003726913592864213,-0.00474607498971813,-1.7227384299765477e-6,45.93845091152604,0.0,56.91935413247038,0.0,-87.03904832097854]
298.0,[-0.010224373036935776,-0.001876894273377367,-0.010308494280750948,-1.5924825974661258e-5,-10782.73502888627,6.000030989526011,111.05703665494667,482.3642881160032,-87.14569112755028]
299.0,[-0.007505201227680393,0.018580058096404298,0.03108151596941673,-0.0005164573729020749,15936.4398950805,5.63139794166044,110.24960456454076,452.72746771616204,-15.975451894580093]
300.0,[-0.008086339435485633,0.0025462464347355083,0.052190352477749356,1.3333715327948564e-5,-29.997663528977576,0.0,59.43681092069962,0.0,-15.912108899665423]
301.0,[-0.005947643854940619,-0.00037186231186563394,-0.0047419316229994,-1.7507504369680363e-6,51.15543587308736,0.0,56.919319433310946,0.0,-87.04002869407266]
302.0,[0.0015319520213501689,-0.001928157038896048,-0.019868555051284445,-1.9006146743725e-5,-6596.491040563799,5.995785484616803,111.02016494258787,482.0225958349632,-87.10386187553439]
303.0,[-0.009088549305956336,0.009355385619874214,0.08169587322817592,7.066028763602993e-5,17644.22958333086,5.60014958980018,109.98222826380542,450.2136979739086,-15.547573504167666]
304.0,[-0.00914851137236974,0.003557338851670678,0.05340314623363913,3.226282905244697e-5,40.383328035789454,0.0,59.41603961831733,0.0,-16.498916661669433]
305.0,[-0.0059836290385377995,-0.00036916790774807527,-0.004739809410777611,-1.8067744509510133e-6,43.668096344920656,0.0,56.91792182827827,-9.446129910629754e-5,-87.07924361783755]
306.0,[-0.008441477980301959,-0.0018967223241911964,-0.01964784498021843,-1.5308561820848507e-5,-15057.184707392176,6.022362491709114,111.25970287880325,484.16195533712266,-87.12080054399395]
307.0,[-0.0008896734243426553,0.021436955508437314,0.0028773155418459796,7.063227562903846e-5,-19349.893833263548,5.6117525062786315,110.08875468326205,451.1515441009992,-15.539621589070897]
308.0,[-0.007655947107164388,0.0022937669514632446,0.05092399812769063,1.1190796793099687e-5,-26.32645188936035,-3.4847778947775653e-7,59.45199565841333,-8.58739082784523e-6,-15.482759949611813]
309.0,[-0.005856330458594131,-0.0003709987208023139,-0.004682711796239012,-1.736744433472292e-6,51.0105196241551,0.0,56.91859075096288,0.0,-87.06061652904923]
310.0,[-0.002360432098162961,0.0038281955527703936,-0.002265512075621775,0.0012154269773571938,7604.914911467078,6.014355169062494,111.18576282551554,483.51522175909594,-87.16224853980657]
311.0,[-0.008527349908488607,0.009013403558799456,0.1251151225932729,9.931657078832276e-5,-30046.451999451434,5.6424161124081476,110.32949359594001,453.61622831728073,-16.54542991846834]
312.0,[-0.007119439529935342,0.0023571890791534724,0.0481384430000058,1.4223096549928326e-5,26.857811468778632,-8.711944736943912e-7,59.487256751455156,-4.293695413922615e-5,-14.486673653397748]
313.0,[-0.006575345672279076,-0.00038440165410504176,-0.005199521001106965,-1.8627984649339905e-6,57.773277907660514,0.0,56.92472093579588,0.0,-86.88744451500693]
314.0,[0.0019975086791909546,0.12210645663251173,-0.2711415138428024,0.0024987550596617556,163611.12132034855,5.796566656494791,109.95442845390706,469.77493271543887,-87.09580103009384]
315.0,[-0.010544506127215329,0.0033458972157273856,0.07566798205649747,6.872745915361723e-5,-7927.78831408815,5.592434988496722,109.92525417174895,449.59420359958784,-15.200194637817047]
316.0,[-0.007655669075944542,0.0023050627225714715,0.05092440235859002,1.3193655292991121e-5,36.56720014723997,0.0,59.451846259254665,-1.717478165569046e-5,-15.487280558879153]
317.0,[-0.005922515128499321,-0.000372207748290962,-0.00473152267734015,-1.7227384299765477e-6,54.68173126377233,0.0,56.919176781211064,0.0,-87.04405911679295]
318.0,[-0.0061512421453591044,-0.002517678842360879,0.014395470789016441,-1.41040455202145e-5,18832.1563812449,6.00149285385287,111.0724932027426,482.4867271344266,-87.10974411409913]
319.0,[-0.005676364821862536,0.00657400061041791,0.054912746527404764,-6.368529789514929e-5,-4511.919105089567,5.602019521618518,110.02437810386006,450.3660211124129,-14.853142562497803]
320.0,[-0.007698578560874072,0.00230036478718701,0.05120766716133637,1.387994946428259e-5,36.2290622330647,-5.227166842166348e-7,59.4519609592539,-3.434956331138092e-5,-15.483958183393517]
321.0,[-0.006232771490683401,-0.0004956667267032031,-0.004969210446180476,-1.694726422985059e-6,-180.61395158590523,0.0,56.917709777859514,0.0,-87.07371540289014]
322.0,[-0.009070252203774106,-0.0018708145922915935,-0.01931314179552491,-1.5028441750933623e-5,-18162.160257014755,6.030636051386895,111.33314557747242,484.82208524484076,-87.14688936133199]
323.0,[-0.0055830257694857435,0.03059406062017323,0.074117958672793,7.00160114752257e-5,-30106.640548174633,5.629647537723893,110.23630129236071,452.58309650156434,-15.535863492210096]
324.0,[-0.007445609869560117,0.0022645430298804925,0.04992827636477238,1.1695012918946482e-5,-31.88157476509694,-1.7423889473887826e-7,59.46519579698064,0.0,-15.1101092435016]
325.0,[-0.005854212125490544,-0.00037113689537244507,-0.004682408623064471,-1.7017294247329312e-6,51.396962954641126,0.0,56.91860713667705,0.0,-87.06015357508812]
326.0,[-0.008477807393028471,-0.00183516555319774,-0.018886476081220547,-1.557467588726765e-5,-19299.849421965606,6.016397945864413,111.20361747077445,483.67434611113595,-87.1605601194778]
327.0,[-0.0035849345486913026,0.009438221274667877,0.02057676758701276,6.739688882152153e-5,-23295.866680856332,5.643908642780481,110.37751144940083,453.7310760822123,-15.540765357680707]
328.0,[-0.007645527556211121,0.0022898980634995705,0.050890952251665636,1.1050736758142244e-5,26.423062721981857,2.6135834210831737e-6,59.452302167654985,0.0,-15.47437231313988]
329.0,[-0.006105366994084553,-0.0002826015395608687,-0.005460654162111812,-1.694726422985059e-6,48.30541631075294,0.0,56.91797387701742,0.0003005586789745831,-87.07804538405584]
330.0,[-0.01131295793970523,0.0018573425717038,0.0013784273669141319,0.0004976893282177776,-32097.21014350814,6.027849622982231,111.30776314234782,484.6027117587526,-87.16208514429087]
331.0,[-0.016722492228007216,0.00020394566551367423,0.10385035401550125,7.022610152766186e-5,13100.815346806683,5.642393809829621,110.34915259748938,453.6115567766704,-15.966791932248682]
332.0,[-0.00638436470340883,0.008227604778463233,0.04600713558298094,1.3347721331444307e-5,-52.507987529788444,0.0,59.43693140389209,-0.00029197128814673783,-15.908541430906256]
333.0,[-0.0058653333742843755,-0.0003710678080873795,-0.004686349874333507,-1.7227384299765477e-6,51.590184619884134,0.0,56.91865822155066,0.0,-87.05871024803288]
334.0,[-0.008180181591974528,-0.0018682583627441661,-0.01899420361590753,-1.557467588726765e-5,-15006.947074428994,6.010262645902867,111.14857689299077,483.1849163582937,-87.15892616432093]
335.0,[-0.018667942871177526,0.005469364009503907,0.05157743737655183,-8.664113762467418e-5,-2133.3604059480926,5.640858765166971,110.27992777442229,453.4888944860854,-17.527981619466328]
336.0,[-0.009138277175563037,0.00357830684268809,0.053212046075953305,2.0413750095047303e-5,37.388392224522775,0.0,59.416471430079156,0.0,-16.4867164631648]
337.0,[-0.005984661725925798,-0.00037296770842668367,-0.004768711920083875,-1.7717594422116525e-6,47.7257513150239,0.0,56.9196259425526,0.0,-87.03136873174125]
338.0,[0.003278861894386807,-0.009346197010960488,0.015047090998830394,-1.7353438331227175e-5,22493.513715934725,5.985406073657209,110.9259702188472,481.19320845402825,-87.13354539421753]
339.0,[-0.003270918145248356,0.018528933505455748,0.07446842686256265,7.500214871971067e-5,-14056.48970309862,5.625858190241112,110.1797166019823,452.28763873274147,-16.561497144177565]
340.0,[-0.00766885569951437,0.002294595998884032,0.050994940650533276,1.3053595258033677e-5,34.248540164323835,0.0,59.45205349034572,0.0,-15.481371087728473]
341.0,[-0.00588288905988035,-0.0003714477881552403,-0.004698072570415768,-1.7157354282286755e-6,57.5800562424175,0.0,56.918792198860686,0.0,-87.05492491858614]
342.0,[-0.005889283777936803,-0.0018497429703465832,-0.016179745978916436,-1.446820161110385e-5,6822.656999730745,6.009998848216233,111.14632723082093,483.163104385591,-87.16039672396211]
343.0,[-0.009555032734529942,0.0035879099753122097,0.04367977617975275,6.93157113004385e-5,-11011.992534697105,5.642530064645307,110.36531662259151,453.6220849178253,-15.53542777083493]
344.0,[-0.006807832730397726,0.002406241051550054,0.04549123589763661,1.4524225625086828e-5,-45.117258834243245,0.0,59.452288673537424,8.58739082784523e-6,-15.474780801929096]
345.0,[-0.005854887344167313,-0.0003709987208023139,-0.004706561419302923,-1.7017294247329312e-6,50.23763296318305,0.0,56.918592678693955,0.0,-87.06058929646328]
346.0,[-0.004869279909395971,0.010263745243916825,0.05239721764051132,-1.5854795957182537e-5,44349.00949323703,6.014373986863125,111.18729729945487,483.5207520387891,-87.12630152635542]
347.0,[-0.005905436067851652,0.007149774044154685,0.01277672815241596,-0.0006974289440705869,-8837.572524884872,5.616301186864685,110.12908860063975,451.5158212199164,-15.534011676365644]
348.0,[-0.009145135278985899,0.003596096818592484,0.053471360197910905,1.3571817387376216e-5,40.47993886841096,0.0,59.41630178974415,0.0,-16.49150939829162]
349.0,[-0.005857561739710591,-0.0003693751696032721,-0.0046723028505797634,-1.6597114142456983e-6,46.131672576769056,0.0,56.918549304744666,0.0,-87.06181476283093]
350.0,[-0.009278828576986019,0.0005403316564981186,-0.0023255403641809385,9.972274488969935e-6,-22745.28154574637,6.00893982421401,111.13907510649962,483.0814039492549,-87.09945019661085]
351.0,[-0.011669791151004425,-0.01883975720096592,0.020709759552911513,8.357382285910618e-5,34553.73378457517,5.59734747989499,109.94213531281268,449.98723130299663,-15.970550029109484]
352.0,[-0.009165458037198435,0.0036159939566913794,0.053673677763054754,1.3564814385628344e-5,40.09349553792494,0.0,59.41594805109105,0.0,-16.501503757334476]
353.0,[-0.005867848894844884,-0.0003708605462321827,-0.004685137181635342,-1.7437474352201641e-6,48.69185964123896,0.0,56.91863412491217,0.0,-87.05939106268158]
354.0,[0.0002751449909921287,-0.0019004530375847392,-0.018749239690878217,-1.680720419489315e-5,-4007.224115474821,6.007008908782513,111.12140552342434,482.92518213531474,-87.12597473532404]
355.0,[-0.01068701698675913,0.017307608480065934,0.05460977546831323,7.000200547172996e-5,27175.85432976863,5.611879700671791,110.08923854376303,451.1618661447743,-15.535482236006827]
356.0,[-0.008045535044077793,0.0029831198818478792,0.05355544022498367,1.0721595675992254e-5,27.872225211304446,0.0,59.43662682238152,0.0,-15.917255858409565]
357.0,[-0.005858462031279615,-0.00037092963351724825,-0.0046820043921650826,-1.7227384299765477e-6,48.595248808617455,0.0,56.918573401383156,0.0,-87.0611067155963]
358.0,[0.001957869370990087,-0.001905772758534791,-0.01957306226383159,-1.5014435747437879e-5,-32152.2783181024,6.011988307916361,111.16608261892429,483.3274842208176,-87.1238505936201]
359.0,[-0.004603667417369983,-0.004636240438897743,0.01706743703397316,7.855967360762972e-5,-15644.771791396175,5.614418012890346,110.12486108638227,451.3627252162376,-15.171382561884235]
360.0,[-0.007646467566525837,0.0006914946362216684,0.06148837056775438,3.126840280424913e-5,154.96377552489542,0.00258622791460917,59.45205734580788,0.10869060570803708,-15.481343855142525]
361.0,[-0.005775820561075936,-0.0003696860623860673,-0.004622178219055613,-1.694726422985059e-6,0.0,0.0,56.91790640642963,0.0,-87.07997889765815]
362.0,[-0.009514784405561793,-0.0018569280479934064,-0.01872983660770758,-1.630298806904635e-5,-19479.159127311123,6.029365501366459,111.32032809352441,484.71944874966636,-87.17651841484323]
363.0,[-0.005851789282003317,0.003672749161372776,0.05069762882403318,5.8853226689117504e-5,41755.97474567581,5.654370294498393,110.4571036102138,454.5746154832316,-15.966465141217308]
364.0,[-0.021227868989370773,0.002380506037863115,0.13189104304426943,9.902244471491212e-6,6.038177038844117,7.544544142193428e-5,59.45236674664615,0.00372692761928483,-15.472901753498695]
365.0,[-0.005864631676443812,-0.0003712405263000435,-0.0046921101646497905,-1.7157354282286755e-6,54.391898765907804,0.0,56.91867557113037,0.0,-87.05557850064888]
366.0,[-0.006423103720040673,-0.0018716436397123808,-0.01893336686554959,-1.3333715327948564e-5,-6502.778532920939,6.012606159037105,111.16960458360666,483.37162340967274,-87.1581091867425]
367.0,[-0.017121586184722967,-0.015335097404157765,0.04560472372263988,-0.00019042562352813937,-19944.533508048917,5.642502883377728,110.29480600289435,453.6223597143318,-17.52596640810619]
368.0,[-0.009125196468648388,0.0035523991107884872,0.053476210968703565,2.5070746257382277e-5,38.30619513442708,0.0,59.41649841831427,0.0,-16.48595395075826]
369.0,[-0.005984026225994722,-0.00037296770842668367,-0.004769621439607499,-1.7437474352201641e-6,45.84184007890454,0.0,56.91962497868706,0.0,-87.0313414991553]
370.0,[-0.007369230721593917,-0.0018078760755968247,0.08706466591840174,-1.5434615852310207e-5,35014.37423451451,5.98549842027142,110.92610708775385,481.1935004253164,-87.13763028210971]
371.0,[-0.02226651418922317,-0.01637251207670293,0.08080656524952164,0.00014818351698497458,31844.766037868143,5.62590593169827,110.14427526608453,452.28660824584216,-17.552109690616113]
372.0,[-0.00914015719619247,0.003545628556852058,0.05357787503989972,2.5035731248642916e-5,38.35450055073783,0.0,59.416231427559744,0.0,-16.49352460965176]
373.0,[-0.005985826809132771,-0.00037296770842668367,-0.004769217208708111,-1.7717594422116525e-6,46.566421323565834,0.0,56.9196307618803,0.0,-87.03125980139747]
374.0,[-0.009204845793343252,-0.0015717357352425774,-0.018623725996618146,-1.6835216201884636e-5,-16274.191365925286,5.985329060065734,110.92510081213032,481.1818730981355,-87.11666119092988]
375.0,[-0.0042081216686027404,0.014414094806948148,-0.0011554940259014797,5.990367695129833e-5,-12366.089964720131,5.57891056548709,110.07574635393716,451.1815140949884,-15.980462690394496]
376.0,[-0.008079547529972258,0.0025620674230155322,0.17610501035756382,1.3697871418837915e-5,-33.18582100548727,-1.5681500526499042e-6,59.43658344843223,7.728651745060707e-5,-15.918481324777217]
377.0,[-0.005726701712236517,-0.00035117066998848444,-0.004656537845503619,-1.694726422985059e-6,61.44448954727773,-1.7423889473887826e-7,56.9180365282775,0.0,-87.0762480333833]
378.0,[0.006661575069176956,8.553005891122245e-5,-0.002599002567617129,-1.805373850601439e-5,44540.97521765596,6.023740721366498,111.27027455604357,484.2686794303311,-87.16110477119675]
379.0,[-0.006897001314476832,-0.0004216397007554044,0.009988747639334796,6.886751918857468e-5,-6168.311830385285,5.640728434473707,110.34927597227848,453.4764255946034,-15.54425112868203]
380.0,[-0.007695334863309205,0.0022964268119382704,0.05115562243304013,1.2500358119951778e-5,40.43163345210021,5.749883526382982e-6,59.4523050592516,-0.0002833838973188926,-15.476087966054592]
381.0,[-0.005855390448279415,-0.00037103326444484666,-0.004680892757191765,-1.7227384299765477e-6,49.368135469589504,0.0,56.91859075096288,0.0,-87.06058929646328]
382.0,[-0.0037644632792202828,-0.0018634222527895736,0.016607422270469265,-1.726940231025271e-5,6211.690094232342,6.014410228553231,111.18617150450441,483.5181071224141,-87.16344677358826]
383.0,[-0.0033738426549188793,-0.007679673520607897,0.009102269276976237,4.914706626656671e-5,24938.73388958504,5.642494171432991,110.34977718235916,453.6185469128043,-15.973218822532372]
384.0,[-0.008073457322299447,0.002236286330288659,0.05367286930125598,1.3179649289495376e-5,31.59174226723242,8.711944736943912e-7,59.452254938243534,-0.0015629051306678319,-15.473991056936608]
385.0,[-0.005864605197280017,-0.0003711714390149779,-0.004688371028830449,-1.7017294247329312e-6,53.715622937557264,0.0,56.91867653499592,0.0,-87.05819282889988]
386.0,[-0.002576078408108096,0.00870865954437506,0.0009357945320839341,-1.5952837981652746e-5,12884.020638404023,6.01253611500142,111.16933084579335,483.3678793072718,-87.15870830363335]
387.0,[-0.01115204406132402,0.009260252428338873,0.011144039549786582,-2.3390025837892963e-6,-20502.94412060122,5.6425108983668855,110.2949235944902,453.622102092607,-17.53108613426438]
388.0,[-0.008073298447316676,0.0025555386745768323,0.052110011586495926,1.6050880006122955e-5,0.0,0.0,59.43679742658206,0.0,-15.912435690696798]
389.0,[-0.005983642278119697,-0.0003731404266393477,-0.004769621439607499,-1.7507504369680363e-6,58.88430248280783,0.0,56.9196500391911,0.0,-87.03068791709256]
390.0,[-0.004355213423483047,0.00540152029556948,0.013624804579332631,-1.476232768451448e-5,31319.00988674191,5.988538888984613,110.9529372489192,481.44217408890916,-87.15146443577122]
391.0,[-0.003197544382372869,-0.007069080095198055,0.017159399563584,4.3446622843798784e-5,27338.64358273587,5.6410476401288685,110.31623080611261,453.5028747583532,-16.55245592564288]
392.0,[-0.007429404621317678,0.0022695173144052162,0.049870976634784084,1.4426183600616619e-5,39.851968456371175,0.0,59.4652141104259,-5.1524344967071385e-5,-15.109564591782643]
393.0,[-0.005961240905549267,-0.0003730367957117493,-0.004758302974424626,-1.7157354282286755e-6,49.65796796745402,0.0,56.91947461566286,0.0,-87.03561701514911]
394.0,[-0.00867841353793814,-0.0018437323765458753,-0.01865101158232686,-1.5686723915233604e-5,35855.081699986855,5.997379073548085,111.03201856099611,482.1485385088444,-87.18142028031384]
395.0,[-0.015385982914626724,0.007295340953787921,0.021981672077836825,9.837816855410789e-5,-7480.963213213686,5.655955171484937,110.45104667916182,454.70521252294145,-16.551693413236343]
396.0,[-0.007468170117113317,0.0023204346434985692,0.0497235334142322,1.2185223041297531e-5,-35.74600806995717,0.0,59.452334939083336,0.0008845012552680587,-15.473446405217652]
397.0,[-0.0058820814453846085,-0.0003714477881552403,-0.004698072570415768,-1.7157354282286755e-6,57.62836165872825,0.0,56.91879123499515,0.0,-87.05495215117209]
398.0,[-0.009299164574780453,-0.0018638367764999672,-0.01896974764649454,-1.400600349574429e-5,-32012.868886629563,6.010075513329918,111.14691711653127,483.1697682008734,-87.16317444772879]
399.0,[-0.018155412176764703,0.01706815195002854,0.09364615130679248,4.3292556805345596e-5,-2743.457813952902,5.642554806568359,110.33019336232188,453.6243348142222,-16.543360241936302]
400.0,[-0.008023279306908234,0.0025349161199847486,0.05191234267669505,1.6338003077785712e-5,29.659525614802302,0.0,59.43688610221172,0.0,-15.909957525375544]
401.0,[-0.005959003416208603,-0.00037262227200135565,-0.004753957492256202,-1.7577534387159082e-6,44.24776134064969,0.0,56.91943895263788,0.0,-87.03662462082919]
402.0,[-0.011594272575861556,-0.00032920091333762117,-0.009320149731746535,9.154323884818468e-5,-24306.60921174253,5.993164583162141,110.99451069738105,481.81086512671186,-87.15642076641373]
403.0,[-0.011225735574165044,0.02961115581554483,0.037200359093457556,0.003295248466457742,41666.70633633354,5.640961217637078,110.28050609374615,453.4992165298605,-17.546009591363795]
404.0,[-0.008071193353794987,0.0025181969969988714,-0.07107217990362694,7.941403982087012e-6,0.0,0.0,59.43677814927126,0.0,-15.912980342415754]
405.0,[-0.0060784906428327954,-0.0003748676087659879,-0.004823990495575226,-1.792768447455269e-6,-57.435139993485244,1.7423889473887826e-7,56.92038064927025,8.58739082784523e-6,-87.01001838435815]
406.0,[-0.011555665955048687,-0.001878137844508548,0.006941250888846339,0.0015467529960525206,-9820.201303478209,5.972637498972954,111.02533897280541,482.0744636755634,-87.12259789466651]
407.0,[-0.022362871866272574,0.008522745660263509,0.10077557167930408,6.864342313264276e-5,1011.9018608776526,5.614812141270246,110.0994651571401,451.39192234505225,-15.983077018645488]
408.0,[-0.00912893003074346,0.0035764760296338517,0.05347176442881029,7.297127821282775e-6,38.934165546466865,0.0,59.41622949982867,0.0,-16.493551842237707]
409.0,[-0.005946213980095698,-0.00037179322458056837,-0.004739708353052764,-1.7577534387159082e-6,53.03934710920672,0.0,56.919296300537994,0.0,-87.04068227613541]
410.0,[-0.01006923161626184,-0.00024332541800107065,0.0018511754037487586,-1.6246964055063376e-5,-1771.8426702784177,5.992596912843082,110.99223019151393,481.76931932988674,-87.08648748569968]
411.0,[-0.004312529011445774,0.0044535736571842755,0.05444868945490699,0.00012160012235005193,-2613.9992982400845,5.581760765327228,109.81694460104372,448.7405654269551,-15.547954760370937]
412.0,[-0.009179756785647645,0.0035673565080051916,0.05333887352063638,2.007760601114944e-5,38.78924929753461,0.0,59.415740819999996,0.0,-16.507358763313263]
413.0,[-0.005855880312809619,-0.00037079145894711705,-0.004676648332748188,-1.736744433472292e-6,45.06895341793249,0.0,56.918550268610204,-8.58739082784523e-6,-87.06176029765903]
414.0,[-0.0004159876632168551,-0.0019362402512487242,-0.020138177061176446,-1.5518651873284674e-5,-19418.19769192695,6.008852356288851,111.13807846953148,483.0698453212006,-87.1101253703024]
415.0,[-0.003682642663094243,0.004345452056056599,0.03929831746128288,0.000457520110191983,-4393.860667626087,5.5972394517802515,109.94149337836319,449.9817010233035,-15.971475937031709]
416.0,[-0.009134596571795554,0.0036081180061939,0.05344296297722887,7.647277908676382e-6,38.596027632291595,0.0,59.41594612335997,0.0,-16.50155822250637]
417.0,[-0.007335602183574476,-0.0005967759683967201,-0.005955634898412796,-4.776047192048803e-5,-397.4569654048752,-0.0011456207329081246,56.91801146777347,0.0,-86.89792906059685]
418.0,[-0.0030913099772279917,-0.001878137844508548,-0.0095287328758309,-1.7297414317244196e-5,6237.775019040148,6.02061696646162,111.24262510916941,484.0193016006905,-87.15249927403724]
419.0,[-0.008500367640581671,-0.025850251278428337,0.06235302046154597,7.143061782829587e-5,36895.48375648785,5.638469601442312,110.29380743819513,453.29749871931443,-16.53873070232517]
420.0,[-0.009145678101843692,0.0035456631004945906,0.053278137828003294,1.3543805380384729e-5,38.499416799670094,0.0,59.41654661159126,0.0,-16.484619554046816]
421.0,[-0.005961055551402703,-0.00037248409743122446,-0.004751228933685331,-1.7577534387159082e-6,47.96727839657767,0.0,56.919413892133846,-8.58739082784523e-6,-87.03735990064978]
422.0,[-0.006648970987210614,-0.0017251785953732923,-0.0019281813900822314,-1.8964128733237767e-5,-15264.414943365307,5.990085084936526,110.96997453620038,481.56765304368565,-87.10201005968995]
423.0,[0.0023619149313354715,0.0035414833197481214,0.14411013467097922,7.122052777585972e-5,3417.7048148183917,5.597479552977202,109.94367556994526,450.0036160446962,-15.97588761595526]
424.0,[-0.012681917468316295,0.006892182101787566,0.05536497984609543,9.37001633865293e-6,112.64823083667585,0.00025264639737137347,59.38066960846952,0.0,-17.498216403025342]
425.0,[-0.005728489055792669,-0.0003683734039698208,-0.0045793297437204524,-1.736744433472292e-6,76.17764152205739,1.7423889473887826e-7,56.91738399130707,0.0,-87.09468449406998]
426.0,[-0.0019381953522905246,-0.0018703309812961343,-0.01919409579565505,-1.498642374044639e-5,6880.72011013627,6.0281057541574965,111.31042148350654,484.6194228213036,-87.14367591619013]
427.0,[-0.012968991322597996,-0.0024492824301459277,0.052009762323447624,7.059025761855122e-5,4480.713806152821,5.634515423965108,110.27777257107533,452.97701729361927,-15.963578487106837]
428.0,[-0.00912200572941111,0.0035564061733222925,0.053283089656520795,1.3536802378636856e-5,38.98247096277762,0.0,59.41654564772571,0.0,-16.484619554046816]
429.0,[-0.007648188712172502,-0.00020812544626014348,-0.0028915646810494175,-1.7297414317244198e-6,-52.12154419930242,0.0,56.91801146777347,0.0,-87.07698331320388]
430.0,[-0.001789408930927348,-0.0074703390468591055,0.02227676063439029,-1.7787624439595247e-5,3693.915185283277,6.020735448910043,111.24411331756282,484.02749397154025,-87.13588739660905]
431.0,[0.0008335905554251951,0.012364689582761958,0.0557480896809907,6.844733908370234e-5,-3742.027379928787,5.625577317142793,110.21302779503715,452.2630444454105,-15.547845830027144]
432.0,[-0.008053981897328345,0.0024928765070223262,0.05196327577001797,1.4027012500987905e-5,43.95792884278517,3.6241690105686674e-5,59.43651308624783,0.001786177292191808,-15.918508557363165]
433.0,[-0.005716136525882379,-0.0003686497531100832,-0.004574984261552028,-1.6737174177414426e-6,48.98169213910348,0.0,56.91737242492059,-1.717478165569046e-5,-87.09506575027325]
434.0,[-0.006110331837296084,-0.016730453300627845,-0.0623206819895949,-1.5784765939703813e-5,23804.329492943318,6.038287229732669,110.98601904197558,485.4404804331356,-87.17319603935759]
435.0,[-0.011244085634674866,-0.011314908286190048,0.06010489031459789,7.043619158009803e-5,12527.14022270018,5.652744297132689,110.44263406073061,454.4435890739803,-15.96254364884082]
436.0,[-0.007437110057981975,0.0022703463618260035,0.04995586512365563,1.3053595258033677e-5,-38.6926384649131,0.0,59.465352907063625,0.0,-15.105588634234259]
437.0,[-0.005869278769689805,-0.00037010058609646097,-0.004686147758883813,-1.7087324264808034e-6,58.64277540125406,1.7423889473887826e-7,56.91869099297901,0.0,-87.05781157269661]
438.0,[-0.010643564678971807,-0.0018491211847809926,0.015742368145778285,-1.3039589254537934e-5,-10172.444399216218,6.014567392036286,111.18748621710067,483.52978597393997,-87.15756453502354]
439.0,[-0.012675866979389175,0.0051093501670270245,0.05857790809215856,-6.102415723095787e-5,-7444.154485984892,5.643915263858481,110.37771964435743,453.73401296987544,-15.53695279564801]
440.0,[-0.007681711333536762,0.002474982900190334,0.05032371524209899,1.270344517064007e-5,-38.402805967048586,0.0,59.43698827195894,-8.58739082784523e-6,-15.907070871265073]
441.0,[-0.005379837906106078,-0.0003659898926350573,-0.004032809567747459,1.736744433472292e-5,50.91390879153359,1.8643561737059972e-5,56.917956527437696,0.0,-87.07853557060291]
442.0,[-0.0036321204185736982,-0.0019057036712497254,-0.019636526515035554,-1.5854795957182537e-5,10320.452194792366,6.025579987139362,111.28847233743464,484.4163653777884,-87.12472203637044]
443.0,[-0.0018760222757002525,0.011785047261061509,0.07752218919199164,8.008632798866584e-5,3381.9588067484347,5.614380725766873,110.09621307480889,451.3603379215875,-15.965375837779394]
444.0,[-0.009137548998558679,0.0036302259374148944,0.05337272785846016,1.2857511209093258e-5,37.919751803941054,0.0,59.41622371663543,0.0,-16.493715237753396]
445.0,[-0.01866063462197015,-0.00036965151874353454,-0.18639693117143985,-1.7227384299765477e-6,45.455396748418515,0.0,56.91801050390793,0.0,-87.07698331320388]
446.0,[0.006989466554448396,0.004193321854342131,-0.0015950951289862652,-1.6373018086525076e-5,44516.339455337475,6.020653556629515,111.24371042176719,484.0234922474145,-87.13757581693783]
447.0,[-0.0058704835716424705,0.005312190435979649,0.020079361465315446,6.864342313264276e-5,11120.77633222892,5.625614255788477,110.21271935806442,452.2594549160445,-15.536299213585261]
448.0,[-0.009113730990725225,0.003584524698343995,0.05346913692796427,6.925968728645551e-6,38.35450055073783,0.0,59.416463719154834,-0.00012881086241767846,-16.4873428126416]
449.0,[-0.005721127848257705,-0.000361291957250596,-0.004561038295523132,-1.7017294247329312e-6,68.88352365913369,0.0,56.91734736441656,8.58739082784523e-6,-87.09574656492194]
484.0,[0.0037074006812424136,-0.001843110590980285,-0.018839585296891503,-1.4510219621591084e-5,19036.198459741518,6.035159293094316,111.37370889484859,485.19287160600544,-87.17668181035891]
485.0,[-0.00440780104277959,0.028862664169144035,0.03162722768359095,-0.003915770445333197,11002.428062267574,5.65063530955077,110.43915643386308,454.27568840851427,-15.534883119115975]
486.0,[-0.007437335130874231,0.002277116915762433,0.049915644149166494,1.4328141576146408e-5,-45.89014549521529,0.0,59.46536736504672,0.0,-15.105234610616936]
487.0,[-0.0060172178578115475,-0.0003733476884945445,-0.004793673178121103,-1.7297414317244198e-6,74.8250898653563,0.0,56.919960403894905,0.0,-87.02191902441736]
488.0,[-0.005670565884991468,-0.0019269134677648671,0.03294724368554347,-1.4930399726463412e-5,10789.594398002397,5.9868783923177515,110.93999060698886,481.30496475826186,-87.08136775954148]
489.0,[-0.006229302720226277,0.006831350747287299,0.04210913702017948,-0.000858399942247176,-10841.474415120147,5.588703139849204,109.89214539045746,449.29515630139895,-15.179770198356168]
490.0,[-0.007768443834546744,0.002277427808545228,0.05161978056326275,1.2290268067515615e-5,-47.77405673133465,5.924122421121861e-6,59.45184336765805,-0.00038643258725303535,-15.487552884738632]
491.0,[-0.005846943595028862,-0.0003704114788792562,-0.004671999677405222,-1.7157354282286755e-6,46.03506174414755,0.0,56.918521352644014,0.0,-87.06257727523747]
492.0,[-0.007973273406081689,-0.0018683965373142973,-0.01924664581257553,-1.564470590474637e-5,37196.13666760598,6.015853275079459,111.19979863550584,483.6358059011006,-87.14345805550255]
493.0,[-0.007958762824322119,-0.02455016674806373,0.01477686264258931,5.439931757747082e-5,28364.65062517626,5.6297161878484205,110.2629097644519,452.5928861271081,-15.172308469806461]
494.0,[-0.007437282172546642,0.0022602941618489573,0.049935350405511676,1.3165643285999632e-5,-28.355279374411975,0.0,59.465216038156974,5.1524344967071385e-5,-15.109156102993426]
495.0,[-0.0053166586212916025,-0.00012173179628560094,-0.003820790461018292,-1.687723421237187e-6,-45.89014549521529,0.0,56.91792086441273,0.0,-87.07951594369703]
496.0,[-0.0028938813319737034,0.007285185122883277,0.017070468765718574,-1.449621361809534e-5,16725.170732602477,6.031313492209639,111.33838129508452,484.87915704428264,-87.1795139992975]
497.0,[-0.0024366391315644954,0.006685783837654063,0.019032201320450033,6.846134508719808e-5,35797.11520041395,5.655720645932619,110.41451810293519,454.68233571377607,-17.50880987895905]
498.0,[-0.008021743515408134,0.0023718010399448484,0.048849080921130446,1.3774904438064509e-5,39.65874679112816,0.0,59.43694586187519,0.0,-15.908241872460831]
499.0,[-0.0058176973586174675,-0.000370446022521789,-0.004655021979630913,-1.7157354282286755e-6,76.85391735040793,0.0,56.918326651804975,0.0,-87.06805102501299]
500.0,[-0.005491778571048743,-0.0018468413043738277,-0.018744793150984946,-1.4972417736950645e-5,8324.569003664676,6.017414455576319,111.21340070600323,483.76427326788513,-87.17450320348308]
501.0,[-0.00800110300723006,0.0076476170203374555,0.06950588622622209,6.082807318201745e-5,-1404.818117149317,5.652957217062061,110.44436516324006,454.46129627386733,-15.970441098765692]
502.0,[-0.00910503258541862,0.0033827207386673544,0.05319870645627349,1.3165643285999632e-6,38.6926384649131,0.0,59.41683673511873,0.0,-16.476368080504624]
503.0,[-0.007411067800389756,-0.00036978969331366573,-0.007197937509957915,-6.582821642999816e-7,-76.32255777098965,0.0,56.918008576176845,-3.434956331138092e-5,-87.07706501096173]
504.0,[-0.013231082085839271,-0.001879726852065057,-0.019347905652872303,-1.6106904020105934e-5,-15031.293004249614,6.020796432523201,111.24455669571113,484.03228573562217,-87.13752135176593]
505.0,[-0.00485103576554133,-0.01195286027648587,0.09625889772498882,6.882550117808744e-5,14769.477647845331,5.625659906378899,110.19793558841525,452.26594698351033,-15.97196612357877]
506.0,[-0.008185795174699032,0.002564830914418157,0.05303135486392673,1.8943119727994152e-5,-45.60031299735077,0.0,59.43674537784291,0.0,-15.91390625033798]
507.0,[-0.005866392540836168,-0.0003711023517299123,-0.00468624881660866,-1.7087324264808034e-6,52.073238782991666,0.0,56.91865629381958,0.0,-87.05871024803288]
508.0,[-0.0012332405745806372,-0.0018929916107976537,-0.009704573317064815,-1.5532657876780416e-5,15408.461694803971,6.010232676812972,111.14956967449676,483.1806226628798,-87.12951497149726]
509.0,[-0.013502281681425969,-0.025824205371958606,0.0822878693803301,5.876919066814304e-5,49420.98159503347,5.614474117814453,110.1251888006658,451.36681281427167,-15.175467449776411]
510.0,[-0.008543714031713815,-0.05184213149124117,-0.09619634299330847,0.0007284942598241478,-3121.882445331341,0.0177948440807869,59.35361679436447,0.3171065810998408,-17.256962924113445]
511.0,[-0.005924461347038242,-0.0003722422919334948,-0.004724549694325703,-1.7437474352201641e-6,56.42072625095943,-1.7423889473887826e-7,56.919171961883364,0.0,-87.04422251230864]
512.0,[0.03315882413288365,-0.011807707890563028,0.003993194939607405,0.004133955967789901,-19757.688157758923,6.104894228980078,111.0733240548379,482.4949023304947,-87.10337168898734]
513.0,[-0.005714256505252945,0.015517971447726429,0.023999794843032957,-4.130370430894991e-5,-16416.595733209386,5.602027536607675,110.00000772755223,450.36923279658254,-15.541310009399664]
514.0,[-0.026753951317115724,0.0025484226842150746,0.052174688530398056,1.0714592674244381e-5,-33.28243183810877,0.0,59.43651308624783,0.0,-15.920414838379514]
515.0,[-0.0058539605734344935,-0.00037082600258964984,-0.004678770544969977,-1.7227384299765477e-6,46.85625382143035,0.0,56.918573401383156,0.0,-87.0611067155963]
516.0,[-0.01672781453992998,-0.006224004424275541,-0.0192753462064321,-1.684922220538038e-5,-6650.303274333978,6.01191547605836,111.16504742733456,483.3251141009491,-87.1505929930209]
517.0,[-0.009616808623663292,-0.0032395718840114154,0.047526235302882205,-0.0030783094783121585,29630.25253251799,5.6279361632997675,110.19872595815787,452.4520700923131,-16.54984159739189]
518.0,[-0.009176923515121598,0.003561069565064221,0.05341072556300266,7.038016756611506e-6,37.7748355550088,0.0,59.41637889898733,0.0,-16.489330791415792]
519.0,[-0.005957904530911118,-0.00037255318471629003,-0.004751329991410177,-1.7717594422116525e-6,46.51811590725508,0.0,56.919414855999385,0.0,-87.03733266806383]
520.0,[0.004374357858906713,-0.0018746834802552677,-0.01953607513653756,-1.3599829394367706e-5,25724.46979129575,5.990046403901895,110.96799475638167,481.5610235779665,-87.11061555684947]
521.0,[0.002603616738454724,-0.007320005114556343,0.10825687504973319,-0.0002709321316216775,12380.388367948113,5.612094711467899,110.05501360617647,451.17758106998923,-16.551856808752028]
522.0,[-0.012840540899029251,0.0074016317418613585,0.05401777931615905,-2.598113648460566e-6,34.345150996945335,-2.108290626340427e-5,59.38113322779415,0.0,-17.491762280155704]
523.0,[-0.005879234935276663,-0.0003708605462321827,-0.004691301702851014,-1.7857654457073968e-6,50.62407629366908,0.0,56.918707378693185,0.0,-87.05732138614954]
524.0,[0.02142863400926321,0.008292063215429444,0.09946020433269452,-1.7423468348705896e-5,-11601.511835353533,5.999258762744528,111.05179322641025,482.3022871542261,-87.09814303248535]
525.0,[-0.014667656159200444,0.00045107088419335333,0.07600167466394252,6.404945398603863e-5,-20291.94606215585,5.592624908891986,109.91532442895812,449.61579230012904,-15.550460158278137]
526.0,[-0.009136344196606014,0.0035644893856749686,0.05332482649688264,1.390796147127408e-5,37.8714463876303,0.0,59.41591913512486,0.0,-16.502320734912914]
527.0,[-0.006191953859693663,-0.0003695824314584689,-0.004623593027203473,-1.736744433472292e-6,57.483445409796,0.0,56.917932430799205,0.0,-87.07924361783755]
528.0,[-0.008640468896220142,-0.0019225609688057338,-0.009595633089679666,-1.7521510373176105e-5,19543.405331004422,6.022377476254062,111.259066727547,484.1610622484765,-87.11878533263382]
529.0,[-0.007616916819730801,-0.0025032395997821675,0.07027594608955681,6.459568812237267e-5,17657.948321563115,5.611827429003369,110.1012675856995,451.1522654418288,-15.17797284768361]
530.0,[-0.007315623654491273,0.002330486843475615,0.04871952491787649,1.2843505205597514e-5,-43.37826384705614,-6.96955578955513e-6,59.452069876059895,0.0006955786570554636,-15.48202466979122]
531.0,[-0.005847102470011631,-0.00037089508987471546,-0.004674526120526399,-1.7087324264808034e-6,45.455396748418515,0.0,56.91852038877847,0.0,-87.06263174040937]
532.0,[0.004698462823755491,-0.0018516774143284202,-0.0189434726380343,-1.2395313093733696e-5,-32036.441929789213,6.01591948585946,111.19969646575862,483.63894888614357,-87.15538592814771]
533.0,[-0.01018129143744158,-0.0035161973734141086,0.044150705177540134,0.0048462312755659775,1857.3432571484504,5.64234746228362,110.32928540098341,453.61196897143014,-16.54379596331147]
534.0,[-0.007433336777141211,0.0022658902319392716,0.049954046084608385,1.2899529219580491e-5,42.653682602394845,0.0,59.4652141104259,-0.00010304868993414277,-15.109210568165322]
535.0,[-0.006255993717331471,-0.0003812236389920238,-0.00499568757009041,-2.093897522613771e-6,74.24542486962727,0.0,56.92020522574201,8.58739082784523e-6,-87.01617294878235]
536.0,[-0.019735317963747317,-0.0018621786816583926,0.03953640946102259,-1.628898206555061e-5,8693.912216776693,5.98185508498243,110.89317372999061,480.906801795138,-87.14340359033066]
537.0,[-0.022305094330872244,0.045014718719202616,0.06220284868242321,0.0003704727984659322,-29982.59223908862,5.63152443909802,110.19487049599874,452.73900916943467,-17.55379811094488]
538.0,[-0.01284716068997796,0.007167909456484408,0.05383345002603798,-2.226954555823342e-6,-49.802884216386275,-3.484777894777565e-6,59.38142045972501,0.0,-17.47702945115792]
539.0,[-0.005986435829900052,-0.000372207748290962,-0.004749005663738695,-1.792768447455269e-6,45.60031299735077,0.0,56.91958835179655,0.0,-87.03240357000728]
540.0,[-0.004127148385718135,0.011291418609267741,0.02258660361877143,0.00014524225625086828,-6536.012659342737,5.980057636544304,110.87825694689694,480.75975131460194,-87.11028876581808]
541.0,[-0.0011840158090860393,0.017148845898985167,-0.028243410824811417,6.972188540181508e-5,-29902.40524801277,5.607795540979112,110.03688329537319,450.8310283257407,-15.988033349287996]
542.0,[-0.01288940819581262,0.007404429776906515,0.05305712458376274,-9.356010335157185e-6,-29.224776868005527,0.0,59.38103105804693,0.0,-17.48803141588085]
543.0,[-0.005664237364844502,-0.0003641936232233515,-0.004530417804894467,-1.7297414317244198e-6,48.98169213910348,0.0,56.91682687702507,0.0,-87.11047939391972]
544.0,[-0.0017910241599188327,-0.0018683274500292317,-0.019437442797086812,-1.6120910023601676e-5,18987.6032109329,6.040351263679745,111.42114842898555,485.603520635393,-87.139046376579]
545.0,[7.083176315118316e-5,0.012092140243178135,-0.010844100222440457,8.332171479618277e-5,-2749.7375180733,5.621272919487164,110.15886819035683,451.91403570738527,-15.95698820130746]
546.0,[-0.009109520803681846,0.0035926769979817367,0.05321437040362478,7.437187856240217e-6,38.01636263656256,0.0,59.41633552503804,0.0,-16.490583490369396]
547.0,[-0.005864260968150684,-0.00037089508987471546,-0.0046832170848632474,-1.736744433472292e-6,54.10206626804329,0.0,56.91863219718108,0.0,-87.05944552785347]
548.0,[-0.0012020481196303218,-0.0018808322486261067,0.052077875229994554,-1.3921967474769824e-5,1973.2762562942576,6.007141678820305,111.12094479569633,482.93559005299807,-87.15119210991175]
549.0,[-0.027389570404428836,0.00724580537039588,0.12699722166082486,4.0575392127171205e-5,-30048.963881099593,5.63865777944863,110.2945939524756,453.3074085683298,-16.548479968094497]
550.0,[-0.008231259898934765,0.002608839515004949,0.05347722154595203,7.591253894693405e-6,-43.523180095988394,1.7423889473887826e-7,59.43684176439689,-0.04224996287299853,-15.911210224329144]
551.0,[-0.005879539445660304,-0.0003713441572276419,-0.004693120741898261,-1.7157354282286755e-6,57.72497249134976,0.0,56.918771957684356,0.0,-87.05549680289104]
552.0,[0.0037866263393165596,-0.0018572734844187345,0.0663346948205208,-1.969244091501647e-5,69909.1442582436,6.007724333684311,111.12602436709098,482.9803818835561,-87.15500467194444]
553.0,[-0.006954937724859931,0.0034792356759040088,0.11997957113199414,-0.002675776937844468,27332.46048944809,5.640872704278551,110.31438403973839,453.48714265835656,-16.560680166599127]
554.0,[-0.008154801313477178,0.0023506257870722397,0.05366084343199917,1.240931909722944e-5,47.53252964978089,0.0,59.457359570142216,0.0,-15.33039363123366]
555.0,[-0.005959599197393987,-0.000372207748290962,-0.00475193633775926,-1.7437474352201641e-6,46.469810490944326,0.0,56.91945822994868,0.0,-87.03610720169618]
556.0,[-0.01878254469208157,-0.001887671889847602,-0.019199148681897406,-1.616292803408891e-5,-31915.291945681845,5.995417840548904,111.01567911236573,481.9979500232873,-87.13719456073456]
557.0,[-0.01308682360148501,0.058267663526053094,0.09841890553587024,-0.006036699554693755,-29975.443037474626,5.629853139619685,110.21586927064841,452.61026700614366,-16.546737082593836]
558.0,[-0.007654437794828083,0.002294043300603507,0.05090904158441326,1.2542376130439011e-5,-41.44604719462602,0.0,59.45209493656393,0.0,-15.480227319118663]
559.0,[-0.0060905386623594454,-0.0003756275689017096,-0.004853398293505726,-1.7857654457073968e-6,-43.37826384705614,-5.227166842166348e-7,56.92017245431366,8.58739082784523e-6,-87.01590062292289]
560.0,[-0.007965329656943238,-0.0018788978046442696,0.00043737783313814975,-1.628898206555061e-5,-22647.511383133406,5.979884791560723,110.8747619704497,480.74278263032613,-87.15288053024051]
561.0,[-0.00917209106772904,0.041017812016302,0.047924806969679073,-1.0980706740663523e-5,-8825.20633830932,5.642749605652678,110.29570432557743,453.63846965952484,-17.55782853366516]
562.0,[-0.009114022261526968,0.00357485247843481,0.0534627702912989,7.605259898189149e-6,38.78924929753461,0.0,59.41649841831427,0.0,-16.485926718172315]
563.0,[-0.005986660902792308,-0.0003760075489695704,-0.004780232500716442,-1.7717594422116525e-6,46.17997799307981,0.0,56.9196307618803,0.0,-87.03120533622557]
564.0,[-0.013765458090382833,-0.0019314732285791972,-0.019078889989329384,-1.3165643285999632e-5,-31865.730588547012,5.9852335771514165,110.9259991348134,481.18479281101696,-87.09427600528076]
565.0,[0.0050387995160105035,0.009254794532818689,-0.021817756448134867,7.182278592617672e-5,997.6034576496696,5.5975806115361495,109.95957935135164,450.010108112162,-15.555089697889269]
566.0,[-0.009153979319693374,0.003758590113066794,0.05349056116563185,1.9349293829370737e-5,38.88586013015612,0.0,59.41599817209912,0.0,-16.50008766286519]
567.0,[-0.006122591690133093,-0.0004544561611615681,-0.004837936461604123,-1.7227384299765477e-6,54.34359334959706,0.0,56.91793339466474,0.0,-87.07918915266566]
568.0,[0.002362709306249317,-0.0018902281193950293,-0.01939014778185838,-1.6022867999131467e-5,-32031.901220656,6.022314401774166,111.25924215107523,484.15973979028905,-87.15113764473985]
569.0,[-0.009517167530303327,0.005447670601993306,0.09451443927867857,0.002185664857517888,30646.59849169623,5.625507273107107,110.21194055470826,452.2572908935559,-15.553619138248086]
570.0,[-0.007449330192073292,0.0022800531253777214,0.049962939164394926,1.0077319515188017e-5,-51.058825040465855,0.0,59.46516109782121,0.0,-15.111035151423826]
571.0,[-0.005934708783426842,-0.00037251864107375724,-0.0047392030644285285,-1.7227384299765477e-6,49.609662551143266,1.7423889473887826e-7,56.919262565244104,-8.58739082784523e-6,-87.04163541664359]
572.0,[-0.024584685541969572,-0.0018388962665912827,-0.01865262850592441,-1.672316817391868e-5,-31933.261560549443,6.002043100282456,111.07378092710375,482.52475210101227,-87.17575590243669]
573.0,[-0.008440418813750164,-0.008404951839226647,0.026355450409218325,-0.00015045248955128515,-30147.120487043045,5.655956216918306,110.41503859032667,454.6974666964147,-17.53288348493694]
574.0,[-0.007695175988326436,0.0022876181830924053,0.05117088214949204,1.1674003913702865e-5,31.59174226723242,-6.969555789555131e-7,59.452263613033395,2.5762172483535692e-5,-15.475461616577793]
575.0,[-0.005988448246348459,-0.00037331314485201174,-0.004782051539763689,-1.7507504369680363e-6,82.60226189138753,1.7423889473887826e-7,56.91967220809851,0.0,-87.03008880020171]
576.0,[0.022153024493198507,-0.0018858065331508304,-0.007706662096838101,-1.7199372292773987e-5,80430.45037405608,5.990726632546955,110.97394180676211,481.6224749467306,-87.14563666237838]
577.0,[-0.005543333502957286,0.010344715542013718,0.04396334415567365,1.596684398514849e-5,-11784.879195669151,5.629983818790739,110.21638397484666,452.61957573780103,-16.56078909694292]
578.0,[-0.012690046571601308,0.00722646093057751,0.054379565971111585,1.773860342736014e-5,44.102845091717434,0.0,59.38148985804387,0.0,-17.472971795851695]
579.0,[-0.005877632945867076,-0.00037082600258964984,-0.0046891794906292255,-1.7787624439595247e-6,48.98169213910348,0.0,56.918707378693185,0.0,-87.05734861873549]
580.0,[-0.014672872554468027,-0.001948054176994943,-0.020624062602241193,-2.1471203358975995e-5,-31954.12950039569,5.99943753185053,111.0522038331302,482.3094662129582,-87.08823037120034]
581.0,[0.011392633743563889,-0.048230455489866396,-0.04741163584290562,4.820866403235185e-5,1774.161330261334,5.592761860663251,109.901026447541,449.6224217658481,-15.97877427006573]
582.0,[-0.00915968557949116,0.0035635912509691158,0.053505214535734674,1.3179649289495376e-5,37.726530138698045,0.0,59.415873833444486,0.0,-16.50360066645246]
583.0,[-0.005869225811362216,-0.00037089508987471546,-0.004683621315762636,-2.619122653704182e-6,54.24698251697555,0.0,56.91863412491217,-0.0010734238534806538,-87.05936383009563]
584.0,[-0.008460701853217008,-0.0018977586334671807,-0.019685640569311234,-1.6190940041080397e-5,1954.1473114351993,6.007082089118303,111.1207019015803,482.9241516484154,-87.11943891469656]
585.0,[-0.004655301786769911,0.001156797501138537,0.002177793970454512,6.037988107015363e-5,-29903.56457800423,5.611932669295792,110.10226422266763,451.1621752908441,-15.176829079073803]
586.0,[-0.011872197879052143,0.0016733285879315537,0.07859087463224948,1.939131183985797e-5,-106.22361046734571,7.561968031667316e-5,59.44997925170411,0.004413918885512448,-15.48202466979122]
587.0,[-0.005711926338838999,-0.00036875338403768163,-0.004576095896525346,-1.687723421237187e-6,57.14530749562073,-5.227166842166348e-7,56.917324231643605,-2.5762172483535692e-5,-87.09637291439874]
588.0,[-0.00757145209549507,-0.0018308130542386066,-0.01851680692372994,-1.8670002659827137e-5,35936.621242719404,6.041956003900291,111.43429362721709,485.7451438849258,-87.17532018106152]
589.0,[0.005770259936679021,0.002086159659841093,0.005236609186125842,3.967900790344357e-5,24016.00382721704,5.66568188354484,110.53942736596653,455.4858235239742,-16.543741498139575]
590.0,[-0.007357460733287112,0.001842730610912424,0.05176570791794193,0.00019632915400159557,46.27658882570132,0.004496060439842015,59.43713477952098,0.0,-15.902604727169628]
591.0,[-0.005549397231466304,-0.00037431491048546306,-0.004436838351686074,-3.480491868692456e-6,-71.20218364204983,-2.8575178737176034e-5,56.920075103894135,-0.0006526417029162375,-87.02230028062063]
592.0,[0.0029964351333510984,-0.001901903870571117,-0.019803473876482926,-1.5294555817352765e-5,94756.19446767082,5.977739562288698,110.8573025100621,480.56916276256874,-87.09460279631213]
593.0,[-0.006863266859802213,-0.058720392505088016,-0.07422083543668732,4.337659282632006e-5,65107.10282279165,5.600261799648392,109.94842357159422,450.2269053810018,-16.550113923251367]
594.0,[-0.012903852579662702,0.008052813947247245,0.05505180195679434,2.8999430237938552e-5,27.872225211304446,0.0,59.38051442611761,0.001605842084807058,-17.4892568822485]
595.0,[-0.005878016893742101,-0.00037082600258964984,-0.004705651899779299,-1.7647564404637804e-6,48.88508130648197,0.0,56.918707378693185,0.0,-87.05734861873549]
596.0,[-0.002088173336024469,0.007326292057497313,-0.019055646712614557,-1.0896670719689057e-5,5995.281829160169,5.998974056390525,111.05368240286823,482.30130819167175,-87.08136775954148]
597.0,[-0.009470828993662367,-0.022696071278758015,0.01729602960757725,9.535287179902713e-5,-17958.408011016,5.5926186362917765,109.91501406425431,449.60691293801307,-15.535100979803557]
598.0,[-0.009158163027572956,0.003617099353252429,0.05324398031700498,1.3193655292991121e-5,37.8714463876303,0.0,59.41591817125932,0.0,-16.50234796749886]
599.0,[-0.005719645015085194,-0.0003685461221824848,-0.004572862049330239,-1.687723421237187e-6,69.801326569038,3.4847778947775653e-7,56.917348328282095,0.0,-87.09569209975005]
