201.0,[-0.4104776962776668,0.0,-0.023365866278860874,10.609240537936177,0.0]
202.0,[-0.35473325018150104,0.0,-0.01987107367540375,10.341506140321142,0.0]
203.0,[2.00699711664735,0.0,-0.4144528809035819,-4.940730491398425,0.0]
204.0,[-0.0025086895523903268,0.0,0.017555681353087493,4.2430083150672235,0.0]
205.0,[0.042596089618503655,0.0,-0.03409970380137869,-2.6096562540563655,0.0]
206.0,[-0.0016408800244486579,0.0,0.01498300742734197,2.683184637438292,0.0]
207.0,[-0.0034352372798214974,0.0,0.005624366157993185,0.7258331417385002,0.0]
208.0,[-0.003013174894779998,0.0,0.011423733070614617,1.7360089069976916,0.0]
209.0,[-0.0030037009916365296,0.0,0.011491589901879706,1.7561892680835927,0.0]
210.0,[-0.0018161472326028159,0.0,0.014706937889741312,2.64163067716557,0.0]
211.0,[-0.002552743202007453,0.0,0.012860859044394601,2.0890510654680834,0.0]
212.0,[-0.0029871216611354607,0.0,0.011530480274283644,1.766841251082951,0.0]
213.0,[-0.0035692930093015694,0.0,0.007596779501758041,1.0269772587889745,0.0]
214.0,[-0.0035441871659713793,0.0,0.006894940914511002,0.9138759082816249,0.0]
215.0,[-0.003397341667247625,0.0,0.005418131128938816,0.6933798128253935,0.0]
216.0,[-0.0033523406273161522,0.0,0.005140066150488565,0.6534577323691336,0.0]
217.0,[-0.0035399239095568187,0.0,0.008335649207917111,1.1464559671973498,0.0]
218.0,[-0.0035418186901855124,0.0,0.008320591623108461,1.1453238357717053,0.0]
219.0,[-0.003470290721452329,0.0,0.009166421695757284,1.292963247578882,0.0]
220.0,[-0.0034693433311379822,0.0,0.009187501130251501,1.2972572941786589,0.0]
221.0,[-0.0027749062307217773,0.0,0.01219797596263561,1.9150202016741482,0.0]
222.0,[-0.003429079242778243,0.0,0.009505699930893268,1.3575288448919307,0.0]
223.0,[-0.00293548888900356,0.0,0.0033279275631533287,0.40849243987395306,0.0]
224.0,[-0.003475027673024063,0.0,0.006012808029254302,0.7791044254190637,0.0]
225.0,[-0.0035598191061581015,0.0,0.007845060897201014,1.0649609786620808,0.0]
226.0,[-0.0035295026160990037,0.0,0.008527697067014136,1.1804393314681267,0.0]
227.0,[-0.0034887648325820915,0.0,0.009035551566209204,1.269660761712051,0.0]
228.0,[-0.0028270126980108517,0.0,0.012049508057998537,1.8799075481486698,0.0]
229.0,[-0.0019795720618276387,0.0,0.014301437071632488,2.5024903038683983,0.0]
230.0,[-0.0025011104298755522,0.0,0.012991285084732834,2.122268464669711,0.0]
231.0,[-0.0030434913848390952,0.0,0.01134301541583227,1.7258978838678254,0.0]
232.0,[-0.0031870210174626355,0.0,0.010773959502330399,1.6037200604538762,0.0]
233.0,[-0.003321076746942708,0.0,0.010162501951072045,1.4809269070307587,0.0]
234.0,[-0.0035385028240852985,0.0,0.006639228426289871,0.8753583339663842,0.0]
235.0,[-0.0035081863340262007,0.0,0.0063166834725810386,0.8252276491778805,0.0]
236.0,[-0.0035186076274840157,0.0,0.008682157215389452,1.2063921417393428,0.0]
237.0,[-0.0035257130548416167,0.0,0.008630992217225261,1.1986827530563458,0.0]
238.0,[-0.0034518166103225663,0.0,0.00580663221209458,0.7501199661419377,0.0]
239.0,[-0.0034437637926506186,0.0,0.005732907482070004,0.7386148581645101,0.0]
240.0,[-0.0035361343482994316,0.0,0.00844989855863787,1.1661432116246335,0.0]
241.0,[-0.003304971111598812,0.0,0.0048407204171022995,0.6120643547546932,0.0]
242.0,[0.004825058870968253,0.0,-0.008763348565328974,-0.8701339500779188,0.0]
243.0,[0.01436101608002597,0.0,-0.017093656860348954,-1.5323441478661453,0.0]
244.0,[0.0010255500152804111,0.0,-0.004303567872436058,-0.45236703272166773,0.0]
245.0,[-0.003553661069114847,0.0,0.007431151990052362,0.9947910939445136,0.0]
246.0,[-0.002736063227833559,0.0,0.012311662800357226,1.9400478853034047,0.0]
247.0,[-0.0015603518477291798,0.0,0.015561827382271076,2.9995376849001327,0.0]
248.0,[-0.0025110580281761936,0.0,0.01663103432747448,3.9048112891274886,0.0]
249.0,[-0.003837404468261714,0.0,0.01662224136111945,4.252469902136605,0.0]
250.0,[-0.002748379301920067,0.0,0.016587655693456327,3.9601355676192416,0.0]
251.0,[-0.0016806704176512235,0.0,0.015253741973234963,2.8938131890754444,0.0]
252.0,[-0.0017237766769540028,0.0,0.015020731325421366,2.7779018788957424,0.0]
253.0,[-0.0015864050813737167,0.0,0.015589544470155186,3.0297774363437684,0.0]
254.0,[-0.002919856948816838,0.0,0.011800391774841046,1.8330297280044758,0.0]
255.0,[0.00021363651588520344,0.0,-0.0031332151687972027,-0.3365570933056005,0.0]
256.0,[0.003163809954761139,0.0,-0.006958167375614721,-0.7066911204371231,0.0]
257.0,[-0.00014968766966679442,0.0,-0.0025846169648957584,-0.2783115367795593,0.0]
258.0,[-0.0022031561760134837,0.0,0.001273251134155847,0.1515848187712739,0.0]
259.0,[-0.0026313765980982375,0.0,0.0023810464711004897,0.28694510471420165,0.0]
260.0,[-0.003559345411000928,0.0,0.007277639231991392,0.9722190460100439,0.0]
261.0,[-0.0031884421029341557,0.0,0.010763402021514898,1.5978997680576865,0.0]
262.0,[-0.002908488265044676,0.0,0.011790432334161476,1.8222346890676513,0.0]
263.0,[-0.0033589723595165797,0.0,0.009970347510564656,1.4446887538118363,0.0]
264.0,[-0.003553661069114847,0.0,0.0070466062614589955,0.9384445813035804,0.0]
265.0,[-0.0034049207897623997,0.0,0.009648228882497278,1.3804059525076202,0.0]
266.0,[-0.0029217517294455315,0.0,0.011740966717373643,1.8097940331548061,0.0]
267.0,[-0.0027313262762618247,0.0,0.012343210897824974,1.9531706622425795,0.0]
268.0,[-0.003292655037512304,0.0,0.010315114688334386,1.51232200096274,0.0]
269.0,[-0.0032523909491525647,0.0,0.010495124769249742,1.5461983101279957,0.0]
270.0,[-0.0033859729834754635,0.0,0.009820796028255549,1.4151126492834007,0.0]
271.0,[-0.0026669037348862426,0.0,0.01252804082696457,1.9957729098981263,0.0]
272.0,[-0.002712378469974889,0.0,0.012405691289056147,1.9696183054899543,0.0]
273.0,[-0.003231548362236935,0.0,0.01059650737526378,1.5686490921022291,0.0]
274.0,[-0.00324054857022323,0.0,0.010527389330642716,1.552913412676086,0.0]
275.0,[-0.0033656040917170076,0.0,0.009910608630055625,1.4321997809929596,0.0]
276.0,[-0.003369867348131568,0.0,0.009868402391551475,1.4236941107507541,0.0]
277.0,[-0.0035067652485546805,0.0,0.006296752748842968,0.8232476034208956,0.0]
278.0,[-0.002542321908549638,0.0,0.0021308288467025704,0.2562302370279212,0.0]
279.0,[-0.0033078132825418525,0.0,0.004891275532751631,0.6179187532021994,0.0]
280.0,[-0.0035612401916296217,0.0,0.007535193210136034,1.014144856981147,0.0]
281.0,[-0.0032452855217949637,0.0,0.004553258510971622,0.5720570091701422,0.0]
282.0,[-0.0035015546018257733,0.0,0.008878699257290162,1.2399240745253335,0.0]
283.0,[-0.00307617635068406,0.0,0.011215099959827057,1.6936008743565858,0.0]
284.0,[-0.0019937829165428407,0.0,0.014261853920061185,2.487382744220667,0.0]
285.0,[-0.0015669835799296075,0.0,0.015969821021144526,3.2325492801040427,0.0]
286.0,[-0.001642301109920178,0.0,0.01531832438672609,2.909727451575842,0.0]
287.0,[-0.0019487818766113678,0.0,0.014401943341605754,2.5484662084333345,0.0]
288.0,[-0.0028753296040425385,0.0,0.011940522644711868,1.8624983037322331,0.0]
289.0,[-0.00302880683496672,0.0,0.011397431147012565,1.736351862291485,0.0]
290.0,[-0.0035621875819439684,0.0,0.007174865146453158,0.9593028001593968,0.0]
291.0,[-0.0027976435982661006,0.0,0.002874778933422325,0.3497712934101097,0.0]
292.0,[-0.0020691004465334113,0.0,0.00095505233351408,0.11397910763359201,0.0]
293.0,[-0.0030728604845838463,0.0,0.003841099290487667,0.47483155185545906,0.0]
294.0,[-0.0029463838776185485,0.0,0.003362750078395038,0.4122687376669394,0.0]
295.0,[-0.003153388661303324,0.0,0.004147917564978343,0.5161927181992116,0.0]
296.0,[-0.0031443884533170294,0.0,0.010912396912014326,1.6263660048328648,0.0]
297.0,[-0.003092755681185129,0.0,0.011161086869530362,1.6840502325976556,0.0]
298.0,[-0.0026299555126267173,0.0,0.01263358602917227,2.0239302974308275,0.0]
299.0,[-0.002593954680681539,0.0,0.0127359752373953,2.052276689331241,0.0]
300.0,[-0.0024504250480579986,0.0,0.013132706773906952,2.1565649414393797,0.0]
301.0,[-0.001722829286639656,0.0,0.014982444914342826,2.7514265828661637,0.0]
302.0,[-0.002382212945425029,0.0,0.013322445369112756,2.214397435788366,0.0]
303.0,[-0.002942120621203988,0.0,0.011693532068572193,1.8039945833455322,0.0]
304.0,[-0.002363265139138093,0.0,0.013340499075790529,2.2114245249819455,0.0]
305.0,[-0.002534742786034864,0.0,0.012895077598310916,2.0947349336590073,0.0]
306.0,[-0.0035688193141443962,0.0,0.00784593131205232,1.0685657988081705,0.0]
307.0,[-0.003036385957481494,0.0,0.0036914885962839135,0.4559429574631697,0.0]
308.0,[-0.003397341667247625,0.0,0.005440986920272432,0.6959590829562027,0.0]
309.0,[-0.003130651293759001,0.0,0.011000279206048921,1.6455122893906564,0.0]
310.0,[-0.0035347132628279114,0.0,0.008450905160846863,1.1689607504195008,0.0]
311.0,[-0.002736063227833559,0.0,0.0026831573999667553,0.3255559969754055,0.0]
312.0,[-0.0034262370718352027,0.0,0.005618107460729031,0.7212719310700776,0.0]
313.0,[-0.003171862772433087,0.0,0.01081090180340046,1.606435281094794,0.0]
314.0,[-0.003012227504465651,0.0,0.01144862575112408,1.7460422441217813,0.0]
315.0,[-0.0033537617127876724,0.0,0.009972846252518746,1.444860231458733,0.0]
316.0,[-0.0033134976244279333,0.0,0.01017106991222742,1.4819472463993102,0.0]
317.0,[-0.003395920581776105,0.0,0.009704154516991064,1.3928901883749252,0.0]
318.0,[-0.0035195550177983623,0.0,0.006387666691883473,0.8369009189361045,0.0]
319.0,[-0.0025167423700622744,0.0,0.0020629305671112283,0.24783967470890877,0.0]
320.0,[-0.0019236760332811778,0.0,0.0006320514482164679,0.07604749422777482,0.0]
321.0,[-0.00115913204960331,0.0,-0.0008907363735488616,-0.09675886758486739,0.0]
322.0,[-0.0028971195812725146,0.0,0.003178636613180667,0.3879620180669007,0.0]
323.0,[-0.0033239189178857482,0.0,0.01011257448150597,1.4661357757480191,0.0]
324.0,[-0.0023509490650515845,0.0,0.013373030090709411,2.2173997156945306,0.0]
325.0,[-0.0019042545318370683,0.0,0.014485663039446688,2.568791993932488,0.0]
326.0,[-0.0016854073692229574,0.0,0.015113243989617331,2.810420104045382,0.0]
327.0,[-0.0022041035663278303,0.0,0.013761039715139608,2.3419616468345335,0.0]
328.0,[-0.0029160673875594507,0.0,0.011786767117882846,1.8258788259117862,0.0]
329.0,[-0.003109335011686198,0.0,0.011103473696039146,1.672957713102126,0.0]
330.0,[-0.0035560295449007144,0.0,0.007095130409121945,0.9465750849813047,0.0]
331.0,[-0.0035361343482994316,0.0,0.006701288413069051,0.883796265801114,0.0]
332.0,[-0.003372235823917435,0.0,0.005247020595788854,0.6689001944929865,0.0]
333.0,[-0.0033381297726009502,0.0,0.005072582354159749,0.6438952482312742,0.0]
334.0,[-0.003538976519242472,0.0,0.008290677773932961,1.1388185801782431,0.0]
335.0,[-0.003546555641757246,0.0,0.00830244909858872,1.142211658589076,0.0]
336.0,[-0.0034731328923953693,0.0,0.009153187837303753,1.2905819820237714,0.0]
337.0,[-0.0028454868091406143,0.0,0.01200182471923957,1.8689443474310488,0.0]
338.0,[-0.0015186666738979207,0.0,0.015750583060025747,3.0934240650519005,0.0]
339.0,[-0.0017877255231724119,0.0,0.014856513056808279,2.715575438590652,0.0]
340.0,[-0.003447079658750832,0.0,0.009422809199577387,1.345211823415108,0.0]
341.0,[-0.003342393029015511,0.0,0.005065216394465703,0.6438275098237984,0.0]
342.0,[-0.003481185710067317,0.0,0.006035379603493615,0.7828551436735627,0.0]
343.0,[-0.0032523909491525647,0.0,0.0045921192774282344,0.5771241262664261,0.0]
344.0,[-0.003297865684241211,0.0,0.00484223032041579,0.6115025522982857,0.0]
345.0,[-0.003213547946264346,0.0,0.004412535522154334,0.5522963419934966,0.0]
346.0,[-0.00354987150785746,0.0,0.008172780970501966,1.1187168524884326,0.0]
347.0,[-0.0030851765586703546,0.0,0.011171620665588005,1.6837068036087048,0.0]
348.0,[-0.002851644846183868,0.0,0.011994192306019613,1.8695558878789595,0.0]
349.0,[-0.0018336739534182316,0.0,0.014668604109147054,2.6292056531929116,0.0]
350.0,[-0.002511531723333367,0.0,0.012990894286228166,2.1231410111492246,0.0]
351.0,[-0.003000385125536316,0.0,0.01151745957865084,1.76416676822555,0.0]
352.0,[-0.003185126236833942,0.0,0.010780283332678664,1.6051861469653277,0.0]
353.0,[-0.003312076538956413,0.0,0.010221453313382275,1.4924495417290016,0.0]
354.0,[-0.0033504458466874585,0.0,0.00995923935912894,1.4412520954465433,0.0]
355.0,[-0.003521449798427056,0.0,0.006417225269691093,0.8414701824221992,0.0]
356.0,[-0.0034972913454112127,0.0,0.006232525606719719,0.8125401980881481,0.0]
357.0,[-0.0035242919693700965,0.0,0.008621453180997682,1.1958410558084627,0.0]
358.0,[-0.0035280815306274835,0.0,0.008607295616987662,1.1945597104083086,0.0]
359.0,[-0.0034617642086232077,0.0,0.009255938238084127,1.3092953092079065,0.0]
360.0,[-0.0034617642086232077,0.0,0.009271540572323527,1.312509330849328,0.0]
361.0,[-0.003481185710067317,0.0,0.006033780882338155,0.7837802703155223,0.0]
362.0,[-0.0034721855020810226,0.0,0.005967090525397604,0.7730117583074994,0.0]
363.0,[-0.0035276078354703104,0.0,0.008514575711160433,1.177315311906568,0.0]
364.0,[-0.0035295026160990037,0.0,0.008535560406623215,1.1821290020937643,0.0]
365.0,[-0.003462237903780381,0.0,0.009223407223165244,1.3033565930224236,0.0]
366.0,[-0.0034589220376801673,0.0,0.0092500940240825,1.308602766888119,0.0]
367.0,[-0.002776801011350471,0.0,0.012212476955634582,1.9185354934355319,0.0]
368.0,[-0.0027640112421067893,0.0,0.012263997225166653,1.9347747108137505,0.0]
369.0,[-0.0032557068152527786,0.0,0.010476709870014627,1.5443769522486641,0.0]
370.0,[-0.002491162831574911,0.0,0.013003222202693603,2.1180217875856515,0.0]
371.0,[-0.0026526928801710405,0.0,0.012577020906216301,2.0128098299210246,0.0]
372.0,[-0.0031903368835628494,0.0,0.01078214258617057,1.6067422355566423,0.0]
373.0,[-0.0024594252560442933,0.0,0.013098215845275263,2.1437585928651965,0.0]
374.0,[-0.0026266396465265034,0.0,0.012655074025739548,2.032591813379743,0.0]
375.0,[-0.003176599724004821,0.0,0.010822211275277976,1.615092060092138,0.0]
376.0,[-0.0035650297528870088,0.0,0.007467046240587176,1.0056391867389416,0.0]
377.0,[-0.0033589723595165797,0.0,0.009929112347132712,1.4335654441310905,0.0]
378.0,[-0.0028980669715868617,0.0,0.011837345918290037,1.8319492293509634,0.0]
379.0,[-0.0035152917613838017,0.0,0.006346804563387802,0.8315604797341316,0.0]
380.0,[-0.00354987150785746,0.0,0.006981378438316218,0.926915314873137,0.0]
381.0,[-0.0035228708838985763,0.0,0.008623093350479394,1.1964658597207742,0.0]
382.0,[-0.0029312256325889994,0.0,0.011704136918903412,1.8004380801054745,0.0]
383.0,[-0.00281422292876717,0.0,0.0121079679615832,1.8969141516815093,0.0]
384.0,[-0.003556976935215061,0.0,0.007058584827746017,0.9413293848107664,0.0]
385.0,[-0.0035583980206865813,0.0,0.007123635015204854,0.9494380985112607,0.0]
386.0,[-0.0035067652485546805,0.0,0.008815650431870381,1.2300636361336121,0.0]
387.0,[-0.003503449382454467,0.0,0.00884808670775783,1.2366404196958076,0.0]
388.0,[-0.003456079866737127,0.0,0.009318874560904078,1.3208615238606094,0.0]
389.0,[-0.0034617642086232077,0.0,0.005891115743376456,0.7627320997016794,0.0]
390.0,[-0.003473606587552543,0.0,0.005979507259705012,0.7748065892580294,0.0]
391.0,[-0.0030103327238369575,0.0,0.01144904615557607,1.7416548795760414,0.0]
392.0,[-0.0029857005756639405,0.0,0.011538876520944541,1.7666460886781956,0.0]
393.0,[-0.003319181966314014,0.0,0.010185251160995298,1.4860290775686733,0.0]
394.0,[-0.002570269922822869,0.0,0.012801120163885571,2.065031878828449,0.0]
395.0,[-0.0026796935041299244,0.0,0.01250037110859618,1.9933859600011294,0.0]
396.0,[-0.002430056156299542,0.0,0.013173746538086561,2.167192765985722,0.0]
397.0,[-0.0032296535816082415,0.0,0.010619238821618637,1.5741359031077686,0.0]
398.0,[-0.0031012821940142503,0.0,0.0039255769005800785,0.4875649513754372,0.0]
399.0,[-0.0026493770140708266,0.0,0.002432116730233247,0.2935384676068982,0.0]
400.0,[-0.003159073003189405,0.0,0.004182959164230246,0.5207880349189508,0.0]
401.0,[-0.0035612401916296217,0.0,0.007587335204561896,1.0223118351859737,0.0]
402.0,[-0.0032007581770206643,0.0,0.004346987954780465,0.5438280936687078,0.0]
403.0,[-0.0034977650405683862,0.0,0.008887959997612901,1.2414721102989763,0.0]
404.0,[-0.0030865976441418748,0.0,0.011174841792656784,1.6850255709262756,0.0]
405.0,[-0.002792906646694367,0.0,0.012153519672134887,1.9069455940249704,0.0]
406.0,[-0.002597744241938926,0.0,0.012725832239842324,2.0488580313819207,0.0]
407.0,[-0.0032557068152527786,0.0,0.010474738113922893,1.544477849317142,0.0]
408.0,[-0.003225390325193681,0.0,0.010642041322247072,1.5759392605711278,0.0]
409.0,[-0.003528555225784657,0.0,0.006543299235772793,0.8608784204019078,0.0]
410.0,[-0.00040832522548347083,0.0,-0.002170228441400468,-0.23544780939725263,0.0]
411.0,[0.0010553928101823353,0.0,-0.004333736332758539,-0.4563872835205984,0.0]
412.0,[-0.000345797464736582,0.0,-0.00227713551718504,-0.24618221535395907,0.0]
413.0,[2.7948014273230605e-5,0.0,-0.002861154276464125,-0.3072950486663709,0.0]
414.0,[-0.0026304292077838905,0.0,0.0023811471313213892,0.2866935725857426,0.0]
415.0,[-0.0026176394385402087,0.0,0.002345122614618352,0.28254258192343207,0.0]
416.0,[-0.003559345411000928,0.0,0.007531326673415606,1.0127062447888115,0.0]
417.0,[-0.002399739666240445,0.0,0.013232230126429084,2.174904049449348,0.0]
418.0,[-0.0015674572750867808,0.0,0.015579525817580969,3.012629197958934,0.0]
419.0,[-0.0016536697936923397,0.0,0.016183806887208146,3.392415711308179,0.0]
420.0,[-0.002028362663016499,0.0,0.014216562741845944,2.4915545774698935,0.0]
421.0,[-0.0026683248203577628,0.0,0.012544815556717975,2.0075432871635708,0.0]
422.0,[-0.003046807250939309,0.0,0.011336004727506104,1.7237667293557022,0.0]
423.0,[-0.0024594252560442933,0.0,0.013102846215436633,2.14591485322065,0.0]
424.0,[-0.002576427959866123,0.0,0.0127948140971057,2.0682549006778568,0.0]
425.0,[-0.003569766704458743,0.0,0.00772367651317533,1.0484024907479275,0.0]
426.0,[-0.0035636086674154886,0.0,0.007460426350765678,1.0032195518760998,0.0]
427.0,[-0.003485922661639051,0.0,0.0090060403579173,1.2638224688998887,0.0]
428.0,[-0.003494922869625346,0.0,0.008944738283389597,1.2538076058869287,0.0]
429.0,[-0.0034428164023362715,0.0,0.009377026562636578,1.3315111383841818,0.0]
430.0,[-0.0034475533539080057,0.0,0.009372455404369855,1.3309531254890314,0.0]
431.0,[-0.002761169071163749,0.0,0.012250769287902585,1.9278132867839302,0.0]
432.0,[-0.002750274082548761,0.0,0.012293182768038,1.9418640325360075,0.0]
433.0,[-0.002493531307360778,0.0,0.01301341849095176,2.1237994474176953,0.0]
434.0,[-0.0024826363187457896,0.0,0.013045996875386361,2.1338668905931018,0.0]
435.0,[-0.003566450838358529,0.0,0.007695089010439915,1.0438976498032084,0.0]
436.0,[-0.0035612401916296217,0.0,0.007579655421826223,1.0224198376818092,0.0]
437.0,[-0.0034887648325820915,0.0,0.009001392224187537,1.2630754516370264,0.0]
438.0,[-0.0034925543938394785,0.0,0.008977044293108824,1.259536948812941,0.0]
439.0,[-0.002787695999965459,0.0,0.012155485507037156,1.90472349004267,0.0]
440.0,[-0.0019790983666704656,0.0,0.014293609259160197,2.500172987159506,0.0]
441.0,[-0.0024930576122036046,0.0,0.013019464025395186,2.1297500059821077,0.0]
442.0,[-0.0022419991789017026,0.0,0.013655145162753495,2.3041119826909076,0.0]
443.0,[-0.002394055324354364,0.0,0.01327263040214651,2.1967911341865447,0.0]
444.0,[-0.0031192826099868394,0.0,0.011073630901137221,1.668498820587653,0.0]
445.0,[-0.0031680732111756997,0.0,0.010875087497197455,1.624306851984632,0.0]
446.0,[-0.0035441871659713793,0.0,0.006789591111555637,0.8988000862094243,0.0]
447.0,[-0.0004940640489318563,0.0,-0.0020334371223877197,-0.22092384218315902,0.0]
448.0,[0.0009758120237772041,0.0,-0.0042241647217148666,-0.4455330326891271,0.0]
449.0,[0.009819700608204583,0.0,-0.013453913538796769,-1.2580135451874714,0.0]
450.0,[0.01102714956383958,0.0,-0.014478747090151955,-1.3360965075056204,0.0]
451.0,[0.001889569981964693,0.0,-0.005431430120476459,-0.5622979415420558,0.0]
452.0,[-0.003113124572943585,0.0,0.004012973657078571,0.49701327498041786,0.0]
453.0,[-0.002792906646694367,0.0,0.012131421793052748,1.8940951918011704,0.0]
454.0,[-0.0016385115486627908,0.0,0.015218629319709484,2.8435891863409775,0.0]
455.0,[-0.002448530267429305,0.0,0.016630507341612127,3.885765901638175,0.0]
456.0,[-0.007106374747915348,0.0,0.01627984265913559,4.78188439956284,0.0]
457.0,[-0.005517601190755764,0.0,0.016439922016312874,4.546903653590561,0.0]
458.0,[-0.0016418274147630045,0.0,0.015605063907742078,3.074958480434967,0.0]
459.0,[-0.002156260355453317,0.0,0.013887297238094714,2.383280654309298,0.0]
460.0,[-0.003445658573279312,0.0,0.009394772367462187,1.338849623759112,0.0]
461.0,[-0.0032083372995354385,0.0,0.004370163490345173,0.5473793862620367,0.0]
462.0,[1.9895196601282802e-5,0.0,-0.002843361102122799,-0.30587870014642243,0.0]
463.0,[0.006969950542649409,0.0,-0.010897866313068032,-1.051441718876352,0.0]
464.0,[0.004058146411504518,0.0,-0.007961649117760317,-0.7968476249213077,0.0]
465.0,[-0.0017701988023569961,0.0,0.0002987003237346168,0.037326230994949576,0.0]
466.0,[-0.0033802886415893827,0.0,0.005314078066476213,0.677160016948619,0.0]
467.0,[-0.003553661069114847,0.0,0.007102579265468497,0.9454879545955918,0.0]
468.0,[-0.003043017689681922,0.0,0.011327863091992185,1.716283766957834,0.0]
469.0,[-0.00210510127847859,0.0,0.013979140807881171,2.3975587737368182,0.0]
470.0,[-0.0018275159163749775,0.0,0.014710668239104052,2.6512997427137934,0.0]
471.0,[-0.0022798947914755745,0.0,0.013572106401700998,2.284625111315108,0.0]
472.0,[-0.0035295026160990037,0.0,0.008646292570801961,1.2047086291507487,0.0]
473.0,[-0.00314723062426007,0.0,0.0041311132292776165,0.5147863172775639,0.0]
474.0,[-0.0034437637926506186,0.0,0.005729029102970648,0.737669362630792,0.0]
475.0,[-0.0031870210174626355,0.0,0.004305888978706207,0.5379230098393842,0.0]
476.0,[-0.0032793915731114485,0.0,0.004738633189541967,0.5970576921754399,0.0]
477.0,[-0.003191284273877196,0.0,0.004325026263056013,0.5403644346794559,0.0]
478.0,[-0.0035479767272287663,0.0,0.00814482703503927,1.1140069015406575,0.0]
479.0,[-0.0022798947914755745,0.0,0.01352817709706263,2.2580323388865504,0.0]
480.0,[-0.002038783956474314,0.0,0.01416490036376672,2.461938208853098,0.0]
481.0,[-0.0016745123806079691,0.0,0.015138947873083453,2.819455365473307,0.0]
482.0,[-0.0016404063292914843,0.0,0.015297854834746735,2.8934934448443523,0.0]
483.0,[-0.001857832406434075,0.0,0.016418013615293603,3.5913927831643373,0.0]
484.0,[-0.001613879400489774,0.0,0.015589165514029446,3.0460952871180775,0.0]
485.0,[-0.0033158661002138006,0.0,0.010255772527519488,1.5053799984343639,0.0]
486.0,[-0.003450395524851046,0.0,0.005768683308815525,0.7451115872451433,0.0]
487.0,[-0.0026147972675971683,0.0,0.0023363178058843914,0.28170745736133534,0.0]
488.0,[-0.0032779704876399283,0.0,0.004732315280383167,0.5958587697326341,0.0]
489.0,[-0.0030534389831397366,0.0,0.0037651777991717004,0.4652226455921966,0.0]
490.0,[-0.003214495336578693,0.0,0.004420985059520414,0.553280680530103,0.0]
491.0,[-0.0035565032400578876,0.0,0.00790889131963013,1.0748649970082622,0.0]
492.0,[-0.0032197059833076,0.0,0.004428025353793904,0.5549551929107109,0.0]
493.0,[-0.003489238527739265,0.0,0.00897898052206377,1.257555955665642,0.0]
494.0,[-0.00307617635068406,0.0,0.01119280076030312,1.6889321348874846,0.0]
495.0,[-0.0027924329515371933,0.0,0.01217464647614482,1.9119643942152225,0.0]
496.0,[-0.0018298843921608445,0.0,0.014675324659189453,2.632173353352603,0.0]
497.0,[-0.0024916365267320844,0.0,0.013039525015301479,2.136145364299106,0.0]
498.0,[-0.002187997930983935,0.0,0.013791255544977806,2.3446114975437617,0.0]
499.0,[-0.0023902657630969766,0.0,0.013283004326088607,2.2000364197083395,0.0]
500.0,[-0.0031050717552716374,0.0,0.011131516449343811,1.6807878940502023,0.0]
501.0,[-0.003564082362572662,0.0,0.007782509451696266,1.0570649540871575,0.0]
502.0,[-0.002765906022735483,0.0,0.002772448937093941,0.33680578326311655,0.0]
503.0,[-0.003392131020518718,0.0,0.005392877255872008,0.6888858668692894,0.0]
504.0,[-0.0035612401916296217,0.0,0.007697469328604711,1.0405974156431814,0.0]
505.0,[-0.0035399239095568187,0.0,0.008365521608766358,1.1526338994372052,0.0]
506.0,[-0.003403973399448053,0.0,0.005462551892302751,0.7001223896925997,0.0]
507.0,[-0.003429079242778243,0.0,0.005629884706574255,0.723575984314569,0.0]
508.0,[-0.0035422923853426855,0.0,0.008359351729344175,1.1506803806090222,0.0]
509.0,[-0.0035370817386137783,0.0,0.008444835941645579,1.1664771667104408,0.0]
510.0,[-0.0034413953168647513,0.0,0.005688344610158917,0.7328064081472498,0.0]
511.0,[-0.002305474329962938,0.0,0.0015080855083245601,0.18009558289122649,0.0]
512.0,[-0.001796252036001533,0.0,0.0003591142198426193,0.044373867543375425,0.0]
513.0,[-0.002964857988748311,0.0,0.003447239530866379,0.42291835219051177,0.0]
514.0,[-0.003552239983643327,0.0,0.007098357457380189,0.9442582419675696,0.0]
515.0,[-0.0035574506303722346,0.0,0.007872049678780968,1.0698220383649943,0.0]
516.0,[-0.0029302782422746527,0.0,0.01171272264362718,1.8016502660126812,0.0]
517.0,[-0.002052047420875169,0.0,0.014107008894370665,2.438542878735461,0.0]
518.0,[-0.0018000415972589203,0.0,0.01478326794313034,2.6787844831233083,0.0]
519.0,[-0.0016460906711775651,0.0,0.015276704345978942,2.881797911413741,0.0]
520.0,[-0.002968647550005698,0.0,0.011651509386941447,1.7983268207899525,0.0]
521.0,[-0.0022112089936854313,0.0,0.0012843711279704926,0.1535222319641131,0.0]
522.0,[-0.0006920686246303375,0.0,-0.0017081921062829983,-0.18585713708792656,0.0]
523.0,[0.002638008330298665,0.0,-0.006338426080295298,-0.6493323212453105,0.0]
524.0,[-0.00039885132234000287,0.0,-0.002199502802113784,-0.23789918183562497,0.0]
525.0,[-0.0034655537698805947,0.0,0.009118803490082428,1.2796557295284097,0.0]
526.0,[-0.0018464637226619134,0.0,0.014603157201994085,2.59818430473994,0.0]
527.0,[-0.001996625087485881,0.0,0.016519490960339077,3.689359573399997,0.0]
528.0,[-0.0018275159163749775,0.0,0.016328846423145176,3.5392588415561472,0.0]
529.0,[-0.002474583501073842,0.0,0.01659045049488365,3.8752475006731397,0.0]
530.0,[-0.008979839094536144,0.0,0.01600627186348902,4.995934925015414,0.0]
531.0,[-0.010382924150083756,0.0,0.01573765710342438,5.123213024186649,0.0]
532.0,[-0.0022547889481453844,0.0,0.01643622719408692,3.742629909690246,0.0]
533.0,[-0.0026953254443166466,0.0,0.01248212792385554,2.0007647094644194,0.0]
534.0,[-0.003560292801315275,0.0,0.007212008767965017,0.965851635707319,0.0]
535.0,[-0.0029871216611354607,0.0,0.003498043336473226,0.4303790509159928,0.0]
536.0,[-0.0020866271673488273,0.0,0.0009914972546691085,0.11830015485732776,0.0]
537.0,[0.0019369394976820329,0.0,-0.005483169474018723,-0.5686511409900655,0.0]
538.0,[0.0028255916125393315,0.0,-0.006566830042705382,-0.6702241724572862,0.0]
539.0,[0.00029084882650446764,0.0,-0.003258205557206869,-0.3478869340748739,0.0]
540.0,[-0.0022353674467012748,0.0,0.0013456080694140837,0.16020986019308717,0.0]
541.0,[-0.0035006072115114266,0.0,0.006274465391697959,0.8175092602868971,0.0]
542.0,[-0.0032343905331799756,0.0,0.010550754344270294,1.5541317566203359,0.0]
543.0,[-0.0021609973070250512,0.0,0.013838370449548165,2.352930531894041,0.0]
544.0,[-0.002653640270485387,0.0,0.01259287785160268,2.0184344862173016,0.0]
545.0,[-0.003110756097157718,0.0,0.011120538564076318,1.6775511350412367,0.0]
546.0,[-0.003567871923830049,0.0,0.007452142606704608,1.0033990823406687,0.0]
547.0,[-0.002757379509906362,0.0,0.002752630715955699,0.3342587244029952,0.0]
548.0,[-0.0033750779948604754,0.0,0.005282198382398444,0.6730933440242854,0.0]
549.0,[-0.003558871715843755,0.0,0.007689949417984584,1.0393307547928996,0.0]
550.0,[-0.003269443974810807,0.0,0.004675815290511309,0.5889930321245628,0.0]
551.0,[-0.002158155136082011,0.0,0.001170104013681339,0.13953117180183955,0.0]
552.0,[-0.0016190900472186813,0.0,-8.307428818928505e-6,0.0022282620193436737,0.0]
553.0,[-0.0035598191061581015,0.0,0.0072309684166308825,0.9641790181073397,0.0]
554.0,[-0.003283654829526009,0.0,0.010326785352769246,1.5102997963367668,0.0]
555.0,[-0.0029170147778737974,0.0,0.011769595668435311,1.817013621045286,0.0]
556.0,[-0.0026796935041299244,0.0,0.012505214641578277,1.9928611057669814,0.0]
557.0,[-0.0025371112618207308,0.0,0.012889772212550573,2.091718442898127,0.0]
558.0,[-0.0017422507880837654,0.0,0.014933038509449641,2.731127324295812,0.0]
559.0,[-0.002408739874226739,0.0,0.013249596975128952,2.194008175138151,0.0]
560.0,[-0.0029549103904476697,0.0,0.01166380769745956,1.7972041632674516,0.0]
561.0,[-0.003562661277101142,0.0,0.0077918412462925826,1.0588934173938467,0.0]
562.0,[-0.0028521185413410417,0.0,0.0030339701121799107,0.37021739747918514,0.0]
563.0,[-0.003493028088996652,0.0,0.008948504159889126,1.2515717647450704,0.0]
564.0,[-0.003566450838358529,0.0,0.00782927500608821,1.0635863153159637,0.0]
565.0,[-0.003460816818308861,0.0,0.005870095520776886,0.7592144394645097,0.0]
566.0,[-0.0034873437471105713,0.0,0.008992664390916616,1.2606534482983986,0.0]
567.0,[-0.0030037009916365296,0.0,0.011481393613621549,1.751365156602939,0.0]
568.0,[-0.0027848538290224188,0.0,0.012185192114581394,1.9148828300785679,0.0]
569.0,[-0.003305918501913159,0.0,0.010220760534214909,1.4935916207529467,0.0]
570.0,[-0.003260917461981686,0.0,0.010435018774993903,1.534121925791017,0.0]
571.0,[-0.0026849041508588316,0.0,0.01247525342288706,1.98358047024764,0.0]
572.0,[-0.0026550613559569074,0.0,0.012551174914203028,2.0054268172013203,0.0]
573.0,[-0.0032367590089658425,0.0,0.01058313732945256,1.5661143493161942,0.0]
574.0,[-0.0024598989512014664,0.0,0.013086207673040917,2.140213458308911,0.0]
575.0,[-0.014604021695655924,0.0,0.015180485017178096,5.496508492797147,0.0]
576.0,[-0.14022702998772726,0.0,-0.0012291678785913973,8.711514472755272,0.0]
577.0,[-0.13945964383310636,0.0,-0.001329721518080381,8.682180426452152,0.0]
578.0,[-0.01083340824455566,0.0,0.015481180781762305,5.122691012123444,0.0]
579.0,[-0.002561269714836574,0.0,0.012907979870154426,2.1216076599254543,0.0]
580.0,[-0.0027100099941890217,0.0,0.012416852731197045,1.973532448573678,0.0]
581.0,[-0.0015887735571595838,0.0,0.016187460261107844,3.3622005920127167,0.0]
582.0,[-0.0016356693777197504,0.0,0.016099068744779288,3.341877174989349,0.0]
583.0,[-0.002666430039729069,0.0,0.01255379207994641,2.015706002111983,0.0]
584.0,[0.00984575384184912,0.0,-0.01344297710185553,-1.2615984701369596,0.0]
585.0,[0.05672736354730053,0.0,-0.04115364049539494,-2.9561836830301518,0.0]
586.0,[0.0725004648908604,0.0,-0.04821638791933462,-3.277520950935771,0.0]
587.0,[0.11862510973514871,0.0,-0.0660777802844829,-3.9804542476910374,0.0]
588.0,[0.07812038423556562,0.0,-0.05062991803583827,-3.378065116521611,0.0]
589.0,[0.04935192995011069,0.0,-0.03771975916796085,-2.777346234476378,0.0]
590.0,[0.01799188945976008,0.0,-0.019772580609848472,-1.717387950369205,0.0]
591.0,[0.001547562078485498,0.0,-0.005005619622503825,-0.5208965111099435,0.0]
592.0,[-0.0028578028832271225,0.0,0.00308117383459224,0.37506708849832643,0.0]
593.0,[-0.003438079450764538,0.0,0.009386109667275377,1.3299668921717964,0.0]
594.0,[-0.003562661277101142,0.0,0.007823365659002473,1.0628113500388279,0.0]
595.0,[-0.0034797646245957967,0.0,0.006025597798497984,0.7821431798523311,0.0]
596.0,[-0.0034911333083679583,0.0,0.008994961812428908,1.26114088061513,0.0]
597.0,[-0.0035257130548416167,0.0,0.008565296620114776,1.1874812836746664,0.0]
598.0,[-0.0034485007442223523,0.0,0.009362454515364032,1.3286268085721529,0.0]
599.0,[-0.002822749441596291,0.0,0.012065175525322047,1.8839301674233864,0.0]
